LTspice 26.0.1 for Windows
Circuit: C:\Users\bubba\OneDrive\Documents\led-driver\BOOST_split_boards\mc7812_lowbatt_2026-10-01\sim\G_7812typ_hold12p3_R50m.net
Start Time: Thu Oct  1 16:02:39 2026
Options:gmin=100f reltol=0.001
solver = Normal
Maximum thread count: 32
tnom = 27
temp = 27
method = trap
gmin = 1e-13
C69: Increased Cpar to 6.8e-10
C86: Increased Cpar to 2.2e-10
C40: Increased Cpar to 6.8e-10
C70: Increased Cpar to 2.2e-10
C71: Increased Cpar to 2.2e-10
C78: Increased Cpar to 2.2e-10
C74: Increased Cpar to 2.2e-10
C85: Increased Cpar to 6.8e-10
C77: Increased Cpar to 2.2e-10
C87: Increased Cpar to 2.2e-10
C75: Increased Cpar to 2.2e-10
C88: Increased Cpar to 2.2e-10
Per .tran options, skipping operating point for transient analysis.
Warning: Simulation tolerance relaxed to achieve convergence from 5.0288067194498194e-03 to 5.0288067194498923e-03 seconds.
Warning: Simulation tolerance relaxed to achieve convergence from 5.0288067194498923e-03 to 5.0288067194499027e-03 seconds.
Warning: Simulation tolerance relaxed to achieve convergence from 5.0288067194499027e-03 to 5.0288067194499235e-03 seconds.
Warning: Simulation tolerance relaxed to achieve convergence from 5.0288067194499235e-03 to 5.0288067194499547e-03 seconds.
Warning: Simulation tolerance relaxed to achieve convergence from 5.0288067194499547e-03 to 5.0288067194500172e-03 seconds.
Warning: Simulation tolerance relaxed to achieve convergence from 5.0288067194500172e-03 to 5.0288067194500380e-03 seconds.
Warning: Simulation tolerance relaxed to achieve convergence from 5.0288067194500380e-03 to 5.0288067194500692e-03 seconds.
Warning: Simulation tolerance relaxed to achieve convergence from 5.0288067194500692e-03 to 5.0288067194501213e-03 seconds.
Warning: Simulation tolerance relaxed to achieve convergence from 5.0288067194501213e-03 to 5.0288067194501733e-03 seconds.
Warning: Simulation tolerance relaxed to achieve convergence from 5.0288067194501733e-03 to 5.0288067194502462e-03 seconds.
Warning: Simulation tolerance relaxed to achieve convergence from 5.0288067194502462e-03 to 5.0288067194502670e-03 seconds.
Warning: Simulation tolerance relaxed to achieve convergence from 5.0288067194502670e-03 to 5.0288067194502878e-03 seconds.
Warning: Simulation tolerance relaxed to achieve convergence from 5.0288067194502878e-03 to 5.0288067194503398e-03 seconds.
Warning: Simulation tolerance relaxed to achieve convergence from 5.0288067194503398e-03 to 5.0288067194504335e-03 seconds.
Warning: Simulation tolerance relaxed to achieve convergence from 5.0288067194504335e-03 to 5.0288067194504543e-03 seconds.
Warning: Simulation tolerance relaxed to achieve convergence from 5.0288067194504543e-03 to 5.0288067194504751e-03 seconds.
Warning: Simulation tolerance relaxed to achieve convergence from 5.0288067194504751e-03 to 5.0288067194505272e-03 seconds.
Warning: Simulation tolerance relaxed to achieve convergence from 5.0288067194505272e-03 to 5.0288067194506000e-03 seconds.
Warning: Simulation tolerance relaxed to achieve convergence from 5.0288067194506000e-03 to 5.0288067194506104e-03 seconds.
Warning: Simulation tolerance relaxed to achieve convergence from 5.0288067194506104e-03 to 5.0288067194506313e-03 seconds.
Warning: Simulation tolerance relaxed to achieve convergence from 5.0288067194506313e-03 to 5.0288067194506417e-03 seconds.
Warning: Simulation tolerance relaxed to achieve convergence from 5.0288067194506417e-03 to 5.0288067194506521e-03 seconds.
Warning: Simulation tolerance relaxed to achieve convergence from 5.0288067194506521e-03 to 5.0288067194506729e-03 seconds.
Warning: Simulation tolerance relaxed to achieve convergence from 5.0288067194506729e-03 to 5.0288067194507249e-03 seconds.
Warning: Simulation tolerance relaxed to achieve convergence from 5.0288067194507249e-03 to 5.0288067194507770e-03 seconds.
Warning: Simulation tolerance relaxed to achieve convergence from 5.0288067194507770e-03 to 5.0288067194507978e-03 seconds.
Warning: Simulation tolerance relaxed to achieve convergence from 5.0288067194507978e-03 to 5.0288067194508290e-03 seconds.
Warning: Simulation tolerance relaxed to achieve convergence from 5.0288067194508290e-03 to 5.0288067194508498e-03 seconds.
Warning: Simulation tolerance relaxed to achieve convergence from 5.0288067194508498e-03 to 5.0288067194508707e-03 seconds.
Warning: Simulation tolerance relaxed to achieve convergence from 5.0288067194508707e-03 to 5.0288067194509227e-03 seconds.
Warning: Simulation tolerance relaxed to achieve convergence from 5.0288067194509227e-03 to 5.0288067194509747e-03 seconds.
Warning: Simulation tolerance relaxed to achieve convergence from 5.0288067194509747e-03 to 5.0288067194510372e-03 seconds.
Warning: Simulation tolerance relaxed to achieve convergence from 5.0288067194510372e-03 to 5.0288067194510580e-03 seconds.
Warning: Simulation tolerance relaxed to achieve convergence from 5.0288067194510580e-03 to 5.0288067194511100e-03 seconds.
Warning: Simulation tolerance relaxed to achieve convergence from 5.0288067194511100e-03 to 5.0288067194511309e-03 seconds.
Warning: Simulation tolerance relaxed to achieve convergence from 5.0288067194511309e-03 to 5.0288067194511517e-03 seconds.
Warning: Simulation tolerance relaxed to achieve convergence from 5.0288067194511517e-03 to 5.0288067194511621e-03 seconds.
Warning: Simulation tolerance relaxed to achieve convergence from 5.0288067194511621e-03 to 5.0288067194511933e-03 seconds.
Warning: Simulation tolerance relaxed to achieve convergence from 5.0288067194511933e-03 to 5.0288067194512454e-03 seconds.
Warning: Simulation tolerance relaxed to achieve convergence from 5.0288067194512454e-03 to 5.0288067194513078e-03 seconds.
Warning: Simulation tolerance relaxed to achieve convergence from 5.0288067194513078e-03 to 5.0288067194513598e-03 seconds.
Warning: Simulation tolerance relaxed to achieve convergence from 5.0288067194513598e-03 to 5.0288067194513807e-03 seconds.
Warning: Simulation tolerance relaxed to achieve convergence from 5.0288067194513807e-03 to 5.0288067194514431e-03 seconds.
Warning: Simulation tolerance relaxed to achieve convergence from 5.0288067194514431e-03 to 5.0288067194514743e-03 seconds.
Warning: Simulation tolerance relaxed to achieve convergence from 5.0288067194514743e-03 to 5.0288067194515472e-03 seconds.
Warning: Simulation tolerance relaxed to achieve convergence from 5.0288067194515472e-03 to 5.0288067194515992e-03 seconds.
Warning: Simulation tolerance relaxed to achieve convergence from 5.0288067194515992e-03 to 5.0288067194516305e-03 seconds.
Warning: Simulation tolerance relaxed to achieve convergence from 5.0288067194516305e-03 to 5.0288067194516929e-03 seconds.
Warning: Simulation tolerance relaxed to achieve convergence from 5.0288067194516929e-03 to 5.0288067194517345e-03 seconds.
Warning: Simulation tolerance relaxed to achieve convergence from 5.0288067194517345e-03 to 5.0288067194517554e-03 seconds.
Warning: Simulation tolerance relaxed to achieve convergence from 5.0288067194517554e-03 to 5.0288067194518074e-03 seconds.
Warning: Simulation tolerance relaxed to achieve convergence from 5.0288067194518074e-03 to 5.0288067194518490e-03 seconds.
Warning: Simulation tolerance relaxed to achieve convergence from 5.0288067194518490e-03 to 5.0288067194519011e-03 seconds.
Warning: Simulation tolerance relaxed to achieve convergence from 5.0288067194519011e-03 to 5.0288067194519635e-03 seconds.
Warning: Simulation tolerance relaxed to achieve convergence from 5.0288067194519635e-03 to 5.0288067194519843e-03 seconds.
Warning: Simulation tolerance relaxed to achieve convergence from 5.0288067194519843e-03 to 5.0288067194519948e-03 seconds.
Warning: Simulation tolerance relaxed to achieve convergence from 5.0288067194519948e-03 to 5.0288067194520156e-03 seconds.
Warning: Simulation tolerance relaxed to achieve convergence from 5.0288067194520156e-03 to 5.0288067194520780e-03 seconds.
Warning: Simulation tolerance relaxed to achieve convergence from 5.0288067194520780e-03 to 5.0288067194520884e-03 seconds.
Warning: Simulation tolerance relaxed to achieve convergence from 5.0288067194520884e-03 to 5.0288067194521092e-03 seconds.
Warning: Simulation tolerance relaxed to achieve convergence from 5.0288067194521092e-03 to 5.0288067194521509e-03 seconds.
Warning: Simulation tolerance relaxed to achieve convergence from 5.0288067194521509e-03 to 5.0288067194521717e-03 seconds.
Warning: Simulation tolerance relaxed to achieve convergence from 5.0288067194521717e-03 to 5.0288067194522341e-03 seconds.
Warning: Simulation tolerance relaxed to achieve convergence from 5.0288067194522341e-03 to 5.0288067194522550e-03 seconds.
Warning: Simulation tolerance relaxed to achieve convergence from 5.0288067194522550e-03 to 5.0288067194523174e-03 seconds.
Warning: Simulation tolerance relaxed to achieve convergence from 5.0288067194523174e-03 to 5.0288067194523382e-03 seconds.
Warning: Simulation tolerance relaxed to achieve convergence from 5.0288067194523382e-03 to 5.0288067194523590e-03 seconds.
Warning: Simulation tolerance relaxed to achieve convergence from 5.0288067194523590e-03 to 5.0288067194524215e-03 seconds.
Warning: Simulation tolerance relaxed to achieve convergence from 5.0288067194524215e-03 to 5.0288067194524631e-03 seconds.
Warning: Simulation tolerance relaxed to achieve convergence from 5.0288067194524631e-03 to 5.0288067194524735e-03 seconds.
Warning: Simulation tolerance relaxed to achieve convergence from 5.0288067194524735e-03 to 5.0288067194525152e-03 seconds.
Warning: Simulation tolerance relaxed to achieve convergence from 5.0288067194525152e-03 to 5.0288067194525360e-03 seconds.
Warning: Simulation tolerance relaxed to achieve convergence from 5.0288067194525360e-03 to 5.0288067194525880e-03 seconds.
Warning: Simulation tolerance relaxed to achieve convergence from 5.0288067194525880e-03 to 5.0288067194525984e-03 seconds.
Warning: Simulation tolerance relaxed to achieve convergence from 5.0288067194525984e-03 to 5.0288067194526193e-03 seconds.
Warning: Simulation tolerance relaxed to achieve convergence from 5.0288067194526193e-03 to 5.0288067194526817e-03 seconds.
Warning: Simulation tolerance relaxed to achieve convergence from 5.0288067194526817e-03 to 5.0288067194526921e-03 seconds.
Warning: Simulation tolerance relaxed to achieve convergence from 5.0288067194526921e-03 to 5.0288067194527025e-03 seconds.
Warning: Simulation tolerance relaxed to achieve convergence from 5.0288067194527025e-03 to 5.0288067194527233e-03 seconds.
Warning: Simulation tolerance relaxed to achieve convergence from 5.0288067194527233e-03 to 5.0288067194527442e-03 seconds.
Warning: Simulation tolerance relaxed to achieve convergence from 5.0288067194527442e-03 to 5.0288067194527858e-03 seconds.
Warning: Simulation tolerance relaxed to achieve convergence from 5.0288067194527858e-03 to 5.0288067194527962e-03 seconds.
Warning: Simulation tolerance relaxed to achieve convergence from 5.0288067194527962e-03 to 5.0288067194528170e-03 seconds.
Warning: Simulation tolerance relaxed to achieve convergence from 5.0288067194528170e-03 to 5.0288067194528378e-03 seconds.
Warning: Simulation tolerance relaxed to achieve convergence from 5.0288067194528378e-03 to 5.0288067194528795e-03 seconds.
Warning: Simulation tolerance relaxed to achieve convergence from 5.0288067194528795e-03 to 5.0288067194529003e-03 seconds.
Warning: Simulation tolerance relaxed to achieve convergence from 5.0288067194529003e-03 to 5.0288067194529211e-03 seconds.
Warning: Simulation tolerance relaxed to achieve convergence from 5.0288067194529211e-03 to 5.0288067194529835e-03 seconds.
Warning: Simulation tolerance relaxed to achieve convergence from 5.0288067194529835e-03 to 5.0288067194530044e-03 seconds.
Warning: Simulation tolerance relaxed to achieve convergence from 5.0288067194530044e-03 to 5.0288067194530668e-03 seconds.
Warning: Simulation tolerance relaxed to achieve convergence from 5.0288067194530668e-03 to 5.0288067194530876e-03 seconds.
Warning: Simulation tolerance relaxed to achieve convergence from 5.0288067194530876e-03 to 5.0288067194531084e-03 seconds.
Warning: Simulation tolerance relaxed to achieve convergence from 5.0288067194531084e-03 to 5.0288067194531293e-03 seconds.
Warning: Simulation tolerance relaxed to achieve convergence from 5.0288067194531293e-03 to 5.0288067194531709e-03 seconds.
Warning: Simulation tolerance relaxed to achieve convergence from 5.0288067194531709e-03 to 5.0288067194532021e-03 seconds.
Warning: Simulation tolerance relaxed to achieve convergence from 5.0288067194532021e-03 to 5.0288067194532542e-03 seconds.
Warning: Simulation tolerance relaxed to achieve convergence from 5.0288067194532542e-03 to 5.0288067194533062e-03 seconds.
Warning: Simulation tolerance relaxed to achieve convergence from 5.0288067194533062e-03 to 5.0288067194533687e-03 seconds.
Warning: Simulation tolerance relaxed to achieve convergence from 5.0288067194533687e-03 to 5.0288067194534207e-03 seconds.
Warning: Simulation tolerance relaxed to achieve convergence from 5.0288067194534207e-03 to 5.0288067194534311e-03 seconds.
Warning: Simulation tolerance relaxed to achieve convergence from 5.0288067194534311e-03 to 5.0288067194534519e-03 seconds.
Warning: Simulation tolerance relaxed to achieve convergence from 5.0288067194534519e-03 to 5.0288067194534727e-03 seconds.
Warning: Simulation tolerance relaxed to achieve convergence from 5.0288067194534727e-03 to 5.0288067194535352e-03 seconds.
Warning: Simulation tolerance relaxed to achieve convergence from 5.0288067194535352e-03 to 5.0288067194535768e-03 seconds.
Warning: Simulation tolerance relaxed to achieve convergence from 5.0288067194535768e-03 to 5.0288067194536601e-03 seconds.
Warning: Simulation tolerance relaxed to achieve convergence from 5.0288067194536601e-03 to 5.0288067194536809e-03 seconds.
Warning: Simulation tolerance relaxed to achieve convergence from 5.0288067194536809e-03 to 5.0288067194537017e-03 seconds.
Warning: Simulation tolerance relaxed to achieve convergence from 5.0288067194537017e-03 to 5.0288067194537121e-03 seconds.
Warning: Simulation tolerance relaxed to achieve convergence from 5.0288067194537121e-03 to 5.0288067194537329e-03 seconds.
Warning: Simulation tolerance relaxed to achieve convergence from 5.0288067194537329e-03 to 5.0288067194537642e-03 seconds.
Warning: Simulation tolerance relaxed to achieve convergence from 5.0288067194537642e-03 to 5.0288067194537746e-03 seconds.
Warning: Simulation tolerance relaxed to achieve convergence from 5.0288067194537746e-03 to 5.0288067194538474e-03 seconds.
Warning: Simulation tolerance relaxed to achieve convergence from 5.0288067194538474e-03 to 5.0288067194538787e-03 seconds.
Warning: Simulation tolerance relaxed to achieve convergence from 5.0288067194538787e-03 to 5.0288067194539307e-03 seconds.
Warning: Simulation tolerance relaxed to achieve convergence from 5.0288067194539307e-03 to 5.0288067194539411e-03 seconds.
Warning: Simulation tolerance relaxed to achieve convergence from 5.0288067194539411e-03 to 5.0288067194539619e-03 seconds.
Warning: Simulation tolerance relaxed to achieve convergence from 5.0288067194539619e-03 to 5.0288067194540140e-03 seconds.
Warning: Simulation tolerance relaxed to achieve convergence from 5.0288067194540140e-03 to 5.0288067194540348e-03 seconds.
Warning: Simulation tolerance relaxed to achieve convergence from 5.0288067194540348e-03 to 5.0288067194540452e-03 seconds.
Warning: Simulation tolerance relaxed to achieve convergence from 5.0288067194540452e-03 to 5.0288067194540972e-03 seconds.
Warning: Simulation tolerance relaxed to achieve convergence from 5.0288067194540972e-03 to 5.0288067194541076e-03 seconds.
Warning: Simulation tolerance relaxed to achieve convergence from 5.0288067194541076e-03 to 5.0288067194541285e-03 seconds.
Warning: Simulation tolerance relaxed to achieve convergence from 5.0288067194541285e-03 to 5.0288067194541493e-03 seconds.
Warning: Simulation tolerance relaxed to achieve convergence from 5.0288067194541493e-03 to 5.0288067194541909e-03 seconds.
Warning: Simulation tolerance relaxed to achieve convergence from 5.0288067194541909e-03 to 5.0288067194542638e-03 seconds.
Warning: Simulation tolerance relaxed to achieve convergence from 5.0288067194542638e-03 to 5.0288067194542846e-03 seconds.
Warning: Simulation tolerance relaxed to achieve convergence from 5.0288067194542846e-03 to 5.0288067194543054e-03 seconds.
Warning: Simulation tolerance relaxed to achieve convergence from 5.0288067194543054e-03 to 5.0288067194543679e-03 seconds.
Warning: Simulation tolerance relaxed to achieve convergence from 5.0288067194543679e-03 to 5.0288067194543887e-03 seconds.
Warning: Simulation tolerance relaxed to achieve convergence from 5.0288067194543887e-03 to 5.0288067194544095e-03 seconds.
Warning: Simulation tolerance relaxed to achieve convergence from 5.0288067194544095e-03 to 5.0288067194544303e-03 seconds.
Warning: Simulation tolerance relaxed to achieve convergence from 5.0288067194544303e-03 to 5.0288067194544823e-03 seconds.
Warning: Simulation tolerance relaxed to achieve convergence from 5.0288067194544823e-03 to 5.0288067194545032e-03 seconds.
Warning: Simulation tolerance relaxed to achieve convergence from 5.0288067194545032e-03 to 5.0288067194545240e-03 seconds.
Warning: Simulation tolerance relaxed to achieve convergence from 5.0288067194545240e-03 to 5.0288067194545864e-03 seconds.
Warning: Simulation tolerance relaxed to achieve convergence from 5.0288067194545864e-03 to 5.0288067194546385e-03 seconds.
Warning: Simulation tolerance relaxed to achieve convergence from 5.0288067194546385e-03 to 5.0288067194546905e-03 seconds.
Warning: Simulation tolerance relaxed to achieve convergence from 5.0288067194546905e-03 to 5.0288067194547009e-03 seconds.
Warning: Simulation tolerance relaxed to achieve convergence from 5.0288067194547009e-03 to 5.0288067194547113e-03 seconds.
Warning: Simulation tolerance relaxed to achieve convergence from 5.0288067194547113e-03 to 5.0288067194547217e-03 seconds.
Warning: Simulation tolerance relaxed to achieve convergence from 5.0288067194547217e-03 to 5.0288067194547738e-03 seconds.
Warning: Simulation tolerance relaxed to achieve convergence from 5.0288067194547738e-03 to 5.0288067194547842e-03 seconds.
Warning: Simulation tolerance relaxed to achieve convergence from 5.0288067194547842e-03 to 5.0288067194547946e-03 seconds.
Warning: Simulation tolerance relaxed to achieve convergence from 5.0288067194547946e-03 to 5.0288067194548154e-03 seconds.
Warning: Simulation tolerance relaxed to achieve convergence from 5.0288067194548154e-03 to 5.0288067194548466e-03 seconds.
Warning: Simulation tolerance relaxed to achieve convergence from 5.0288067194548466e-03 to 5.0288067194548883e-03 seconds.
Warning: Simulation tolerance relaxed to achieve convergence from 5.0288067194548883e-03 to 5.0288067194548987e-03 seconds.
Warning: Simulation tolerance relaxed to achieve convergence from 5.0288067194548987e-03 to 5.0288067194549195e-03 seconds.
Warning: Simulation tolerance relaxed to achieve convergence from 5.0288067194549195e-03 to 5.0288067194549715e-03 seconds.
Warning: Simulation tolerance relaxed to achieve convergence from 5.0288067194549715e-03 to 5.0288067194550132e-03 seconds.
Warning: Simulation tolerance relaxed to achieve convergence from 5.0288067194550132e-03 to 5.0288067194550548e-03 seconds.
Warning: Simulation tolerance relaxed to achieve convergence from 5.0288067194550548e-03 to 5.0288067194551068e-03 seconds.
Warning: Simulation tolerance relaxed to achieve convergence from 5.0288067194551068e-03 to 5.0288067194551173e-03 seconds.
Warning: Simulation tolerance relaxed to achieve convergence from 5.0288067194551173e-03 to 5.0288067194551381e-03 seconds.
Warning: Simulation tolerance relaxed to achieve convergence from 5.0288067194551381e-03 to 5.0288067194551797e-03 seconds.
Warning: Simulation tolerance relaxed to achieve convergence from 5.0288067194551797e-03 to 5.0288067194552005e-03 seconds.
Warning: Simulation tolerance relaxed to achieve convergence from 5.0288067194552005e-03 to 5.0288067194552630e-03 seconds.
Warning: Simulation tolerance relaxed to achieve convergence from 5.0288067194552630e-03 to 5.0288067194552838e-03 seconds.
Warning: Simulation tolerance relaxed to achieve convergence from 5.0288067194552838e-03 to 5.0288067194553671e-03 seconds.
Warning: Simulation tolerance relaxed to achieve convergence from 5.0288067194553671e-03 to 5.0288067194553775e-03 seconds.
Warning: Simulation tolerance relaxed to achieve convergence from 5.0288067194553775e-03 to 5.0288067194553983e-03 seconds.
Warning: Simulation tolerance relaxed to achieve convergence from 5.0288067194553983e-03 to 5.0288067194554191e-03 seconds.
Warning: Simulation tolerance relaxed to achieve convergence from 5.0288067194554191e-03 to 5.0288067194554920e-03 seconds.
Warning: Simulation tolerance relaxed to achieve convergence from 5.0288067194554920e-03 to 5.0288067194555128e-03 seconds.
Warning: Simulation tolerance relaxed to achieve convergence from 5.0288067194555128e-03 to 5.0288067194555544e-03 seconds.
Warning: Simulation tolerance relaxed to achieve convergence from 5.0288067194555544e-03 to 5.0288067194556169e-03 seconds.
Warning: Simulation tolerance relaxed to achieve convergence from 5.0288067194556169e-03 to 5.0288067194556377e-03 seconds.
Warning: Simulation tolerance relaxed to achieve convergence from 5.0288067194556377e-03 to 5.0288067194556793e-03 seconds.
Warning: Simulation tolerance relaxed to achieve convergence from 5.0288067194556793e-03 to 5.0288067194556897e-03 seconds.
Warning: Simulation tolerance relaxed to achieve convergence from 5.0288067194556897e-03 to 5.0288067194557105e-03 seconds.
Warning: Simulation tolerance relaxed to achieve convergence from 5.0288067194557105e-03 to 5.0288067194557834e-03 seconds.
Warning: Simulation tolerance relaxed to achieve convergence from 5.0288067194557834e-03 to 5.0288067194558042e-03 seconds.
Warning: Simulation tolerance relaxed to achieve convergence from 5.0288067194558042e-03 to 5.0288067194558667e-03 seconds.
Warning: Simulation tolerance relaxed to achieve convergence from 5.0288067194558667e-03 to 5.0288067194558875e-03 seconds.
Warning: Simulation tolerance relaxed to achieve convergence from 5.0288067194558875e-03 to 5.0288067194559083e-03 seconds.
Warning: Simulation tolerance relaxed to achieve convergence from 5.0288067194559083e-03 to 5.0288067194559812e-03 seconds.
Warning: Simulation tolerance relaxed to achieve convergence from 5.0288067194559812e-03 to 5.0288067194560020e-03 seconds.
Warning: Simulation tolerance relaxed to achieve convergence from 5.0288067194560020e-03 to 5.0288067194560228e-03 seconds.
Warning: Simulation tolerance relaxed to achieve convergence from 5.0288067194560228e-03 to 5.0288067194560956e-03 seconds.
Warning: Simulation tolerance relaxed to achieve convergence from 5.0288067194560956e-03 to 5.0288067194561165e-03 seconds.
Warning: Simulation tolerance relaxed to achieve convergence from 5.0288067194561165e-03 to 5.0288067194561373e-03 seconds.
Warning: Simulation tolerance relaxed to achieve convergence from 5.0288067194561373e-03 to 5.0288067194561893e-03 seconds.
Warning: Simulation tolerance relaxed to achieve convergence from 5.0288067194561893e-03 to 5.0288067194562205e-03 seconds.
Warning: Simulation tolerance relaxed to achieve convergence from 5.0288067194562205e-03 to 5.0288067194562934e-03 seconds.
Warning: Simulation tolerance relaxed to achieve convergence from 5.0288067194562934e-03 to 5.0288067194563038e-03 seconds.
Warning: Simulation tolerance relaxed to achieve convergence from 5.0288067194563038e-03 to 5.0288067194563559e-03 seconds.
Warning: Simulation tolerance relaxed to achieve convergence from 5.0288067194563559e-03 to 5.0288067194564287e-03 seconds.
Warning: Simulation tolerance relaxed to achieve convergence from 5.0288067194564287e-03 to 5.0288067194564391e-03 seconds.
Warning: Simulation tolerance relaxed to achieve convergence from 5.0288067194564391e-03 to 5.0288067194564703e-03 seconds.
Warning: Simulation tolerance relaxed to achieve convergence from 5.0288067194564703e-03 to 5.0288067194565016e-03 seconds.
Warning: Simulation tolerance relaxed to achieve convergence from 5.0288067194565016e-03 to 5.0288067194565224e-03 seconds.
Warning: Simulation tolerance relaxed to achieve convergence from 5.0288067194565224e-03 to 5.0288067194565744e-03 seconds.
Warning: Simulation tolerance relaxed to achieve convergence from 5.0288067194565744e-03 to 5.0288067194566265e-03 seconds.
Warning: Simulation tolerance relaxed to achieve convergence from 5.0288067194566265e-03 to 5.0288067194566785e-03 seconds.
Warning: Simulation tolerance relaxed to achieve convergence from 5.0288067194566785e-03 to 5.0288067194567618e-03 seconds.
Warning: Simulation tolerance relaxed to achieve convergence from 5.0288067194567618e-03 to 5.0288067194568034e-03 seconds.
Warning: Simulation tolerance relaxed to achieve convergence from 5.0288067194568034e-03 to 5.0288067194568242e-03 seconds.
Warning: Simulation tolerance relaxed to achieve convergence from 5.0288067194568242e-03 to 5.0288067194568659e-03 seconds.
Warning: Simulation tolerance relaxed to achieve convergence from 5.0288067194568659e-03 to 5.0288067194569179e-03 seconds.
Warning: Simulation tolerance relaxed to achieve convergence from 5.0288067194569179e-03 to 5.0288067194569387e-03 seconds.
Warning: Simulation tolerance relaxed to achieve convergence from 5.0288067194569387e-03 to 5.0288067194569595e-03 seconds.
Warning: Simulation tolerance relaxed to achieve convergence from 5.0288067194569595e-03 to 5.0288067194570116e-03 seconds.
Warning: Simulation tolerance relaxed to achieve convergence from 5.0288067194570116e-03 to 5.0288067194570636e-03 seconds.
Warning: Simulation tolerance relaxed to achieve convergence from 5.0288067194570636e-03 to 5.0288067194571261e-03 seconds.
Warning: Simulation tolerance relaxed to achieve convergence from 5.0288067194571261e-03 to 5.0288067194571781e-03 seconds.
Warning: Simulation tolerance relaxed to achieve convergence from 5.0288067194571781e-03 to 5.0288067194572197e-03 seconds.
Warning: Simulation tolerance relaxed to achieve convergence from 5.0288067194572197e-03 to 5.0288067194572302e-03 seconds.
Warning: Simulation tolerance relaxed to achieve convergence from 5.0288067194572302e-03 to 5.0288067194572510e-03 seconds.
Warning: Simulation tolerance relaxed to achieve convergence from 5.0288067194572510e-03 to 5.0288067194572718e-03 seconds.
Warning: Simulation tolerance relaxed to achieve convergence from 5.0288067194572718e-03 to 5.0288067194573551e-03 seconds.
Warning: Simulation tolerance relaxed to achieve convergence from 5.0288067194573551e-03 to 5.0288067194573655e-03 seconds.
Warning: Simulation tolerance relaxed to achieve convergence from 5.0288067194573655e-03 to 5.0288067194573863e-03 seconds.
Warning: Simulation tolerance relaxed to achieve convergence from 5.0288067194573863e-03 to 5.0288067194574071e-03 seconds.
Warning: Simulation tolerance relaxed to achieve convergence from 5.0288067194574071e-03 to 5.0288067194574800e-03 seconds.
Warning: Simulation tolerance relaxed to achieve convergence from 5.0288067194574800e-03 to 5.0288067194575112e-03 seconds.
Warning: Simulation tolerance relaxed to achieve convergence from 5.0288067194575112e-03 to 5.0288067194575320e-03 seconds.
Warning: Simulation tolerance relaxed to achieve convergence from 5.0288067194575320e-03 to 5.0288067194575528e-03 seconds.
Warning: Simulation tolerance relaxed to achieve convergence from 5.0288067194575528e-03 to 5.0288067194576049e-03 seconds.
Warning: Simulation tolerance relaxed to achieve convergence from 5.0288067194576049e-03 to 5.0288067194576257e-03 seconds.
Warning: Simulation tolerance relaxed to achieve convergence from 5.0288067194576257e-03 to 5.0288067194576777e-03 seconds.
Warning: Simulation tolerance relaxed to achieve convergence from 5.0288067194576777e-03 to 5.0288067194577610e-03 seconds.
Warning: Simulation tolerance relaxed to achieve convergence from 5.0288067194577610e-03 to 5.0288067194577714e-03 seconds.
Warning: Simulation tolerance relaxed to achieve convergence from 5.0288067194577714e-03 to 5.0288067194578130e-03 seconds.
Warning: Simulation tolerance relaxed to achieve convergence from 5.0288067194578130e-03 to 5.0288067194578338e-03 seconds.
Warning: Simulation tolerance relaxed to achieve convergence from 5.0288067194578338e-03 to 5.0288067194578547e-03 seconds.
Warning: Simulation tolerance relaxed to achieve convergence from 5.0288067194578547e-03 to 5.0288067194579275e-03 seconds.
Warning: Simulation tolerance relaxed to achieve convergence from 5.0288067194579275e-03 to 5.0288067194579483e-03 seconds.
Warning: Simulation tolerance relaxed to achieve convergence from 5.0288067194579483e-03 to 5.0288067194580316e-03 seconds.
Warning: Simulation tolerance relaxed to achieve convergence from 5.0288067194580316e-03 to 5.0288067194580628e-03 seconds.
Warning: Simulation tolerance relaxed to achieve convergence from 5.0288067194580628e-03 to 5.0288067194580836e-03 seconds.
Warning: Simulation tolerance relaxed to achieve convergence from 5.0288067194580836e-03 to 5.0288067194581357e-03 seconds.
Warning: Simulation tolerance relaxed to achieve convergence from 5.0288067194581357e-03 to 5.0288067194581981e-03 seconds.
Warning: Simulation tolerance relaxed to achieve convergence from 5.0288067194581981e-03 to 5.0288067194582398e-03 seconds.
Warning: Simulation tolerance relaxed to achieve convergence from 5.0288067194582398e-03 to 5.0288067194582814e-03 seconds.
Warning: Simulation tolerance relaxed to achieve convergence from 5.0288067194582814e-03 to 5.0288067194583022e-03 seconds.
Warning: Simulation tolerance relaxed to achieve convergence from 5.0288067194583022e-03 to 5.0288067194583230e-03 seconds.
Warning: Simulation tolerance relaxed to achieve convergence from 5.0288067194583230e-03 to 5.0288067194584063e-03 seconds.
Warning: Simulation tolerance relaxed to achieve convergence from 5.0288067194584063e-03 to 5.0288067194584479e-03 seconds.
Warning: Simulation tolerance relaxed to achieve convergence from 5.0288067194584479e-03 to 5.0288067194584792e-03 seconds.
Warning: Simulation tolerance relaxed to achieve convergence from 5.0288067194584792e-03 to 5.0288067194584896e-03 seconds.
Warning: Simulation tolerance relaxed to achieve convergence from 5.0288067194584896e-03 to 5.0288067194585624e-03 seconds.
Warning: Simulation tolerance relaxed to achieve convergence from 5.0288067194585624e-03 to 5.0288067194586145e-03 seconds.
Warning: Simulation tolerance relaxed to achieve convergence from 5.0288067194586145e-03 to 5.0288067194586249e-03 seconds.
Warning: Simulation tolerance relaxed to achieve convergence from 5.0288067194586249e-03 to 5.0288067194586769e-03 seconds.
Warning: Simulation tolerance relaxed to achieve convergence from 5.0288067194586769e-03 to 5.0288067194586977e-03 seconds.
Warning: Simulation tolerance relaxed to achieve convergence from 5.0288067194586977e-03 to 5.0288067194587498e-03 seconds.
Warning: Simulation tolerance relaxed to achieve convergence from 5.0288067194587498e-03 to 5.0288067194587810e-03 seconds.
Warning: Simulation tolerance relaxed to achieve convergence from 5.0288067194587810e-03 to 5.0288067194588018e-03 seconds.
Warning: Simulation tolerance relaxed to achieve convergence from 5.0288067194588018e-03 to 5.0288067194588539e-03 seconds.
Warning: Simulation tolerance relaxed to achieve convergence from 5.0288067194588539e-03 to 5.0288067194588747e-03 seconds.
Warning: Simulation tolerance relaxed to achieve convergence from 5.0288067194588747e-03 to 5.0288067194588955e-03 seconds.
Warning: Simulation tolerance relaxed to achieve convergence from 5.0288067194588955e-03 to 5.0288067194589579e-03 seconds.
Warning: Simulation tolerance relaxed to achieve convergence from 5.0288067194589579e-03 to 5.0288067194590204e-03 seconds.
Warning: Simulation tolerance relaxed to achieve convergence from 5.0288067194590204e-03 to 5.0288067194590516e-03 seconds.
Warning: Simulation tolerance relaxed to achieve convergence from 5.0288067194590516e-03 to 5.0288067194591037e-03 seconds.
Warning: Simulation tolerance relaxed to achieve convergence from 5.0288067194591037e-03 to 5.0288067194591141e-03 seconds.
Warning: Simulation tolerance relaxed to achieve convergence from 5.0288067194591141e-03 to 5.0288067194591245e-03 seconds.
Warning: Simulation tolerance relaxed to achieve convergence from 5.0288067194591245e-03 to 5.0288067194591453e-03 seconds.
Warning: Simulation tolerance relaxed to achieve convergence from 5.0288067194591453e-03 to 5.0288067194591973e-03 seconds.
Warning: Simulation tolerance relaxed to achieve convergence from 5.0288067194591973e-03 to 5.0288067194592598e-03 seconds.
Warning: Simulation tolerance relaxed to achieve convergence from 5.0288067194592598e-03 to 5.0288067194593014e-03 seconds.
Warning: Simulation tolerance relaxed to achieve convergence from 5.0288067194593014e-03 to 5.0288067194593639e-03 seconds.
Warning: Simulation tolerance relaxed to achieve convergence from 5.0288067194593639e-03 to 5.0288067194593847e-03 seconds.
Warning: Simulation tolerance relaxed to achieve convergence from 5.0288067194593847e-03 to 5.0288067194594055e-03 seconds.
Warning: Simulation tolerance relaxed to achieve convergence from 5.0288067194594055e-03 to 5.0288067194594263e-03 seconds.
Warning: Simulation tolerance relaxed to achieve convergence from 5.0288067194594263e-03 to 5.0288067194594784e-03 seconds.
Warning: Simulation tolerance relaxed to achieve convergence from 5.0288067194594784e-03 to 5.0288067194595512e-03 seconds.
Warning: Simulation tolerance relaxed to achieve convergence from 5.0288067194595512e-03 to 5.0288067194595720e-03 seconds.
Warning: Simulation tolerance relaxed to achieve convergence from 5.0288067194595720e-03 to 5.0288067194596449e-03 seconds.
Warning: Simulation tolerance relaxed to achieve convergence from 5.0288067194596449e-03 to 5.0288067194596865e-03 seconds.
Warning: Simulation tolerance relaxed to achieve convergence from 5.0288067194596865e-03 to 5.0288067194597282e-03 seconds.
Warning: Simulation tolerance relaxed to achieve convergence from 5.0288067194597282e-03 to 5.0288067194597386e-03 seconds.
Warning: Simulation tolerance relaxed to achieve convergence from 5.0288067194597386e-03 to 5.0288067194597490e-03 seconds.
Warning: Simulation tolerance relaxed to achieve convergence from 5.0288067194597490e-03 to 5.0288067194597802e-03 seconds.
Warning: Simulation tolerance relaxed to achieve convergence from 5.0288067194597802e-03 to 5.0288067194598426e-03 seconds.
Warning: Simulation tolerance relaxed to achieve convergence from 5.0288067194598426e-03 to 5.0288067194598843e-03 seconds.
Warning: Simulation tolerance relaxed to achieve convergence from 5.0288067194598843e-03 to 5.0288067194598947e-03 seconds.
Warning: Simulation tolerance relaxed to achieve convergence from 5.0288067194598947e-03 to 5.0288067194599155e-03 seconds.
Warning: Simulation tolerance relaxed to achieve convergence from 5.0288067194599155e-03 to 5.0288067194599467e-03 seconds.
Warning: Simulation tolerance relaxed to achieve convergence from 5.0288067194599467e-03 to 5.0288067194599675e-03 seconds.
Warning: Simulation tolerance relaxed to achieve convergence from 5.0288067194599675e-03 to 5.0288067194599884e-03 seconds.
Warning: Simulation tolerance relaxed to achieve convergence from 5.0288067194599884e-03 to 5.0288067194600820e-03 seconds.
Warning: Simulation tolerance relaxed to achieve convergence from 5.0288067194600820e-03 to 5.0288067194601029e-03 seconds.
Warning: Simulation tolerance relaxed to achieve convergence from 5.0288067194601029e-03 to 5.0288067194601757e-03 seconds.
Warning: Simulation tolerance relaxed to achieve convergence from 5.0288067194601757e-03 to 5.0288067194602486e-03 seconds.
Warning: Simulation tolerance relaxed to achieve convergence from 5.0288067194602486e-03 to 5.0288067194602590e-03 seconds.
Warning: Simulation tolerance relaxed to achieve convergence from 5.0288067194602590e-03 to 5.0288067194602798e-03 seconds.
Warning: Simulation tolerance relaxed to achieve convergence from 5.0288067194602798e-03 to 5.0288067194603006e-03 seconds.
Warning: Simulation tolerance relaxed to achieve convergence from 5.0288067194603006e-03 to 5.0288067194603527e-03 seconds.
Warning: Simulation tolerance relaxed to achieve convergence from 5.0288067194603527e-03 to 5.0288067194604047e-03 seconds.
Warning: Simulation tolerance relaxed to achieve convergence from 5.0288067194604047e-03 to 5.0288067194604151e-03 seconds.
Warning: Simulation tolerance relaxed to achieve convergence from 5.0288067194604151e-03 to 5.0288067194604255e-03 seconds.
Warning: Simulation tolerance relaxed to achieve convergence from 5.0288067194604255e-03 to 5.0288067194604359e-03 seconds.
Warning: Simulation tolerance relaxed to achieve convergence from 5.0288067194604359e-03 to 5.0288067194604463e-03 seconds.
Warning: Simulation tolerance relaxed to achieve convergence from 5.0288067194604463e-03 to 5.0288067194604671e-03 seconds.
Warning: Simulation tolerance relaxed to achieve convergence from 5.0288067194604671e-03 to 5.0288067194604880e-03 seconds.
Warning: Simulation tolerance relaxed to achieve convergence from 5.0288067194604880e-03 to 5.0288067194604984e-03 seconds.
Warning: Simulation tolerance relaxed to achieve convergence from 5.0288067194604984e-03 to 5.0288067194605192e-03 seconds.
Warning: Simulation tolerance relaxed to achieve convergence from 5.0288067194605192e-03 to 5.0288067194605712e-03 seconds.
Warning: Simulation tolerance relaxed to achieve convergence from 5.0288067194605712e-03 to 5.0288067194606649e-03 seconds.
Warning: Simulation tolerance relaxed to achieve convergence from 5.0288067194606649e-03 to 5.0288067194606753e-03 seconds.
Warning: Simulation tolerance relaxed to achieve convergence from 5.0288067194606753e-03 to 5.0288067194606857e-03 seconds.
Warning: Simulation tolerance relaxed to achieve convergence from 5.0288067194606857e-03 to 5.0288067194607065e-03 seconds.
Warning: Simulation tolerance relaxed to achieve convergence from 5.0288067194607065e-03 to 5.0288067194607586e-03 seconds.
Warning: Simulation tolerance relaxed to achieve convergence from 5.0288067194607586e-03 to 5.0288067194607794e-03 seconds.
Warning: Simulation tolerance relaxed to achieve convergence from 5.0288067194607794e-03 to 5.0288067194608002e-03 seconds.
Warning: Simulation tolerance relaxed to achieve convergence from 5.0288067194608002e-03 to 5.0288067194608835e-03 seconds.
Warning: Simulation tolerance relaxed to achieve convergence from 5.0288067194608835e-03 to 5.0288067194609043e-03 seconds.
Warning: Simulation tolerance relaxed to achieve convergence from 5.0288067194609043e-03 to 5.0288067194609251e-03 seconds.
Warning: Simulation tolerance relaxed to achieve convergence from 5.0288067194609355e-03 to 5.0288067194609980e-03 seconds.
Warning: Simulation tolerance relaxed to achieve convergence from 5.0288067194609980e-03 to 5.0288067194610500e-03 seconds.
Warning: Simulation tolerance relaxed to achieve convergence from 5.0288067194610500e-03 to 5.0288067194611021e-03 seconds.
Warning: Simulation tolerance relaxed to achieve convergence from 5.0288067194611021e-03 to 5.0288067194611125e-03 seconds.
Warning: Simulation tolerance relaxed to achieve convergence from 5.0288067194611125e-03 to 5.0288067194611333e-03 seconds.
Warning: Simulation tolerance relaxed to achieve convergence from 5.0288067194611333e-03 to 5.0288067194611957e-03 seconds.
Warning: Simulation tolerance relaxed to achieve convergence from 5.0288067194611957e-03 to 5.0288067194612165e-03 seconds.
Warning: Simulation tolerance relaxed to achieve convergence from 5.0288067194612165e-03 to 5.0288067194612374e-03 seconds.
Warning: Simulation tolerance relaxed to achieve convergence from 5.0288067194612374e-03 to 5.0288067194613102e-03 seconds.
Warning: Simulation tolerance relaxed to achieve convergence from 5.0288067194613102e-03 to 5.0288067194613623e-03 seconds.
Warning: Simulation tolerance relaxed to achieve convergence from 5.0288067194613623e-03 to 5.0288067194613831e-03 seconds.
Warning: Simulation tolerance relaxed to achieve convergence from 5.0288067194613831e-03 to 5.0288067194614559e-03 seconds.
Warning: Simulation tolerance relaxed to achieve convergence from 5.0288067194614559e-03 to 5.0288067194614872e-03 seconds.
Warning: Simulation tolerance relaxed to achieve convergence from 5.0288067194614872e-03 to 5.0288067194615704e-03 seconds.
Warning: Simulation tolerance relaxed to achieve convergence from 5.0288067194615704e-03 to 5.0288067194616017e-03 seconds.
Warning: Simulation tolerance relaxed to achieve convergence from 5.0288067194616017e-03 to 5.0288067194616641e-03 seconds.
Warning: Simulation tolerance relaxed to achieve convergence from 5.0288067194616641e-03 to 5.0288067194616953e-03 seconds.
Warning: Simulation tolerance relaxed to achieve convergence from 5.0288067194616953e-03 to 5.0288067194617578e-03 seconds.
Warning: Simulation tolerance relaxed to achieve convergence from 5.0288067194617578e-03 to 5.0288067194617890e-03 seconds.
Warning: Simulation tolerance relaxed to achieve convergence from 5.0288067194617890e-03 to 5.0288067194618410e-03 seconds.
Warning: Simulation tolerance relaxed to achieve convergence from 5.0288067194618410e-03 to 5.0288067194618931e-03 seconds.
Warning: Simulation tolerance relaxed to achieve convergence from 5.0288067194618931e-03 to 5.0288067194619451e-03 seconds.
Warning: Simulation tolerance relaxed to achieve convergence from 5.0288067194619451e-03 to 5.0288067194619972e-03 seconds.
Warning: Simulation tolerance relaxed to achieve convergence from 5.0288067194619972e-03 to 5.0288067194620492e-03 seconds.
Warning: Simulation tolerance relaxed to achieve convergence from 5.0288067194620492e-03 to 5.0288067194620596e-03 seconds.
Warning: Simulation tolerance relaxed to achieve convergence from 5.0288067194620596e-03 to 5.0288067194620804e-03 seconds.
Warning: Simulation tolerance relaxed to achieve convergence from 5.0288067194620804e-03 to 5.0288067194621013e-03 seconds.
Warning: Simulation tolerance relaxed to achieve convergence from 5.0288067194621013e-03 to 5.0288067194621221e-03 seconds.
Warning: Simulation tolerance relaxed to achieve convergence from 5.0288067194621221e-03 to 5.0288067194621533e-03 seconds.
Warning: Simulation tolerance relaxed to achieve convergence from 5.0288067194621533e-03 to 5.0288067194622053e-03 seconds.
Warning: Simulation tolerance relaxed to achieve convergence from 5.0288067194622053e-03 to 5.0288067194622574e-03 seconds.
Warning: Simulation tolerance relaxed to achieve convergence from 5.0288067194622574e-03 to 5.0288067194623094e-03 seconds.
Warning: Simulation tolerance relaxed to achieve convergence from 5.0288067194623094e-03 to 5.0288067194623406e-03 seconds.
Warning: Simulation tolerance relaxed to achieve convergence from 5.0288067194623406e-03 to 5.0288067194624135e-03 seconds.
Warning: Simulation tolerance relaxed to achieve convergence from 5.0288067194624135e-03 to 5.0288067194624343e-03 seconds.
Warning: Simulation tolerance relaxed to achieve convergence from 5.0288067194624343e-03 to 5.0288067194624760e-03 seconds.
Warning: Simulation tolerance relaxed to achieve convergence from 5.0288067194624760e-03 to 5.0288067194624968e-03 seconds.
Warning: Simulation tolerance relaxed to achieve convergence from 5.0288067194624968e-03 to 5.0288067194625488e-03 seconds.
Warning: Simulation tolerance relaxed to achieve convergence from 5.0288067194625488e-03 to 5.0288067194625696e-03 seconds.
Warning: Simulation tolerance relaxed to achieve convergence from 5.0288067194625696e-03 to 5.0288067194626217e-03 seconds.
Warning: Simulation tolerance relaxed to achieve convergence from 5.0288067194626217e-03 to 5.0288067194626945e-03 seconds.
Warning: Simulation tolerance relaxed to achieve convergence from 5.0288067194626945e-03 to 5.0288067194627153e-03 seconds.
Warning: Simulation tolerance relaxed to achieve convergence from 5.0288067194627153e-03 to 5.0288067194627362e-03 seconds.
Warning: Simulation tolerance relaxed to achieve convergence from 5.0288067194627362e-03 to 5.0288067194627570e-03 seconds.
Warning: Simulation tolerance relaxed to achieve convergence from 5.0288067194627570e-03 to 5.0288067194628194e-03 seconds.
Warning: Simulation tolerance relaxed to achieve convergence from 5.0288067194628194e-03 to 5.0288067194628715e-03 seconds.
Warning: Simulation tolerance relaxed to achieve convergence from 5.0288067194628715e-03 to 5.0288067194629235e-03 seconds.
Warning: Simulation tolerance relaxed to achieve convergence from 5.0288067194629235e-03 to 5.0288067194629443e-03 seconds.
Warning: Simulation tolerance relaxed to achieve convergence from 5.0288067194629443e-03 to 5.0288067194629651e-03 seconds.
Warning: Simulation tolerance relaxed to achieve convergence from 5.0288067194629651e-03 to 5.0288067194629860e-03 seconds.
Warning: Simulation tolerance relaxed to achieve convergence from 5.0288067194629860e-03 to 5.0288067194630900e-03 seconds.
Warning: Simulation tolerance relaxed to achieve convergence from 5.0288067194630900e-03 to 5.0288067194631005e-03 seconds.
Warning: Simulation tolerance relaxed to achieve convergence from 5.0288067194631005e-03 to 5.0288067194631213e-03 seconds.
Warning: Simulation tolerance relaxed to achieve convergence from 5.0288067194631213e-03 to 5.0288067194631525e-03 seconds.
Warning: Simulation tolerance relaxed to achieve convergence from 5.0288067194631525e-03 to 5.0288067194632254e-03 seconds.
Warning: Simulation tolerance relaxed to achieve convergence from 5.0288067194632254e-03 to 5.0288067194632462e-03 seconds.
Warning: Simulation tolerance relaxed to achieve convergence from 5.0288067194632462e-03 to 5.0288067194632670e-03 seconds.
Warning: Simulation tolerance relaxed to achieve convergence from 5.0288067194632670e-03 to 5.0288067194633294e-03 seconds.
Warning: Simulation tolerance relaxed to achieve convergence from 5.0288067194633294e-03 to 5.0288067194633398e-03 seconds.
Warning: Simulation tolerance relaxed to achieve convergence from 5.0288067194633398e-03 to 5.0288067194633607e-03 seconds.
Warning: Simulation tolerance relaxed to achieve convergence from 5.0288067194633607e-03 to 5.0288067194633815e-03 seconds.
Warning: Simulation tolerance relaxed to achieve convergence from 5.0288067194633815e-03 to 5.0288067194634335e-03 seconds.
Warning: Simulation tolerance relaxed to achieve convergence from 5.0288067194634335e-03 to 5.0288067194635064e-03 seconds.
Warning: Simulation tolerance relaxed to achieve convergence from 5.0288067194635064e-03 to 5.0288067194635272e-03 seconds.
Warning: Simulation tolerance relaxed to achieve convergence from 5.0288067194635272e-03 to 5.0288067194635792e-03 seconds.
Warning: Simulation tolerance relaxed to achieve convergence from 5.0288067194635792e-03 to 5.0288067194636001e-03 seconds.
Warning: Simulation tolerance relaxed to achieve convergence from 5.0288067194636001e-03 to 5.0288067194636417e-03 seconds.
Warning: Simulation tolerance relaxed to achieve convergence from 5.0288067194636417e-03 to 5.0288067194636937e-03 seconds.
Warning: Simulation tolerance relaxed to achieve convergence from 5.0288067194636937e-03 to 5.0288067194637666e-03 seconds.
Warning: Simulation tolerance relaxed to achieve convergence from 5.0288067194637666e-03 to 5.0288067194637770e-03 seconds.
Warning: Simulation tolerance relaxed to achieve convergence from 5.0288067194637770e-03 to 5.0288067194638290e-03 seconds.
Warning: Simulation tolerance relaxed to achieve convergence from 5.0288067194638290e-03 to 5.0288067194638394e-03 seconds.
Warning: Simulation tolerance relaxed to achieve convergence from 5.0288067194638394e-03 to 5.0288067194638707e-03 seconds.
Warning: Simulation tolerance relaxed to achieve convergence from 5.0288067194638707e-03 to 5.0288067194638915e-03 seconds.
Warning: Simulation tolerance relaxed to achieve convergence from 5.0288067194638915e-03 to 5.0288067194639123e-03 seconds.
Warning: Simulation tolerance relaxed to achieve convergence from 5.0288067194639123e-03 to 5.0288067194639331e-03 seconds.
Warning: Simulation tolerance relaxed to achieve convergence from 5.0288067194639331e-03 to 5.0288067194639852e-03 seconds.
Warning: Simulation tolerance relaxed to achieve convergence from 5.0288067194639852e-03 to 5.0288067194640372e-03 seconds.
Warning: Simulation tolerance relaxed to achieve convergence from 5.0288067194640372e-03 to 5.0288067194640580e-03 seconds.
Warning: Simulation tolerance relaxed to achieve convergence from 5.0288067194640580e-03 to 5.0288067194641101e-03 seconds.
Warning: Simulation tolerance relaxed to achieve convergence from 5.0288067194641101e-03 to 5.0288067194641309e-03 seconds.
Warning: Simulation tolerance relaxed to achieve convergence from 5.0288067194641413e-03 to 5.0288067194642246e-03 seconds.
Warning: Simulation tolerance relaxed to achieve convergence from 5.0288067194642246e-03 to 5.0288067194642662e-03 seconds.
Warning: Simulation tolerance relaxed to achieve convergence from 5.0288067194642662e-03 to 5.0288067194642870e-03 seconds.
Warning: Simulation tolerance relaxed to achieve convergence from 5.0288067194642870e-03 to 5.0288067194642974e-03 seconds.
Warning: Simulation tolerance relaxed to achieve convergence from 5.0288067194642974e-03 to 5.0288067194643182e-03 seconds.
Warning: Simulation tolerance relaxed to achieve convergence from 5.0288067194643182e-03 to 5.0288067194643703e-03 seconds.
Warning: Simulation tolerance relaxed to achieve convergence from 5.0288067194643703e-03 to 5.0288067194643807e-03 seconds.
Warning: Simulation tolerance relaxed to achieve convergence from 5.0288067194643807e-03 to 5.0288067194644015e-03 seconds.
Warning: Simulation tolerance relaxed to achieve convergence from 5.0288067194644015e-03 to 5.0288067194644223e-03 seconds.
Warning: Simulation tolerance relaxed to achieve convergence from 5.0288067194644223e-03 to 5.0288067194644431e-03 seconds.
Warning: Simulation tolerance relaxed to achieve convergence from 5.0288067194644431e-03 to 5.0288067194645368e-03 seconds.
Warning: Simulation tolerance relaxed to achieve convergence from 5.0288067194645368e-03 to 5.0288067194645576e-03 seconds.
Warning: Simulation tolerance relaxed to achieve convergence from 5.0288067194645576e-03 to 5.0288067194645888e-03 seconds.
Warning: Simulation tolerance relaxed to achieve convergence from 5.0288067194645888e-03 to 5.0288067194646097e-03 seconds.
Warning: Simulation tolerance relaxed to achieve convergence from 5.0288067194646097e-03 to 5.0288067194646825e-03 seconds.
Warning: Simulation tolerance relaxed to achieve convergence from 5.0288067194646825e-03 to 5.0288067194647033e-03 seconds.
Warning: Simulation tolerance relaxed to achieve convergence from 5.0288067194647033e-03 to 5.0288067194647242e-03 seconds.
Warning: Simulation tolerance relaxed to achieve convergence from 5.0288067194647242e-03 to 5.0288067194647762e-03 seconds.
Warning: Simulation tolerance relaxed to achieve convergence from 5.0288067194647762e-03 to 5.0288067194648282e-03 seconds.
Warning: Simulation tolerance relaxed to achieve convergence from 5.0288067194648282e-03 to 5.0288067194649115e-03 seconds.
Warning: Simulation tolerance relaxed to achieve convergence from 5.0288067194649115e-03 to 5.0288067194649740e-03 seconds.
Warning: Simulation tolerance relaxed to achieve convergence from 5.0288067194649740e-03 to 5.0288067194649948e-03 seconds.
Warning: Simulation tolerance relaxed to achieve convergence from 5.0288067194649948e-03 to 5.0288067194650052e-03 seconds.
Warning: Simulation tolerance relaxed to achieve convergence from 5.0288067194650052e-03 to 5.0288067194650468e-03 seconds.
Warning: Simulation tolerance relaxed to achieve convergence from 5.0288067194650468e-03 to 5.0288067194650676e-03 seconds.
Warning: Simulation tolerance relaxed to achieve convergence from 5.0288067194650676e-03 to 5.0288067194650989e-03 seconds.
Warning: Simulation tolerance relaxed to achieve convergence from 5.0288067194650989e-03 to 5.0288067194651613e-03 seconds.
Warning: Simulation tolerance relaxed to achieve convergence from 5.0288067194651613e-03 to 5.0288067194651925e-03 seconds.
Warning: Simulation tolerance relaxed to achieve convergence from 5.0288067194651925e-03 to 5.0288067194652133e-03 seconds.
Warning: Simulation tolerance relaxed to achieve convergence from 5.0288067194652133e-03 to 5.0288067194652758e-03 seconds.
Warning: Simulation tolerance relaxed to achieve convergence from 5.0288067194652758e-03 to 5.0288067194653487e-03 seconds.
Warning: Simulation tolerance relaxed to achieve convergence from 5.0288067194653487e-03 to 5.0288067194653695e-03 seconds.
Warning: Simulation tolerance relaxed to achieve convergence from 5.0288067194653695e-03 to 5.0288067194653903e-03 seconds.
Warning: Simulation tolerance relaxed to achieve convergence from 5.0288067194653903e-03 to 5.0288067194654423e-03 seconds.
Warning: Simulation tolerance relaxed to achieve convergence from 5.0288067194654423e-03 to 5.0288067194654944e-03 seconds.
Warning: Simulation tolerance relaxed to achieve convergence from 5.0288067194654944e-03 to 5.0288067194655152e-03 seconds.
Warning: Simulation tolerance relaxed to achieve convergence from 5.0288067194655152e-03 to 5.0288067194655568e-03 seconds.
Warning: Simulation tolerance relaxed to achieve convergence from 5.0288067194655568e-03 to 5.0288067194655672e-03 seconds.
Warning: Simulation tolerance relaxed to achieve convergence from 5.0288067194655672e-03 to 5.0288067194655776e-03 seconds.
Warning: Simulation tolerance relaxed to achieve convergence from 5.0288067194655776e-03 to 5.0288067194656089e-03 seconds.
Warning: Simulation tolerance relaxed to achieve convergence from 5.0288067194656089e-03 to 5.0288067194656193e-03 seconds.
Warning: Simulation tolerance relaxed to achieve convergence from 5.0288067194656193e-03 to 5.0288067194656401e-03 seconds.
Warning: Simulation tolerance relaxed to achieve convergence from 5.0288067194656401e-03 to 5.0288067194656609e-03 seconds.
Warning: Simulation tolerance relaxed to achieve convergence from 5.0288067194656609e-03 to 5.0288067194656817e-03 seconds.
Warning: Simulation tolerance relaxed to achieve convergence from 5.0288067194656817e-03 to 5.0288067194657025e-03 seconds.
Warning: Simulation tolerance relaxed to achieve convergence from 5.0288067194657025e-03 to 5.0288067194657650e-03 seconds.
Warning: Simulation tolerance relaxed to achieve convergence from 5.0288067194657650e-03 to 5.0288067194657858e-03 seconds.
Warning: Simulation tolerance relaxed to achieve convergence from 5.0288067194657858e-03 to 5.0288067194658587e-03 seconds.
Warning: Simulation tolerance relaxed to achieve convergence from 5.0288067194658587e-03 to 5.0288067194658795e-03 seconds.
Warning: Simulation tolerance relaxed to achieve convergence from 5.0288067194658795e-03 to 5.0288067194659315e-03 seconds.
Warning: Simulation tolerance relaxed to achieve convergence from 5.0288067194659315e-03 to 5.0288067194659523e-03 seconds.
Warning: Simulation tolerance relaxed to achieve convergence from 5.0288067194659523e-03 to 5.0288067194660044e-03 seconds.
Warning: Simulation tolerance relaxed to achieve convergence from 5.0288067194660044e-03 to 5.0288067194660252e-03 seconds.
Warning: Simulation tolerance relaxed to achieve convergence from 5.0288067194660252e-03 to 5.0288067194660981e-03 seconds.
Warning: Simulation tolerance relaxed to achieve convergence from 5.0288067194660981e-03 to 5.0288067194661189e-03 seconds.
Warning: Simulation tolerance relaxed to achieve convergence from 5.0288067194661189e-03 to 5.0288067194661917e-03 seconds.
Warning: Simulation tolerance relaxed to achieve convergence from 5.0288067194661917e-03 to 5.0288067194662125e-03 seconds.
Warning: Simulation tolerance relaxed to achieve convergence from 5.0288067194662125e-03 to 5.0288067194662646e-03 seconds.
Warning: Simulation tolerance relaxed to achieve convergence from 5.0288067194662646e-03 to 5.0288067194663374e-03 seconds.
Warning: Simulation tolerance relaxed to achieve convergence from 5.0288067194663374e-03 to 5.0288067194663999e-03 seconds.
Warning: Simulation tolerance relaxed to achieve convergence from 5.0288067194663999e-03 to 5.0288067194664103e-03 seconds.
Warning: Simulation tolerance relaxed to achieve convergence from 5.0288067194664103e-03 to 5.0288067194664415e-03 seconds.
Warning: Simulation tolerance relaxed to achieve convergence from 5.0288067194664415e-03 to 5.0288067194665144e-03 seconds.
Warning: Simulation tolerance relaxed to achieve convergence from 5.0288067194665144e-03 to 5.0288067194665352e-03 seconds.
Warning: Simulation tolerance relaxed to achieve convergence from 5.0288067194665352e-03 to 5.0288067194665872e-03 seconds.
Warning: Simulation tolerance relaxed to achieve convergence from 5.0288067194665872e-03 to 5.0288067194666393e-03 seconds.
Warning: Simulation tolerance relaxed to achieve convergence from 5.0288067194666393e-03 to 5.0288067194666601e-03 seconds.
Warning: Simulation tolerance relaxed to achieve convergence from 5.0288067194666601e-03 to 5.0288067194667121e-03 seconds.
Warning: Simulation tolerance relaxed to achieve convergence from 5.0288067194667121e-03 to 5.0288067194667330e-03 seconds.
Warning: Simulation tolerance relaxed to achieve convergence from 5.0288067194667330e-03 to 5.0288067194667954e-03 seconds.
Warning: Simulation tolerance relaxed to achieve convergence from 5.0288067194667954e-03 to 5.0288067194668475e-03 seconds.
Warning: Simulation tolerance relaxed to achieve convergence from 5.0288067194668475e-03 to 5.0288067194668683e-03 seconds.
Warning: Simulation tolerance relaxed to achieve convergence from 5.0288067194668683e-03 to 5.0288067194669099e-03 seconds.
Warning: Simulation tolerance relaxed to achieve convergence from 5.0288067194669099e-03 to 5.0288067194669515e-03 seconds.
Warning: Simulation tolerance relaxed to achieve convergence from 5.0288067194669515e-03 to 5.0288067194669932e-03 seconds.
Warning: Simulation tolerance relaxed to achieve convergence from 5.0288067194669932e-03 to 5.0288067194670140e-03 seconds.
Warning: Simulation tolerance relaxed to achieve convergence from 5.0288067194670140e-03 to 5.0288067194670868e-03 seconds.
Warning: Simulation tolerance relaxed to achieve convergence from 5.0288067194670868e-03 to 5.0288067194670973e-03 seconds.
Warning: Simulation tolerance relaxed to achieve convergence from 5.0288067194670973e-03 to 5.0288067194671181e-03 seconds.
Warning: Simulation tolerance relaxed to achieve convergence from 5.0288067194671181e-03 to 5.0288067194671285e-03 seconds.
Warning: Simulation tolerance relaxed to achieve convergence from 5.0288067194671285e-03 to 5.0288067194671493e-03 seconds.
Warning: Simulation tolerance relaxed to achieve convergence from 5.0288067194671493e-03 to 5.0288067194672117e-03 seconds.
Warning: Simulation tolerance relaxed to achieve convergence from 5.0288067194672117e-03 to 5.0288067194672326e-03 seconds.
Warning: Simulation tolerance relaxed to achieve convergence from 5.0288067194672326e-03 to 5.0288067194673158e-03 seconds.
Warning: Simulation tolerance relaxed to achieve convergence from 5.0288067194673158e-03 to 5.0288067194673262e-03 seconds.
Warning: Simulation tolerance relaxed to achieve convergence from 5.0288067194673262e-03 to 5.0288067194673471e-03 seconds.
Warning: Simulation tolerance relaxed to achieve convergence from 5.0288067194673471e-03 to 5.0288067194673679e-03 seconds.
Warning: Simulation tolerance relaxed to achieve convergence from 5.0288067194673679e-03 to 5.0288067194674199e-03 seconds.
Warning: Simulation tolerance relaxed to achieve convergence from 5.0288067194674199e-03 to 5.0288067194674407e-03 seconds.
Warning: Simulation tolerance relaxed to achieve convergence from 5.0288067194674407e-03 to 5.0288067194675032e-03 seconds.
Warning: Simulation tolerance relaxed to achieve convergence from 5.0288067194675032e-03 to 5.0288067194675240e-03 seconds.
Warning: Simulation tolerance relaxed to achieve convergence from 5.0288067194675240e-03 to 5.0288067194675448e-03 seconds.
Warning: Simulation tolerance relaxed to achieve convergence from 5.0288067194675448e-03 to 5.0288067194675969e-03 seconds.
Warning: Simulation tolerance relaxed to achieve convergence from 5.0288067194675969e-03 to 5.0288067194676489e-03 seconds.
Warning: Simulation tolerance relaxed to achieve convergence from 5.0288067194676489e-03 to 5.0288067194677009e-03 seconds.
Warning: Simulation tolerance relaxed to achieve convergence from 5.0288067194677009e-03 to 5.0288067194677218e-03 seconds.
Warning: Simulation tolerance relaxed to achieve convergence from 5.0288067194677218e-03 to 5.0288067194677946e-03 seconds.
Warning: Simulation tolerance relaxed to achieve convergence from 5.0288067194677946e-03 to 5.0288067194678050e-03 seconds.
Warning: Simulation tolerance relaxed to achieve convergence from 5.0288067194678050e-03 to 5.0288067194678258e-03 seconds.
Warning: Simulation tolerance relaxed to achieve convergence from 5.0288067194678258e-03 to 5.0288067194678571e-03 seconds.
Warning: Simulation tolerance relaxed to achieve convergence from 5.0288067194678571e-03 to 5.0288067194678779e-03 seconds.
Warning: Simulation tolerance relaxed to achieve convergence from 5.0288067194678779e-03 to 5.0288067194678987e-03 seconds.
Warning: Simulation tolerance relaxed to achieve convergence from 5.0288067194678987e-03 to 5.0288067194679507e-03 seconds.
Warning: Simulation tolerance relaxed to achieve convergence from 5.0288067194679507e-03 to 5.0288067194680236e-03 seconds.
Warning: Simulation tolerance relaxed to achieve convergence from 5.0288067194680236e-03 to 5.0288067194680340e-03 seconds.
Warning: Simulation tolerance relaxed to achieve convergence from 5.0288067194680340e-03 to 5.0288067194680444e-03 seconds.
Warning: Simulation tolerance relaxed to achieve convergence from 5.0288067194680444e-03 to 5.0288067194680548e-03 seconds.
Warning: Simulation tolerance relaxed to achieve convergence from 5.0288067194680548e-03 to 5.0288067194680861e-03 seconds.
Warning: Simulation tolerance relaxed to achieve convergence from 5.0288067194680861e-03 to 5.0288067194681069e-03 seconds.
Warning: Simulation tolerance relaxed to achieve convergence from 5.0288067194681069e-03 to 5.0288067194681797e-03 seconds.
Warning: Simulation tolerance relaxed to achieve convergence from 5.0288067194681797e-03 to 5.0288067194682318e-03 seconds.
Warning: Simulation tolerance relaxed to achieve convergence from 5.0288067194682318e-03 to 5.0288067194682942e-03 seconds.
Warning: Simulation tolerance relaxed to achieve convergence from 5.0288067194682942e-03 to 5.0288067194683150e-03 seconds.
Warning: Simulation tolerance relaxed to achieve convergence from 5.0288067194683150e-03 to 5.0288067194683359e-03 seconds.
Warning: Simulation tolerance relaxed to achieve convergence from 5.0288067194683359e-03 to 5.0288067194683567e-03 seconds.
Warning: Simulation tolerance relaxed to achieve convergence from 5.0288067194683567e-03 to 5.0288067194684087e-03 seconds.
Warning: Simulation tolerance relaxed to achieve convergence from 5.0288067194684087e-03 to 5.0288067194684295e-03 seconds.
Warning: Simulation tolerance relaxed to achieve convergence from 5.0288067194684295e-03 to 5.0288067194684816e-03 seconds.
Warning: Simulation tolerance relaxed to achieve convergence from 5.0288067194684816e-03 to 5.0288067194685336e-03 seconds.
Warning: Simulation tolerance relaxed to achieve convergence from 5.0288067194685336e-03 to 5.0288067194685961e-03 seconds.
Warning: Simulation tolerance relaxed to achieve convergence from 5.0288067194685961e-03 to 5.0288067194686689e-03 seconds.
Warning: Simulation tolerance relaxed to achieve convergence from 5.0288067194686689e-03 to 5.0288067194686897e-03 seconds.
Warning: Simulation tolerance relaxed to achieve convergence from 5.0288067194686897e-03 to 5.0288067194687210e-03 seconds.
Warning: Simulation tolerance relaxed to achieve convergence from 5.0288067194687210e-03 to 5.0288067194687730e-03 seconds.
Warning: Simulation tolerance relaxed to achieve convergence from 5.0288067194687730e-03 to 5.0288067194688355e-03 seconds.
Warning: Simulation tolerance relaxed to achieve convergence from 5.0288067194688355e-03 to 5.0288067194688563e-03 seconds.
Warning: Simulation tolerance relaxed to achieve convergence from 5.0288067194688563e-03 to 5.0288067194689083e-03 seconds.
Warning: Simulation tolerance relaxed to achieve convergence from 5.0288067194689083e-03 to 5.0288067194689187e-03 seconds.
Warning: Simulation tolerance relaxed to achieve convergence from 5.0288067194689187e-03 to 5.0288067194689291e-03 seconds.
Warning: Simulation tolerance relaxed to achieve convergence from 5.0288067194689291e-03 to 5.0288067194689499e-03 seconds.
Warning: Simulation tolerance relaxed to achieve convergence from 5.0288067194689499e-03 to 5.0288067194689812e-03 seconds.
Warning: Simulation tolerance relaxed to achieve convergence from 5.0288067194689812e-03 to 5.0288067194690332e-03 seconds.
Warning: Simulation tolerance relaxed to achieve convergence from 5.0288067194690332e-03 to 5.0288067194690853e-03 seconds.
Warning: Simulation tolerance relaxed to achieve convergence from 5.0288067194690853e-03 to 5.0288067194690957e-03 seconds.
Warning: Simulation tolerance relaxed to achieve convergence from 5.0288067194690957e-03 to 5.0288067194691165e-03 seconds.
Warning: Simulation tolerance relaxed to achieve convergence from 5.0288067194691165e-03 to 5.0288067194691789e-03 seconds.
Warning: Simulation tolerance relaxed to achieve convergence from 5.0288067194691789e-03 to 5.0288067194691997e-03 seconds.
Warning: Simulation tolerance relaxed to achieve convergence from 5.0288067194691997e-03 to 5.0288067194692622e-03 seconds.
Warning: Simulation tolerance relaxed to achieve convergence from 5.0288067194692622e-03 to 5.0288067194692830e-03 seconds.
Warning: Simulation tolerance relaxed to achieve convergence from 5.0288067194692830e-03 to 5.0288067194693455e-03 seconds.
Warning: Simulation tolerance relaxed to achieve convergence from 5.0288067194693455e-03 to 5.0288067194693663e-03 seconds.
Warning: Simulation tolerance relaxed to achieve convergence from 5.0288067194693663e-03 to 5.0288067194693871e-03 seconds.
Warning: Simulation tolerance relaxed to achieve convergence from 5.0288067194693871e-03 to 5.0288067194694495e-03 seconds.
Warning: Simulation tolerance relaxed to achieve convergence from 5.0288067194694495e-03 to 5.0288067194694704e-03 seconds.
Warning: Simulation tolerance relaxed to achieve convergence from 5.0288067194694704e-03 to 5.0288067194695224e-03 seconds.
Warning: Simulation tolerance relaxed to achieve convergence from 5.0288067194695224e-03 to 5.0288067194695328e-03 seconds.
Warning: Simulation tolerance relaxed to achieve convergence from 5.0288067194695328e-03 to 5.0288067194695953e-03 seconds.
Warning: Simulation tolerance relaxed to achieve convergence from 5.0288067194695953e-03 to 5.0288067194696161e-03 seconds.
Warning: Simulation tolerance relaxed to achieve convergence from 5.0288067194696161e-03 to 5.0288067194696681e-03 seconds.
Warning: Simulation tolerance relaxed to achieve convergence from 5.0288067194696681e-03 to 5.0288067194697410e-03 seconds.
Warning: Simulation tolerance relaxed to achieve convergence from 5.0288067194697410e-03 to 5.0288067194697618e-03 seconds.
Warning: Simulation tolerance relaxed to achieve convergence from 5.0288067194697618e-03 to 5.0288067194698034e-03 seconds.
Warning: Simulation tolerance relaxed to achieve convergence from 5.0288067194698034e-03 to 5.0288067194698242e-03 seconds.
Warning: Simulation tolerance relaxed to achieve convergence from 5.0288067194698242e-03 to 5.0288067194698763e-03 seconds.
Warning: Simulation tolerance relaxed to achieve convergence from 5.0288067194698763e-03 to 5.0288067194698971e-03 seconds.
Warning: Simulation tolerance relaxed to achieve convergence from 5.0288067194698971e-03 to 5.0288067194699804e-03 seconds.
Warning: Simulation tolerance relaxed to achieve convergence from 5.0288067194699804e-03 to 5.0288067194700012e-03 seconds.
Warning: Simulation tolerance relaxed to achieve convergence from 5.0288067194700012e-03 to 5.0288067194700532e-03 seconds.
Warning: Simulation tolerance relaxed to achieve convergence from 5.0288067194700532e-03 to 5.0288067194700740e-03 seconds.
Warning: Simulation tolerance relaxed to achieve convergence from 5.0288067194700740e-03 to 5.0288067194701261e-03 seconds.
Warning: Simulation tolerance relaxed to achieve convergence from 5.0288067194701261e-03 to 5.0288067194701469e-03 seconds.
Warning: Simulation tolerance relaxed to achieve convergence from 5.0288067194701469e-03 to 5.0288067194701781e-03 seconds.
Warning: Simulation tolerance relaxed to achieve convergence from 5.0288067194701781e-03 to 5.0288067194702406e-03 seconds.
Warning: Simulation tolerance relaxed to achieve convergence from 5.0288067194702406e-03 to 5.0288067194702926e-03 seconds.
Warning: Simulation tolerance relaxed to achieve convergence from 5.0288067194702926e-03 to 5.0288067194703343e-03 seconds.
Warning: Simulation tolerance relaxed to achieve convergence from 5.0288067194703343e-03 to 5.0288067194703655e-03 seconds.
Warning: Simulation tolerance relaxed to achieve convergence from 5.0288067194703655e-03 to 5.0288067194703863e-03 seconds.
Warning: Simulation tolerance relaxed to achieve convergence from 5.0288067194703863e-03 to 5.0288067194704592e-03 seconds.
Warning: Simulation tolerance relaxed to achieve convergence from 5.0288067194704592e-03 to 5.0288067194704800e-03 seconds.
Warning: Simulation tolerance relaxed to achieve convergence from 5.0288067194704800e-03 to 5.0288067194705320e-03 seconds.
Warning: Simulation tolerance relaxed to achieve convergence from 5.0288067194705320e-03 to 5.0288067194705424e-03 seconds.
Warning: Simulation tolerance relaxed to achieve convergence from 5.0288067194705424e-03 to 5.0288067194705632e-03 seconds.
Warning: Simulation tolerance relaxed to achieve convergence from 5.0288067194705632e-03 to 5.0288067194705841e-03 seconds.
Warning: Simulation tolerance relaxed to achieve convergence from 5.0288067194705841e-03 to 5.0288067194706049e-03 seconds.
Warning: Simulation tolerance relaxed to achieve convergence from 5.0288067194706049e-03 to 5.0288067194706465e-03 seconds.
Warning: Simulation tolerance relaxed to achieve convergence from 5.0288067194706465e-03 to 5.0288067194706881e-03 seconds.
Warning: Simulation tolerance relaxed to achieve convergence from 5.0288067194706881e-03 to 5.0288067194707506e-03 seconds.
Warning: Simulation tolerance relaxed to achieve convergence from 5.0288067194707506e-03 to 5.0288067194707610e-03 seconds.
Warning: Simulation tolerance relaxed to achieve convergence from 5.0288067194707610e-03 to 5.0288067194707714e-03 seconds.
Warning: Simulation tolerance relaxed to achieve convergence from 5.0288067194707714e-03 to 5.0288067194707922e-03 seconds.
Warning: Simulation tolerance relaxed to achieve convergence from 5.0288067194707922e-03 to 5.0288067194708130e-03 seconds.
Warning: Simulation tolerance relaxed to achieve convergence from 5.0288067194708130e-03 to 5.0288067194708547e-03 seconds.
Warning: Simulation tolerance relaxed to achieve convergence from 5.0288067194708547e-03 to 5.0288067194708755e-03 seconds.
Warning: Simulation tolerance relaxed to achieve convergence from 5.0288067194708755e-03 to 5.0288067194708963e-03 seconds.
Warning: Simulation tolerance relaxed to achieve convergence from 5.0288067194708963e-03 to 5.0288067194709171e-03 seconds.
Warning: Simulation tolerance relaxed to achieve convergence from 5.0288067194709171e-03 to 5.0288067194709796e-03 seconds.
Warning: Simulation tolerance relaxed to achieve convergence from 5.0288067194709796e-03 to 5.0288067194710004e-03 seconds.
Warning: Simulation tolerance relaxed to achieve convergence from 5.0288067194710004e-03 to 5.0288067194710524e-03 seconds.
Warning: Simulation tolerance relaxed to achieve convergence from 5.0288067194710524e-03 to 5.0288067194710732e-03 seconds.
Warning: Simulation tolerance relaxed to achieve convergence from 5.0288067194710837e-03 to 5.0288067194711253e-03 seconds.
Warning: Simulation tolerance relaxed to achieve convergence from 5.0288067194711253e-03 to 5.0288067194712086e-03 seconds.
Warning: Simulation tolerance relaxed to achieve convergence from 5.0288067194712086e-03 to 5.0288067194712502e-03 seconds.
Warning: Simulation tolerance relaxed to achieve convergence from 5.0288067194712502e-03 to 5.0288067194712710e-03 seconds.
Warning: Simulation tolerance relaxed to achieve convergence from 5.0288067194712710e-03 to 5.0288067194712918e-03 seconds.
Warning: Simulation tolerance relaxed to achieve convergence from 5.0288067194712918e-03 to 5.0288067194713126e-03 seconds.
Warning: Simulation tolerance relaxed to achieve convergence from 5.0288067194713126e-03 to 5.0288067194713647e-03 seconds.
Warning: Simulation tolerance relaxed to achieve convergence from 5.0288067194713647e-03 to 5.0288067194714167e-03 seconds.
Warning: Simulation tolerance relaxed to achieve convergence from 5.0288067194714167e-03 to 5.0288067194714375e-03 seconds.
Warning: Simulation tolerance relaxed to achieve convergence from 5.0288067194714375e-03 to 5.0288067194714479e-03 seconds.
Warning: Simulation tolerance relaxed to achieve convergence from 5.0288067194714479e-03 to 5.0288067194714688e-03 seconds.
Warning: Simulation tolerance relaxed to achieve convergence from 5.0288067194714688e-03 to 5.0288067194715208e-03 seconds.
Warning: Simulation tolerance relaxed to achieve convergence from 5.0288067194715208e-03 to 5.0288067194716353e-03 seconds.
Warning: Simulation tolerance relaxed to achieve convergence from 5.0288067194716353e-03 to 5.0288067194716457e-03 seconds.
Warning: Simulation tolerance relaxed to achieve convergence from 5.0288067194716457e-03 to 5.0288067194716665e-03 seconds.
Warning: Simulation tolerance relaxed to achieve convergence from 5.0288067194716665e-03 to 5.0288067194717082e-03 seconds.
Warning: Simulation tolerance relaxed to achieve convergence from 5.0288067194717082e-03 to 5.0288067194717290e-03 seconds.
Warning: Simulation tolerance relaxed to achieve convergence from 5.0288067194717290e-03 to 5.0288067194717394e-03 seconds.
Warning: Simulation tolerance relaxed to achieve convergence from 5.0288067194717394e-03 to 5.0288067194717914e-03 seconds.
Warning: Simulation tolerance relaxed to achieve convergence from 5.0288067194717914e-03 to 5.0288067194718018e-03 seconds.
Warning: Simulation tolerance relaxed to achieve convergence from 5.0288067194718018e-03 to 5.0288067194718226e-03 seconds.
Warning: Simulation tolerance relaxed to achieve convergence from 5.0288067194718226e-03 to 5.0288067194718955e-03 seconds.
Warning: Simulation tolerance relaxed to achieve convergence from 5.0288067194718955e-03 to 5.0288067194719684e-03 seconds.
Warning: Simulation tolerance relaxed to achieve convergence from 5.0288067194719684e-03 to 5.0288067194720308e-03 seconds.
Warning: Simulation tolerance relaxed to achieve convergence from 5.0288067194720308e-03 to 5.0288067194720516e-03 seconds.
Warning: Simulation tolerance relaxed to achieve convergence from 5.0288067194720516e-03 to 5.0288067194721141e-03 seconds.
Warning: Simulation tolerance relaxed to achieve convergence from 5.0288067194721141e-03 to 5.0288067194721245e-03 seconds.
Warning: Simulation tolerance relaxed to achieve convergence from 5.0288067194721245e-03 to 5.0288067194721453e-03 seconds.
Warning: Simulation tolerance relaxed to achieve convergence from 5.0288067194721453e-03 to 5.0288067194721661e-03 seconds.
Warning: Simulation tolerance relaxed to achieve convergence from 5.0288067194721661e-03 to 5.0288067194721869e-03 seconds.
Warning: Simulation tolerance relaxed to achieve convergence from 5.0288067194721869e-03 to 5.0288067194722494e-03 seconds.
Warning: Simulation tolerance relaxed to achieve convergence from 5.0288067194722494e-03 to 5.0288067194723014e-03 seconds.
Warning: Simulation tolerance relaxed to achieve convergence from 5.0288067194723014e-03 to 5.0288067194723222e-03 seconds.
Warning: Simulation tolerance relaxed to achieve convergence from 5.0288067194723222e-03 to 5.0288067194723535e-03 seconds.
Warning: Simulation tolerance relaxed to achieve convergence from 5.0288067194723535e-03 to 5.0288067194724055e-03 seconds.
Warning: Simulation tolerance relaxed to achieve convergence from 5.0288067194724055e-03 to 5.0288067194724576e-03 seconds.
Warning: Simulation tolerance relaxed to achieve convergence from 5.0288067194724576e-03 to 5.0288067194724784e-03 seconds.
Warning: Simulation tolerance relaxed to achieve convergence from 5.0288067194724784e-03 to 5.0288067194724888e-03 seconds.
Warning: Simulation tolerance relaxed to achieve convergence from 5.0288067194724888e-03 to 5.0288067194725408e-03 seconds.
Warning: Simulation tolerance relaxed to achieve convergence from 5.0288067194725408e-03 to 5.0288067194725929e-03 seconds.
Warning: Simulation tolerance relaxed to achieve convergence from 5.0288067194725929e-03 to 5.0288067194726449e-03 seconds.
Warning: Simulation tolerance relaxed to achieve convergence from 5.0288067194726449e-03 to 5.0288067194726969e-03 seconds.
Warning: Simulation tolerance relaxed to achieve convergence from 5.0288067194726969e-03 to 5.0288067194727178e-03 seconds.
Warning: Simulation tolerance relaxed to achieve convergence from 5.0288067194727178e-03 to 5.0288067194727386e-03 seconds.
Warning: Simulation tolerance relaxed to achieve convergence from 5.0288067194727386e-03 to 5.0288067194727698e-03 seconds.
Warning: Simulation tolerance relaxed to achieve convergence from 5.0288067194727698e-03 to 5.0288067194727906e-03 seconds.
Warning: Simulation tolerance relaxed to achieve convergence from 5.0288067194727906e-03 to 5.0288067194728531e-03 seconds.
Warning: Simulation tolerance relaxed to achieve convergence from 5.0288067194728531e-03 to 5.0288067194728739e-03 seconds.
Warning: Simulation tolerance relaxed to achieve convergence from 5.0288067194728739e-03 to 5.0288067194729259e-03 seconds.
Warning: Simulation tolerance relaxed to achieve convergence from 5.0288067194729259e-03 to 5.0288067194729780e-03 seconds.
Warning: Simulation tolerance relaxed to achieve convergence from 5.0288067194729780e-03 to 5.0288067194730300e-03 seconds.
Warning: Simulation tolerance relaxed to achieve convergence from 5.0288067194730300e-03 to 5.0288067194730925e-03 seconds.
Warning: Simulation tolerance relaxed to achieve convergence from 5.0288067194730925e-03 to 5.0288067194731029e-03 seconds.
Warning: Simulation tolerance relaxed to achieve convergence from 5.0288067194731029e-03 to 5.0288067194731133e-03 seconds.
Warning: Simulation tolerance relaxed to achieve convergence from 5.0288067194731133e-03 to 5.0288067194731237e-03 seconds.
Warning: Simulation tolerance relaxed to achieve convergence from 5.0288067194731237e-03 to 5.0288067194731549e-03 seconds.
Warning: Simulation tolerance relaxed to achieve convergence from 5.0288067194731549e-03 to 5.0288067194731965e-03 seconds.
Warning: Simulation tolerance relaxed to achieve convergence from 5.0288067194731965e-03 to 5.0288067194732070e-03 seconds.
Warning: Simulation tolerance relaxed to achieve convergence from 5.0288067194732070e-03 to 5.0288067194732278e-03 seconds.
Warning: Simulation tolerance relaxed to achieve convergence from 5.0288067194732278e-03 to 5.0288067194732382e-03 seconds.
Warning: Simulation tolerance relaxed to achieve convergence from 5.0288067194732382e-03 to 5.0288067194732590e-03 seconds.
Warning: Simulation tolerance relaxed to achieve convergence from 5.0288067194732590e-03 to 5.0288067194733214e-03 seconds.
Warning: Simulation tolerance relaxed to achieve convergence from 5.0288067194733214e-03 to 5.0288067194733423e-03 seconds.
Warning: Simulation tolerance relaxed to achieve convergence from 5.0288067194733423e-03 to 5.0288067194734047e-03 seconds.
Warning: Simulation tolerance relaxed to achieve convergence from 5.0288067194734047e-03 to 5.0288067194734359e-03 seconds.
Warning: Simulation tolerance relaxed to achieve convergence from 5.0288067194734359e-03 to 5.0288067194735192e-03 seconds.
Warning: Simulation tolerance relaxed to achieve convergence from 5.0288067194735192e-03 to 5.0288067194735921e-03 seconds.
Warning: Simulation tolerance relaxed to achieve convergence from 5.0288067194735921e-03 to 5.0288067194736129e-03 seconds.
Warning: Simulation tolerance relaxed to achieve convergence from 5.0288067194736129e-03 to 5.0288067194736441e-03 seconds.
Warning: Simulation tolerance relaxed to achieve convergence from 5.0288067194736441e-03 to 5.0288067194736649e-03 seconds.
Warning: Simulation tolerance relaxed to achieve convergence from 5.0288067194736753e-03 to 5.0288067194736857e-03 seconds.
Warning: Simulation tolerance relaxed to achieve convergence from 5.0288067194736857e-03 to 5.0288067194736961e-03 seconds.
Warning: Simulation tolerance relaxed to achieve convergence from 5.0288067194737066e-03 to 5.0288067194737170e-03 seconds.
Warning: Simulation tolerance relaxed to achieve convergence from 5.0288067194737170e-03 to 5.0288067194737794e-03 seconds.
Warning: Simulation tolerance relaxed to achieve convergence from 5.0288067194737794e-03 to 5.0288067194738627e-03 seconds.
Warning: Simulation tolerance relaxed to achieve convergence from 5.0288067194738627e-03 to 5.0288067194738731e-03 seconds.
Warning: Simulation tolerance relaxed to achieve convergence from 5.0288067194738731e-03 to 5.0288067194738835e-03 seconds.
Warning: Simulation tolerance relaxed to achieve convergence from 5.0288067194738835e-03 to 5.0288067194739043e-03 seconds.
Warning: Simulation tolerance relaxed to achieve convergence from 5.0288067194739043e-03 to 5.0288067194739459e-03 seconds.
Warning: Simulation tolerance relaxed to achieve convergence from 5.0288067194739459e-03 to 5.0288067194739772e-03 seconds.
Warning: Simulation tolerance relaxed to achieve convergence from 5.0288067194739772e-03 to 5.0288067194739980e-03 seconds.
Warning: Simulation tolerance relaxed to achieve convergence from 5.0288067194740084e-03 to 5.0288067194740917e-03 seconds.
Warning: Simulation tolerance relaxed to achieve convergence from 5.0288067194740917e-03 to 5.0288067194741125e-03 seconds.
Warning: Simulation tolerance relaxed to achieve convergence from 5.0288067194741125e-03 to 5.0288067194741853e-03 seconds.
Warning: Simulation tolerance relaxed to achieve convergence from 5.0288067194741853e-03 to 5.0288067194741957e-03 seconds.
Warning: Simulation tolerance relaxed to achieve convergence from 5.0288067194741957e-03 to 5.0288067194742166e-03 seconds.
Warning: Simulation tolerance relaxed to achieve convergence from 5.0288067194742166e-03 to 5.0288067194742374e-03 seconds.
Warning: Simulation tolerance relaxed to achieve convergence from 5.0288067194742374e-03 to 5.0288067194742582e-03 seconds.
Warning: Simulation tolerance relaxed to achieve convergence from 5.0288067194742582e-03 to 5.0288067194743102e-03 seconds.
Warning: Simulation tolerance relaxed to achieve convergence from 5.0288067194743102e-03 to 5.0288067194743206e-03 seconds.
Warning: Simulation tolerance relaxed to achieve convergence from 5.0288067194743206e-03 to 5.0288067194743415e-03 seconds.
Warning: Simulation tolerance relaxed to achieve convergence from 5.0288067194743415e-03 to 5.0288067194744039e-03 seconds.
Warning: Simulation tolerance relaxed to achieve convergence from 5.0288067194744039e-03 to 5.0288067194744560e-03 seconds.
Warning: Simulation tolerance relaxed to achieve convergence from 5.0288067194744560e-03 to 5.0288067194744768e-03 seconds.
Warning: Simulation tolerance relaxed to achieve convergence from 5.0288067194744768e-03 to 5.0288067194745080e-03 seconds.
Warning: Simulation tolerance relaxed to achieve convergence from 5.0288067194745080e-03 to 5.0288067194745809e-03 seconds.
Warning: Simulation tolerance relaxed to achieve convergence from 5.0288067194745809e-03 to 5.0288067194746225e-03 seconds.
Warning: Simulation tolerance relaxed to achieve convergence from 5.0288067194746225e-03 to 5.0288067194746745e-03 seconds.
Warning: Simulation tolerance relaxed to achieve convergence from 5.0288067194746745e-03 to 5.0288067194746953e-03 seconds.
Warning: Simulation tolerance relaxed to achieve convergence from 5.0288067194746953e-03 to 5.0288067194747162e-03 seconds.
Warning: Simulation tolerance relaxed to achieve convergence from 5.0288067194747162e-03 to 5.0288067194747682e-03 seconds.
Warning: Simulation tolerance relaxed to achieve convergence from 5.0288067194747682e-03 to 5.0288067194747890e-03 seconds.
Warning: Simulation tolerance relaxed to achieve convergence from 5.0288067194747890e-03 to 5.0288067194748619e-03 seconds.
Warning: Simulation tolerance relaxed to achieve convergence from 5.0288067194748619e-03 to 5.0288067194748723e-03 seconds.
Warning: Simulation tolerance relaxed to achieve convergence from 5.0288067194748723e-03 to 5.0288067194748827e-03 seconds.
Warning: Simulation tolerance relaxed to achieve convergence from 5.0288067194748827e-03 to 5.0288067194749035e-03 seconds.
Warning: Simulation tolerance relaxed to achieve convergence from 5.0288067194749035e-03 to 5.0288067194749347e-03 seconds.
Warning: Simulation tolerance relaxed to achieve convergence from 5.0288067194749347e-03 to 5.0288067194749556e-03 seconds.
Warning: Simulation tolerance relaxed to achieve convergence from 5.0288067194749556e-03 to 5.0288067194749868e-03 seconds.
Warning: Simulation tolerance relaxed to achieve convergence from 5.0288067194749972e-03 to 5.0288067194750492e-03 seconds.
Warning: Simulation tolerance relaxed to achieve convergence from 5.0288067194750492e-03 to 5.0288067194750700e-03 seconds.
Warning: Simulation tolerance relaxed to achieve convergence from 5.0288067194750700e-03 to 5.0288067194750909e-03 seconds.
Warning: Simulation tolerance relaxed to achieve convergence from 5.0288067194750909e-03 to 5.0288067194751117e-03 seconds.
Warning: Simulation tolerance relaxed to achieve convergence from 5.0288067194751117e-03 to 5.0288067194751325e-03 seconds.
Warning: Simulation tolerance relaxed to achieve convergence from 5.0288067194751325e-03 to 5.0288067194751845e-03 seconds.
Warning: Simulation tolerance relaxed to achieve convergence from 5.0288067194751845e-03 to 5.0288067194752366e-03 seconds.
Warning: Simulation tolerance relaxed to achieve convergence from 5.0288067194752366e-03 to 5.0288067194752782e-03 seconds.
Warning: Simulation tolerance relaxed to achieve convergence from 5.0288067194752782e-03 to 5.0288067194752990e-03 seconds.
Warning: Simulation tolerance relaxed to achieve convergence from 5.0288067194752990e-03 to 5.0288067194753198e-03 seconds.
Warning: Simulation tolerance relaxed to achieve convergence from 5.0288067194753198e-03 to 5.0288067194753719e-03 seconds.
Warning: Simulation tolerance relaxed to achieve convergence from 5.0288067194753719e-03 to 5.0288067194754239e-03 seconds.
Warning: Simulation tolerance relaxed to achieve convergence from 5.0288067194754239e-03 to 5.0288067194754447e-03 seconds.
Warning: Simulation tolerance relaxed to achieve convergence from 5.0288067194754447e-03 to 5.0288067194754968e-03 seconds.
Warning: Simulation tolerance relaxed to achieve convergence from 5.0288067194754968e-03 to 5.0288067194755696e-03 seconds.
Warning: Simulation tolerance relaxed to achieve convergence from 5.0288067194755696e-03 to 5.0288067194756009e-03 seconds.
Warning: Simulation tolerance relaxed to achieve convergence from 5.0288067194756009e-03 to 5.0288067194756529e-03 seconds.
Warning: Simulation tolerance relaxed to achieve convergence from 5.0288067194756529e-03 to 5.0288067194756737e-03 seconds.
Warning: Simulation tolerance relaxed to achieve convergence from 5.0288067194756737e-03 to 5.0288067194757258e-03 seconds.
Warning: Simulation tolerance relaxed to achieve convergence from 5.0288067194757258e-03 to 5.0288067194757466e-03 seconds.
Warning: Simulation tolerance relaxed to achieve convergence from 5.0288067194757466e-03 to 5.0288067194757674e-03 seconds.
Warning: Simulation tolerance relaxed to achieve convergence from 5.0288067194757674e-03 to 5.0288067194757882e-03 seconds.
Warning: Simulation tolerance relaxed to achieve convergence from 5.0288067194757882e-03 to 5.0288067194758090e-03 seconds.
Warning: Simulation tolerance relaxed to achieve convergence from 5.0288067194758090e-03 to 5.0288067194758715e-03 seconds.
Warning: Simulation tolerance relaxed to achieve convergence from 5.0288067194758715e-03 to 5.0288067194759235e-03 seconds.
Warning: Simulation tolerance relaxed to achieve convergence from 5.0288067194759235e-03 to 5.0288067194759756e-03 seconds.
Warning: Simulation tolerance relaxed to achieve convergence from 5.0288067194759756e-03 to 5.0288067194760276e-03 seconds.
Warning: Simulation tolerance relaxed to achieve convergence from 5.0288067194760276e-03 to 5.0288067194760380e-03 seconds.
Warning: Simulation tolerance relaxed to achieve convergence from 5.0288067194760380e-03 to 5.0288067194760588e-03 seconds.
Warning: Simulation tolerance relaxed to achieve convergence from 5.0288067194760588e-03 to 5.0288067194760797e-03 seconds.
Warning: Simulation tolerance relaxed to achieve convergence from 5.0288067194760797e-03 to 5.0288067194761317e-03 seconds.
Warning: Simulation tolerance relaxed to achieve convergence from 5.0288067194761317e-03 to 5.0288067194761525e-03 seconds.
Warning: Simulation tolerance relaxed to achieve convergence from 5.0288067194761525e-03 to 5.0288067194761733e-03 seconds.
Warning: Simulation tolerance relaxed to achieve convergence from 5.0288067194761733e-03 to 5.0288067194762462e-03 seconds.
Warning: Simulation tolerance relaxed to achieve convergence from 5.0288067194762462e-03 to 5.0288067194762878e-03 seconds.
Warning: Simulation tolerance relaxed to achieve convergence from 5.0288067194762878e-03 to 5.0288067194763295e-03 seconds.
Warning: Simulation tolerance relaxed to achieve convergence from 5.0288067194763295e-03 to 5.0288067194763711e-03 seconds.
Warning: Simulation tolerance relaxed to achieve convergence from 5.0288067194763711e-03 to 5.0288067194764023e-03 seconds.
Warning: Simulation tolerance relaxed to achieve convergence from 5.0288067194764023e-03 to 5.0288067194764752e-03 seconds.
Warning: Simulation tolerance relaxed to achieve convergence from 5.0288067194764752e-03 to 5.0288067194765168e-03 seconds.
Warning: Simulation tolerance relaxed to achieve convergence from 5.0288067194765168e-03 to 5.0288067194765376e-03 seconds.
Warning: Simulation tolerance relaxed to achieve convergence from 5.0288067194765376e-03 to 5.0288067194765480e-03 seconds.
Warning: Simulation tolerance relaxed to achieve convergence from 5.0288067194765480e-03 to 5.0288067194765688e-03 seconds.
Warning: Simulation tolerance relaxed to achieve convergence from 5.0288067194765688e-03 to 5.0288067194765793e-03 seconds.
Warning: Simulation tolerance relaxed to achieve convergence from 5.0288067194765793e-03 to 5.0288067194766625e-03 seconds.
Warning: Simulation tolerance relaxed to achieve convergence from 5.0288067194766625e-03 to 5.0288067194766729e-03 seconds.
Warning: Simulation tolerance relaxed to achieve convergence from 5.0288067194766729e-03 to 5.0288067194767042e-03 seconds.
Warning: Simulation tolerance relaxed to achieve convergence from 5.0288067194767042e-03 to 5.0288067194767146e-03 seconds.
Warning: Simulation tolerance relaxed to achieve convergence from 5.0288067194767146e-03 to 5.0288067194767250e-03 seconds.
Warning: Simulation tolerance relaxed to achieve convergence from 5.0288067194767250e-03 to 5.0288067194767458e-03 seconds.
Warning: Simulation tolerance relaxed to achieve convergence from 5.0288067194767458e-03 to 5.0288067194767666e-03 seconds.
Warning: Simulation tolerance relaxed to achieve convergence from 5.0288067194767666e-03 to 5.0288067194768082e-03 seconds.
Warning: Simulation tolerance relaxed to achieve convergence from 5.0288067194768082e-03 to 5.0288067194768186e-03 seconds.
Warning: Simulation tolerance relaxed to achieve convergence from 5.0288067194768186e-03 to 5.0288067194768395e-03 seconds.
Warning: Simulation tolerance relaxed to achieve convergence from 5.0288067194768395e-03 to 5.0288067194768915e-03 seconds.
Warning: Simulation tolerance relaxed to achieve convergence from 5.0288067194768915e-03 to 5.0288067194769540e-03 seconds.
Warning: Simulation tolerance relaxed to achieve convergence from 5.0288067194769540e-03 to 5.0288067194769956e-03 seconds.
Warning: Simulation tolerance relaxed to achieve convergence from 5.0288067194769956e-03 to 5.0288067194770372e-03 seconds.
Warning: Simulation tolerance relaxed to achieve convergence from 5.0288067194770372e-03 to 5.0288067194770580e-03 seconds.
Warning: Simulation tolerance relaxed to achieve convergence from 5.0288067194770580e-03 to 5.0288067194770789e-03 seconds.
Warning: Simulation tolerance relaxed to achieve convergence from 5.0288067194770789e-03 to 5.0288067194771309e-03 seconds.
Warning: Simulation tolerance relaxed to achieve convergence from 5.0288067194771309e-03 to 5.0288067194771517e-03 seconds.
Warning: Simulation tolerance relaxed to achieve convergence from 5.0288067194771517e-03 to 5.0288067194772038e-03 seconds.
Warning: Simulation tolerance relaxed to achieve convergence from 5.0288067194772038e-03 to 5.0288067194772142e-03 seconds.
Warning: Simulation tolerance relaxed to achieve convergence from 5.0288067194772142e-03 to 5.0288067194772662e-03 seconds.
Warning: Simulation tolerance relaxed to achieve convergence from 5.0288067194772662e-03 to 5.0288067194773287e-03 seconds.
Warning: Simulation tolerance relaxed to achieve convergence from 5.0288067194773287e-03 to 5.0288067194773703e-03 seconds.
Warning: Simulation tolerance relaxed to achieve convergence from 5.0288067194773703e-03 to 5.0288067194774119e-03 seconds.
Warning: Simulation tolerance relaxed to achieve convergence from 5.0288067194774119e-03 to 5.0288067194774431e-03 seconds.
Warning: Simulation tolerance relaxed to achieve convergence from 5.0288067194774431e-03 to 5.0288067194774640e-03 seconds.
Warning: Simulation tolerance relaxed to achieve convergence from 5.0288067194774744e-03 to 5.0288067194775264e-03 seconds.
Warning: Simulation tolerance relaxed to achieve convergence from 5.0288067194775264e-03 to 5.0288067194775785e-03 seconds.
Warning: Simulation tolerance relaxed to achieve convergence from 5.0288067194775785e-03 to 5.0288067194775993e-03 seconds.
Warning: Simulation tolerance relaxed to achieve convergence from 5.0288067194775993e-03 to 5.0288067194776201e-03 seconds.
Warning: Simulation tolerance relaxed to achieve convergence from 5.0288067194776201e-03 to 5.0288067194777034e-03 seconds.
Warning: Simulation tolerance relaxed to achieve convergence from 5.0288067194777034e-03 to 5.0288067194777762e-03 seconds.
Warning: Simulation tolerance relaxed to achieve convergence from 5.0288067194777762e-03 to 5.0288067194777970e-03 seconds.
Warning: Simulation tolerance relaxed to achieve convergence from 5.0288067194777970e-03 to 5.0288067194778178e-03 seconds.
Warning: Simulation tolerance relaxed to achieve convergence from 5.0288067194778178e-03 to 5.0288067194778387e-03 seconds.
Warning: Simulation tolerance relaxed to achieve convergence from 5.0288067194778387e-03 to 5.0288067194778595e-03 seconds.
Warning: Simulation tolerance relaxed to achieve convergence from 5.0288067194778595e-03 to 5.0288067194779115e-03 seconds.
Warning: Simulation tolerance relaxed to achieve convergence from 5.0288067194779115e-03 to 5.0288067194779323e-03 seconds.
Warning: Simulation tolerance relaxed to achieve convergence from 5.0288067194779323e-03 to 5.0288067194779532e-03 seconds.
Warning: Simulation tolerance relaxed to achieve convergence from 5.0288067194779532e-03 to 5.0288067194780364e-03 seconds.
Warning: Simulation tolerance relaxed to achieve convergence from 5.0288067194780364e-03 to 5.0288067194780885e-03 seconds.
Warning: Simulation tolerance relaxed to achieve convergence from 5.0288067194780885e-03 to 5.0288067194781197e-03 seconds.
Warning: Simulation tolerance relaxed to achieve convergence from 5.0288067194781197e-03 to 5.0288067194781925e-03 seconds.
Warning: Simulation tolerance relaxed to achieve convergence from 5.0288067194781925e-03 to 5.0288067194782030e-03 seconds.
Warning: Simulation tolerance relaxed to achieve convergence from 5.0288067194782030e-03 to 5.0288067194782238e-03 seconds.
Warning: Simulation tolerance relaxed to achieve convergence from 5.0288067194782238e-03 to 5.0288067194782446e-03 seconds.
Warning: Simulation tolerance relaxed to achieve convergence from 5.0288067194782446e-03 to 5.0288067194782966e-03 seconds.
Warning: Simulation tolerance relaxed to achieve convergence from 5.0288067194782966e-03 to 5.0288067194783070e-03 seconds.
Warning: Simulation tolerance relaxed to achieve convergence from 5.0288067194783070e-03 to 5.0288067194783279e-03 seconds.
Warning: Simulation tolerance relaxed to achieve convergence from 5.0288067194783279e-03 to 5.0288067194783487e-03 seconds.
Warning: Simulation tolerance relaxed to achieve convergence from 5.0288067194783487e-03 to 5.0288067194784007e-03 seconds.
Warning: Simulation tolerance relaxed to achieve convergence from 5.0288067194784007e-03 to 5.0288067194784215e-03 seconds.
Warning: Simulation tolerance relaxed to achieve convergence from 5.0288067194784215e-03 to 5.0288067194785152e-03 seconds.
Warning: Simulation tolerance relaxed to achieve convergence from 5.0288067194785152e-03 to 5.0288067194785464e-03 seconds.
Warning: Simulation tolerance relaxed to achieve convergence from 5.0288067194785464e-03 to 5.0288067194785777e-03 seconds.
Warning: Simulation tolerance relaxed to achieve convergence from 5.0288067194785777e-03 to 5.0288067194786609e-03 seconds.
Warning: Simulation tolerance relaxed to achieve convergence from 5.0288067194786609e-03 to 5.0288067194786713e-03 seconds.
Warning: Simulation tolerance relaxed to achieve convergence from 5.0288067194786713e-03 to 5.0288067194786921e-03 seconds.
Warning: Simulation tolerance relaxed to achieve convergence from 5.0288067194786921e-03 to 5.0288067194787650e-03 seconds.
Warning: Simulation tolerance relaxed to achieve convergence from 5.0288067194787650e-03 to 5.0288067194787754e-03 seconds.
Warning: Simulation tolerance relaxed to achieve convergence from 5.0288067194787754e-03 to 5.0288067194788066e-03 seconds.
Warning: Simulation tolerance relaxed to achieve convergence from 5.0288067194788066e-03 to 5.0288067194788691e-03 seconds.
Warning: Simulation tolerance relaxed to achieve convergence from 5.0288067194788691e-03 to 5.0288067194788899e-03 seconds.
Warning: Simulation tolerance relaxed to achieve convergence from 5.0288067194788899e-03 to 5.0288067194789420e-03 seconds.
Warning: Simulation tolerance relaxed to achieve convergence from 5.0288067194789420e-03 to 5.0288067194789628e-03 seconds.
Warning: Simulation tolerance relaxed to achieve convergence from 5.0288067194789628e-03 to 5.0288067194790252e-03 seconds.
Warning: Simulation tolerance relaxed to achieve convergence from 5.0288067194790252e-03 to 5.0288067194790356e-03 seconds.
Warning: Simulation tolerance relaxed to achieve convergence from 5.0288067194790356e-03 to 5.0288067194790564e-03 seconds.
Warning: Simulation tolerance relaxed to achieve convergence from 5.0288067194790564e-03 to 5.0288067194790773e-03 seconds.
Warning: Simulation tolerance relaxed to achieve convergence from 5.0288067194790773e-03 to 5.0288067194791605e-03 seconds.
Warning: Simulation tolerance relaxed to achieve convergence from 5.0288067194791605e-03 to 5.0288067194791918e-03 seconds.
Warning: Simulation tolerance relaxed to achieve convergence from 5.0288067194791918e-03 to 5.0288067194792126e-03 seconds.
Warning: Simulation tolerance relaxed to achieve convergence from 5.0288067194792230e-03 to 5.0288067194792334e-03 seconds.
Warning: Simulation tolerance relaxed to achieve convergence from 5.0288067194792334e-03 to 5.0288067194792438e-03 seconds.
Warning: Simulation tolerance relaxed to achieve convergence from 5.0288067194792438e-03 to 5.0288067194792854e-03 seconds.
Warning: Simulation tolerance relaxed to achieve convergence from 5.0288067194792854e-03 to 5.0288067194793375e-03 seconds.
Warning: Simulation tolerance relaxed to achieve convergence from 5.0288067194793375e-03 to 5.0288067194793999e-03 seconds.
Warning: Simulation tolerance relaxed to achieve convergence from 5.0288067194793999e-03 to 5.0288067194794207e-03 seconds.
Warning: Simulation tolerance relaxed to achieve convergence from 5.0288067194794207e-03 to 5.0288067194794936e-03 seconds.
Warning: Simulation tolerance relaxed to achieve convergence from 5.0288067194794936e-03 to 5.0288067194795560e-03 seconds.
Warning: Simulation tolerance relaxed to achieve convergence from 5.0288067194795560e-03 to 5.0288067194795769e-03 seconds.
Warning: Simulation tolerance relaxed to achieve convergence from 5.0288067194795769e-03 to 5.0288067194796185e-03 seconds.
Warning: Simulation tolerance relaxed to achieve convergence from 5.0288067194796185e-03 to 5.0288067194796393e-03 seconds.
Warning: Simulation tolerance relaxed to achieve convergence from 5.0288067194796393e-03 to 5.0288067194796914e-03 seconds.
Warning: Simulation tolerance relaxed to achieve convergence from 5.0288067194796914e-03 to 5.0288067194797122e-03 seconds.
Warning: Simulation tolerance relaxed to achieve convergence from 5.0288067194797122e-03 to 5.0288067194797642e-03 seconds.
Warning: Simulation tolerance relaxed to achieve convergence from 5.0288067194797642e-03 to 5.0288067194797746e-03 seconds.
Warning: Simulation tolerance relaxed to achieve convergence from 5.0288067194797746e-03 to 5.0288067194797954e-03 seconds.
Warning: Simulation tolerance relaxed to achieve convergence from 5.0288067194797954e-03 to 5.0288067194798683e-03 seconds.
Warning: Simulation tolerance relaxed to achieve convergence from 5.0288067194798683e-03 to 5.0288067194798787e-03 seconds.
Warning: Simulation tolerance relaxed to achieve convergence from 5.0288067194798787e-03 to 5.0288067194798891e-03 seconds.
Warning: Simulation tolerance relaxed to achieve convergence from 5.0288067194798891e-03 to 5.0288067194799099e-03 seconds.
Warning: Simulation tolerance relaxed to achieve convergence from 5.0288067194799099e-03 to 5.0288067194799203e-03 seconds.
Warning: Simulation tolerance relaxed to achieve convergence from 5.0288067194799203e-03 to 5.0288067194799620e-03 seconds.
Warning: Simulation tolerance relaxed to achieve convergence from 5.0288067194799620e-03 to 5.0288067194799828e-03 seconds.
Warning: Simulation tolerance relaxed to achieve convergence from 5.0288067194799828e-03 to 5.0288067194800348e-03 seconds.
Warning: Simulation tolerance relaxed to achieve convergence from 5.0288067194800348e-03 to 5.0288067194800661e-03 seconds.
Warning: Simulation tolerance relaxed to achieve convergence from 5.0288067194800661e-03 to 5.0288067194800973e-03 seconds.
Warning: Simulation tolerance relaxed to achieve convergence from 5.0288067194800973e-03 to 5.0288067194801285e-03 seconds.
Warning: Simulation tolerance relaxed to achieve convergence from 5.0288067194801285e-03 to 5.0288067194801910e-03 seconds.
Warning: Simulation tolerance relaxed to achieve convergence from 5.0288067194801910e-03 to 5.0288067194802742e-03 seconds.
Warning: Simulation tolerance relaxed to achieve convergence from 5.0288067194802742e-03 to 5.0288067194803054e-03 seconds.
Warning: Simulation tolerance relaxed to achieve convergence from 5.0288067194803054e-03 to 5.0288067194803159e-03 seconds.
Warning: Simulation tolerance relaxed to achieve convergence from 5.0288067194803159e-03 to 5.0288067194803575e-03 seconds.
Warning: Simulation tolerance relaxed to achieve convergence from 5.0288067194803575e-03 to 5.0288067194803783e-03 seconds.
Warning: Simulation tolerance relaxed to achieve convergence from 5.0288067194803783e-03 to 5.0288067194803991e-03 seconds.
Warning: Simulation tolerance relaxed to achieve convergence from 5.0288067194804095e-03 to 5.0288067194804928e-03 seconds.
Warning: Simulation tolerance relaxed to achieve convergence from 5.0288067194804928e-03 to 5.0288067194805136e-03 seconds.
Warning: Simulation tolerance relaxed to achieve convergence from 5.0288067194805136e-03 to 5.0288067194805344e-03 seconds.
Warning: Simulation tolerance relaxed to achieve convergence from 5.0288067194805344e-03 to 5.0288067194805865e-03 seconds.
Warning: Simulation tolerance relaxed to achieve convergence from 5.0288067194805865e-03 to 5.0288067194806073e-03 seconds.
Warning: Simulation tolerance relaxed to achieve convergence from 5.0288067194806073e-03 to 5.0288067194806593e-03 seconds.
Warning: Simulation tolerance relaxed to achieve convergence from 5.0288067194806593e-03 to 5.0288067194807114e-03 seconds.
Warning: Simulation tolerance relaxed to achieve convergence from 5.0288067194807114e-03 to 5.0288067194807218e-03 seconds.
Warning: Simulation tolerance relaxed to achieve convergence from 5.0288067194807218e-03 to 5.0288067194807426e-03 seconds.
Warning: Simulation tolerance relaxed to achieve convergence from 5.0288067194807426e-03 to 5.0288067194807946e-03 seconds.
Warning: Simulation tolerance relaxed to achieve convergence from 5.0288067194807946e-03 to 5.0288067194808259e-03 seconds.
Warning: Simulation tolerance relaxed to achieve convergence from 5.0288067194808259e-03 to 5.0288067194808363e-03 seconds.
Warning: Simulation tolerance relaxed to achieve convergence from 5.0288067194808363e-03 to 5.0288067194808883e-03 seconds.
Warning: Simulation tolerance relaxed to achieve convergence from 5.0288067194808883e-03 to 5.0288067194809091e-03 seconds.
Warning: Simulation tolerance relaxed to achieve convergence from 5.0288067194809091e-03 to 5.0288067194809508e-03 seconds.
Warning: Simulation tolerance relaxed to achieve convergence from 5.0288067194809508e-03 to 5.0288067194809716e-03 seconds.
Warning: Simulation tolerance relaxed to achieve convergence from 5.0288067194809716e-03 to 5.0288067194809924e-03 seconds.
Warning: Simulation tolerance relaxed to achieve convergence from 5.0288067194809924e-03 to 5.0288067194810444e-03 seconds.
Warning: Simulation tolerance relaxed to achieve convergence from 5.0288067194810444e-03 to 5.0288067194810653e-03 seconds.
Warning: Simulation tolerance relaxed to achieve convergence from 5.0288067194810757e-03 to 5.0288067194811173e-03 seconds.
Warning: Simulation tolerance relaxed to achieve convergence from 5.0288067194811173e-03 to 5.0288067194812214e-03 seconds.
Warning: Simulation tolerance relaxed to achieve convergence from 5.0288067194812214e-03 to 5.0288067194812734e-03 seconds.
Warning: Simulation tolerance relaxed to achieve convergence from 5.0288067194812734e-03 to 5.0288067194812838e-03 seconds.
Warning: Simulation tolerance relaxed to achieve convergence from 5.0288067194812838e-03 to 5.0288067194812942e-03 seconds.
Warning: Simulation tolerance relaxed to achieve convergence from 5.0288067194812942e-03 to 5.0288067194813255e-03 seconds.
Warning: Simulation tolerance relaxed to achieve convergence from 5.0288067194813255e-03 to 5.0288067194813463e-03 seconds.
Warning: Simulation tolerance relaxed to achieve convergence from 5.0288067194813463e-03 to 5.0288067194814087e-03 seconds.
Warning: Simulation tolerance relaxed to achieve convergence from 5.0288067194814087e-03 to 5.0288067194814712e-03 seconds.
Warning: Simulation tolerance relaxed to achieve convergence from 5.0288067194814712e-03 to 5.0288067194814920e-03 seconds.
Warning: Simulation tolerance relaxed to achieve convergence from 5.0288067194814920e-03 to 5.0288067194815232e-03 seconds.
Warning: Simulation tolerance relaxed to achieve convergence from 5.0288067194815232e-03 to 5.0288067194815961e-03 seconds.
Warning: Simulation tolerance relaxed to achieve convergence from 5.0288067194815961e-03 to 5.0288067194816689e-03 seconds.
Warning: Simulation tolerance relaxed to achieve convergence from 5.0288067194816689e-03 to 5.0288067194816898e-03 seconds.
Warning: Simulation tolerance relaxed to achieve convergence from 5.0288067194816898e-03 to 5.0288067194817106e-03 seconds.
Warning: Simulation tolerance relaxed to achieve convergence from 5.0288067194817106e-03 to 5.0288067194817834e-03 seconds.
Warning: Simulation tolerance relaxed to achieve convergence from 5.0288067194817834e-03 to 5.0288067194818042e-03 seconds.
Warning: Simulation tolerance relaxed to achieve convergence from 5.0288067194818042e-03 to 5.0288067194818251e-03 seconds.
Warning: Simulation tolerance relaxed to achieve convergence from 5.0288067194818251e-03 to 5.0288067194818771e-03 seconds.
Warning: Simulation tolerance relaxed to achieve convergence from 5.0288067194818771e-03 to 5.0288067194819396e-03 seconds.
Warning: Simulation tolerance relaxed to achieve convergence from 5.0288067194819396e-03 to 5.0288067194820020e-03 seconds.
Warning: Simulation tolerance relaxed to achieve convergence from 5.0288067194820020e-03 to 5.0288067194820540e-03 seconds.
Warning: Simulation tolerance relaxed to achieve convergence from 5.0288067194820540e-03 to 5.0288067194820749e-03 seconds.
Warning: Simulation tolerance relaxed to achieve convergence from 5.0288067194820749e-03 to 5.0288067194820853e-03 seconds.
Warning: Simulation tolerance relaxed to achieve convergence from 5.0288067194820853e-03 to 5.0288067194821165e-03 seconds.
Warning: Simulation tolerance relaxed to achieve convergence from 5.0288067194821165e-03 to 5.0288067194821581e-03 seconds.
Warning: Simulation tolerance relaxed to achieve convergence from 5.0288067194821581e-03 to 5.0288067194821998e-03 seconds.
Warning: Simulation tolerance relaxed to achieve convergence from 5.0288067194821998e-03 to 5.0288067194822102e-03 seconds.
Warning: Simulation tolerance relaxed to achieve convergence from 5.0288067194822102e-03 to 5.0288067194822310e-03 seconds.
Warning: Simulation tolerance relaxed to achieve convergence from 5.0288067194822310e-03 to 5.0288067194822726e-03 seconds.
Warning: Simulation tolerance relaxed to achieve convergence from 5.0288067194822726e-03 to 5.0288067194822830e-03 seconds.
Warning: Simulation tolerance relaxed to achieve convergence from 5.0288067194822830e-03 to 5.0288067194822934e-03 seconds.
Warning: Simulation tolerance relaxed to achieve convergence from 5.0288067194822934e-03 to 5.0288067194823143e-03 seconds.
Warning: Simulation tolerance relaxed to achieve convergence from 5.0288067194823143e-03 to 5.0288067194823247e-03 seconds.
Warning: Simulation tolerance relaxed to achieve convergence from 5.0288067194823247e-03 to 5.0288067194823663e-03 seconds.
Warning: Simulation tolerance relaxed to achieve convergence from 5.0288067194823663e-03 to 5.0288067194823871e-03 seconds.
Warning: Simulation tolerance relaxed to achieve convergence from 5.0288067194823871e-03 to 5.0288067194824392e-03 seconds.
Warning: Simulation tolerance relaxed to achieve convergence from 5.0288067194824392e-03 to 5.0288067194824912e-03 seconds.
Warning: Simulation tolerance relaxed to achieve convergence from 5.0288067194824912e-03 to 5.0288067194825120e-03 seconds.
Warning: Simulation tolerance relaxed to achieve convergence from 5.0288067194825120e-03 to 5.0288067194825745e-03 seconds.
Warning: Simulation tolerance relaxed to achieve convergence from 5.0288067194825745e-03 to 5.0288067194826265e-03 seconds.
Warning: Simulation tolerance relaxed to achieve convergence from 5.0288067194826265e-03 to 5.0288067194826994e-03 seconds.
Warning: Simulation tolerance relaxed to achieve convergence from 5.0288067194826994e-03 to 5.0288067194827410e-03 seconds.
Warning: Simulation tolerance relaxed to achieve convergence from 5.0288067194827410e-03 to 5.0288067194827618e-03 seconds.
Warning: Simulation tolerance relaxed to achieve convergence from 5.0288067194827618e-03 to 5.0288067194827826e-03 seconds.
Warning: Simulation tolerance relaxed to achieve convergence from 5.0288067194827826e-03 to 5.0288067194828034e-03 seconds.
Warning: Simulation tolerance relaxed to achieve convergence from 5.0288067194828034e-03 to 5.0288067194828763e-03 seconds.
Warning: Simulation tolerance relaxed to achieve convergence from 5.0288067194828763e-03 to 5.0288067194829283e-03 seconds.
Warning: Simulation tolerance relaxed to achieve convergence from 5.0288067194829283e-03 to 5.0288067194829492e-03 seconds.
Warning: Simulation tolerance relaxed to achieve convergence from 5.0288067194829492e-03 to 5.0288067194829700e-03 seconds.
Warning: Simulation tolerance relaxed to achieve convergence from 5.0288067194829804e-03 to 5.0288067194830220e-03 seconds.
Warning: Simulation tolerance relaxed to achieve convergence from 5.0288067194830220e-03 to 5.0288067194830741e-03 seconds.
Warning: Simulation tolerance relaxed to achieve convergence from 5.0288067194830741e-03 to 5.0288067194831573e-03 seconds.
Warning: Simulation tolerance relaxed to achieve convergence from 5.0288067194831573e-03 to 5.0288067194831781e-03 seconds.
Warning: Simulation tolerance relaxed to achieve convergence from 5.0288067194831781e-03 to 5.0288067194832302e-03 seconds.
Warning: Simulation tolerance relaxed to achieve convergence from 5.0288067194832302e-03 to 5.0288067194832614e-03 seconds.
Warning: Simulation tolerance relaxed to achieve convergence from 5.0288067194832614e-03 to 5.0288067194833343e-03 seconds.
Warning: Simulation tolerance relaxed to achieve convergence from 5.0288067194833343e-03 to 5.0288067194833551e-03 seconds.
Warning: Simulation tolerance relaxed to achieve convergence from 5.0288067194833551e-03 to 5.0288067194833967e-03 seconds.
Warning: Simulation tolerance relaxed to achieve convergence from 5.0288067194833967e-03 to 5.0288067194834175e-03 seconds.
Warning: Simulation tolerance relaxed to achieve convergence from 5.0288067194834175e-03 to 5.0288067194834696e-03 seconds.
Warning: Simulation tolerance relaxed to achieve convergence from 5.0288067194834696e-03 to 5.0288067194835216e-03 seconds.
Warning: Simulation tolerance relaxed to achieve convergence from 5.0288067194835216e-03 to 5.0288067194836049e-03 seconds.
Warning: Simulation tolerance relaxed to achieve convergence from 5.0288067194836049e-03 to 5.0288067194836153e-03 seconds.
Warning: Simulation tolerance relaxed to achieve convergence from 5.0288067194836153e-03 to 5.0288067194836257e-03 seconds.
Warning: Simulation tolerance relaxed to achieve convergence from 5.0288067194836257e-03 to 5.0288067194836569e-03 seconds.
Warning: Simulation tolerance relaxed to achieve convergence from 5.0288067194836569e-03 to 5.0288067194836986e-03 seconds.
Warning: Simulation tolerance relaxed to achieve convergence from 5.0288067194836986e-03 to 5.0288067194837194e-03 seconds.
Warning: Simulation tolerance relaxed to achieve convergence from 5.0288067194837194e-03 to 5.0288067194837506e-03 seconds.
Warning: Simulation tolerance relaxed to achieve convergence from 5.0288067194837506e-03 to 5.0288067194838235e-03 seconds.
Warning: Simulation tolerance relaxed to achieve convergence from 5.0288067194838235e-03 to 5.0288067194838443e-03 seconds.
Warning: Simulation tolerance relaxed to achieve convergence from 5.0288067194838443e-03 to 5.0288067194838859e-03 seconds.
Warning: Simulation tolerance relaxed to achieve convergence from 5.0288067194838859e-03 to 5.0288067194839067e-03 seconds.
Warning: Simulation tolerance relaxed to achieve convergence from 5.0288067194839067e-03 to 5.0288067194839588e-03 seconds.
Warning: Simulation tolerance relaxed to achieve convergence from 5.0288067194839588e-03 to 5.0288067194840108e-03 seconds.
Warning: Simulation tolerance relaxed to achieve convergence from 5.0288067194840108e-03 to 5.0288067194840524e-03 seconds.
Warning: Simulation tolerance relaxed to achieve convergence from 5.0288067194840524e-03 to 5.0288067194840733e-03 seconds.
Warning: Simulation tolerance relaxed to achieve convergence from 5.0288067194840733e-03 to 5.0288067194841357e-03 seconds.
Warning: Simulation tolerance relaxed to achieve convergence from 5.0288067194841357e-03 to 5.0288067194841878e-03 seconds.
Warning: Simulation tolerance relaxed to achieve convergence from 5.0288067194841878e-03 to 5.0288067194841982e-03 seconds.
Warning: Simulation tolerance relaxed to achieve convergence from 5.0288067194841982e-03 to 5.0288067194842086e-03 seconds.
Warning: Simulation tolerance relaxed to achieve convergence from 5.0288067194842086e-03 to 5.0288067194842294e-03 seconds.
Warning: Simulation tolerance relaxed to achieve convergence from 5.0288067194842294e-03 to 5.0288067194842502e-03 seconds.
Warning: Simulation tolerance relaxed to achieve convergence from 5.0288067194842502e-03 to 5.0288067194842710e-03 seconds.
Warning: Simulation tolerance relaxed to achieve convergence from 5.0288067194842710e-03 to 5.0288067194842814e-03 seconds.
Warning: Simulation tolerance relaxed to achieve convergence from 5.0288067194842814e-03 to 5.0288067194843022e-03 seconds.
Warning: Simulation tolerance relaxed to achieve convergence from 5.0288067194843022e-03 to 5.0288067194843647e-03 seconds.
Warning: Simulation tolerance relaxed to achieve convergence from 5.0288067194843647e-03 to 5.0288067194844063e-03 seconds.
Warning: Simulation tolerance relaxed to achieve convergence from 5.0288067194844063e-03 to 5.0288067194844271e-03 seconds.
Warning: Simulation tolerance relaxed to achieve convergence from 5.0288067194844271e-03 to 5.0288067194844792e-03 seconds.
Warning: Simulation tolerance relaxed to achieve convergence from 5.0288067194844792e-03 to 5.0288067194845000e-03 seconds.
Warning: Simulation tolerance relaxed to achieve convergence from 5.0288067194845000e-03 to 5.0288067194845520e-03 seconds.
Warning: Simulation tolerance relaxed to achieve convergence from 5.0288067194845520e-03 to 5.0288067194845729e-03 seconds.
Warning: Simulation tolerance relaxed to achieve convergence from 5.0288067194845729e-03 to 5.0288067194846249e-03 seconds.
Warning: Simulation tolerance relaxed to achieve convergence from 5.0288067194846249e-03 to 5.0288067194846874e-03 seconds.
Warning: Simulation tolerance relaxed to achieve convergence from 5.0288067194846874e-03 to 5.0288067194847290e-03 seconds.
Warning: Simulation tolerance relaxed to achieve convergence from 5.0288067194847290e-03 to 5.0288067194847498e-03 seconds.
Warning: Simulation tolerance relaxed to achieve convergence from 5.0288067194847498e-03 to 5.0288067194847706e-03 seconds.
Warning: Simulation tolerance relaxed to achieve convergence from 5.0288067194847706e-03 to 5.0288067194848331e-03 seconds.
Warning: Simulation tolerance relaxed to achieve convergence from 5.0288067194848331e-03 to 5.0288067194848851e-03 seconds.
Warning: Simulation tolerance relaxed to achieve convergence from 5.0288067194848851e-03 to 5.0288067194848955e-03 seconds.
Warning: Simulation tolerance relaxed to achieve convergence from 5.0288067194848955e-03 to 5.0288067194849059e-03 seconds.
Warning: Simulation tolerance relaxed to achieve convergence from 5.0288067194849059e-03 to 5.0288067194849372e-03 seconds.
Warning: Simulation tolerance relaxed to achieve convergence from 5.0288067194849372e-03 to 5.0288067194849892e-03 seconds.
Warning: Simulation tolerance relaxed to achieve convergence from 5.0288067194849892e-03 to 5.0288067194850100e-03 seconds.
Warning: Simulation tolerance relaxed to achieve convergence from 5.0288067194850100e-03 to 5.0288067194850621e-03 seconds.
Warning: Simulation tolerance relaxed to achieve convergence from 5.0288067194850621e-03 to 5.0288067194851453e-03 seconds.
Warning: Simulation tolerance relaxed to achieve convergence from 5.0288067194851453e-03 to 5.0288067194852078e-03 seconds.
Warning: Simulation tolerance relaxed to achieve convergence from 5.0288067194852078e-03 to 5.0288067194852494e-03 seconds.
Warning: Simulation tolerance relaxed to achieve convergence from 5.0288067194852494e-03 to 5.0288067194853014e-03 seconds.
Warning: Simulation tolerance relaxed to achieve convergence from 5.0288067194853014e-03 to 5.0288067194853223e-03 seconds.
Warning: Simulation tolerance relaxed to achieve convergence from 5.0288067194853223e-03 to 5.0288067194853431e-03 seconds.
Warning: Simulation tolerance relaxed to achieve convergence from 5.0288067194853431e-03 to 5.0288067194853951e-03 seconds.
Warning: Simulation tolerance relaxed to achieve convergence from 5.0288067194853951e-03 to 5.0288067194854576e-03 seconds.
Warning: Simulation tolerance relaxed to achieve convergence from 5.0288067194854576e-03 to 5.0288067194854680e-03 seconds.
Warning: Simulation tolerance relaxed to achieve convergence from 5.0288067194854680e-03 to 5.0288067194854888e-03 seconds.
Warning: Simulation tolerance relaxed to achieve convergence from 5.0288067194854888e-03 to 5.0288067194854992e-03 seconds.
Warning: Simulation tolerance relaxed to achieve convergence from 5.0288067194854992e-03 to 5.0288067194855200e-03 seconds.
Warning: Simulation tolerance relaxed to achieve convergence from 5.0288067194855200e-03 to 5.0288067194855617e-03 seconds.
Warning: Simulation tolerance relaxed to achieve convergence from 5.0288067194855617e-03 to 5.0288067194855929e-03 seconds.
Warning: Simulation tolerance relaxed to achieve convergence from 5.0288067194855929e-03 to 5.0288067194856345e-03 seconds.
Warning: Simulation tolerance relaxed to achieve convergence from 5.0288067194856345e-03 to 5.0288067194856761e-03 seconds.
Warning: Simulation tolerance relaxed to achieve convergence from 5.0288067194856761e-03 to 5.0288067194856970e-03 seconds.
Warning: Simulation tolerance relaxed to achieve convergence from 5.0288067194856970e-03 to 5.0288067194857074e-03 seconds.
Warning: Simulation tolerance relaxed to achieve convergence from 5.0288067194857074e-03 to 5.0288067194857282e-03 seconds.
Warning: Simulation tolerance relaxed to achieve convergence from 5.0288067194857282e-03 to 5.0288067194857802e-03 seconds.
Warning: Simulation tolerance relaxed to achieve convergence from 5.0288067194857802e-03 to 5.0288067194858323e-03 seconds.
Warning: Simulation tolerance relaxed to achieve convergence from 5.0288067194858323e-03 to 5.0288067194858843e-03 seconds.
Warning: Simulation tolerance relaxed to achieve convergence from 5.0288067194858843e-03 to 5.0288067194859780e-03 seconds.
Warning: Simulation tolerance relaxed to achieve convergence from 5.0288067194859780e-03 to 5.0288067194860092e-03 seconds.
Warning: Simulation tolerance relaxed to achieve convergence from 5.0288067194860092e-03 to 5.0288067194860821e-03 seconds.
Warning: Simulation tolerance relaxed to achieve convergence from 5.0288067194860821e-03 to 5.0288067194861237e-03 seconds.
Warning: Simulation tolerance relaxed to achieve convergence from 5.0288067194861237e-03 to 5.0288067194861445e-03 seconds.
Warning: Simulation tolerance relaxed to achieve convergence from 5.0288067194861445e-03 to 5.0288067194861653e-03 seconds.
Warning: Simulation tolerance relaxed to achieve convergence from 5.0288067194861653e-03 to 5.0288067194862278e-03 seconds.
Warning: Simulation tolerance relaxed to achieve convergence from 5.0288067194862278e-03 to 5.0288067194862486e-03 seconds.
Warning: Simulation tolerance relaxed to achieve convergence from 5.0288067194862486e-03 to 5.0288067194863111e-03 seconds.
Warning: Simulation tolerance relaxed to achieve convergence from 5.0288067194863111e-03 to 5.0288067194863631e-03 seconds.
Warning: Simulation tolerance relaxed to achieve convergence from 5.0288067194863631e-03 to 5.0288067194863839e-03 seconds.
Warning: Simulation tolerance relaxed to achieve convergence from 5.0288067194863839e-03 to 5.0288067194864776e-03 seconds.
Warning: Simulation tolerance relaxed to achieve convergence from 5.0288067194864776e-03 to 5.0288067194864984e-03 seconds.
Warning: Simulation tolerance relaxed to achieve convergence from 5.0288067194864984e-03 to 5.0288067194865504e-03 seconds.
Warning: Simulation tolerance relaxed to achieve convergence from 5.0288067194865504e-03 to 5.0288067194866025e-03 seconds.
Warning: Simulation tolerance relaxed to achieve convergence from 5.0288067194866025e-03 to 5.0288067194866233e-03 seconds.
Warning: Simulation tolerance relaxed to achieve convergence from 5.0288067194866233e-03 to 5.0288067194866441e-03 seconds.
Warning: Simulation tolerance relaxed to achieve convergence from 5.0288067194866545e-03 to 5.0288067194866962e-03 seconds.
Warning: Simulation tolerance relaxed to achieve convergence from 5.0288067194866962e-03 to 5.0288067194867170e-03 seconds.
Warning: Simulation tolerance relaxed to achieve convergence from 5.0288067194867170e-03 to 5.0288067194867898e-03 seconds.
Warning: Simulation tolerance relaxed to achieve convergence from 5.0288067194867898e-03 to 5.0288067194868419e-03 seconds.
Warning: Simulation tolerance relaxed to achieve convergence from 5.0288067194868419e-03 to 5.0288067194869043e-03 seconds.
Warning: Simulation tolerance relaxed to achieve convergence from 5.0288067194869043e-03 to 5.0288067194869356e-03 seconds.
Warning: Simulation tolerance relaxed to achieve convergence from 5.0288067194869356e-03 to 5.0288067194869564e-03 seconds.
Warning: Simulation tolerance relaxed to achieve convergence from 5.0288067194869564e-03 to 5.0288067194870084e-03 seconds.
Warning: Simulation tolerance relaxed to achieve convergence from 5.0288067194870084e-03 to 5.0288067194870292e-03 seconds.
Warning: Simulation tolerance relaxed to achieve convergence from 5.0288067194870292e-03 to 5.0288067194870500e-03 seconds.
Warning: Simulation tolerance relaxed to achieve convergence from 5.0288067194870605e-03 to 5.0288067194871333e-03 seconds.
Warning: Simulation tolerance relaxed to achieve convergence from 5.0288067194871333e-03 to 5.0288067194871749e-03 seconds.
Warning: Simulation tolerance relaxed to achieve convergence from 5.0288067194871749e-03 to 5.0288067194871854e-03 seconds.
Warning: Simulation tolerance relaxed to achieve convergence from 5.0288067194871854e-03 to 5.0288067194872062e-03 seconds.
Warning: Simulation tolerance relaxed to achieve convergence from 5.0288067194872062e-03 to 5.0288067194872270e-03 seconds.
Warning: Simulation tolerance relaxed to achieve convergence from 5.0288067194872270e-03 to 5.0288067194872894e-03 seconds.
Warning: Simulation tolerance relaxed to achieve convergence from 5.0288067194872894e-03 to 5.0288067194873103e-03 seconds.
Warning: Simulation tolerance relaxed to achieve convergence from 5.0288067194873103e-03 to 5.0288067194873727e-03 seconds.
Warning: Simulation tolerance relaxed to achieve convergence from 5.0288067194873727e-03 to 5.0288067194873935e-03 seconds.
Warning: Simulation tolerance relaxed to achieve convergence from 5.0288067194873935e-03 to 5.0288067194874143e-03 seconds.
Warning: Simulation tolerance relaxed to achieve convergence from 5.0288067194874143e-03 to 5.0288067194874872e-03 seconds.
Warning: Simulation tolerance relaxed to achieve convergence from 5.0288067194874872e-03 to 5.0288067194875080e-03 seconds.
Warning: Simulation tolerance relaxed to achieve convergence from 5.0288067194875080e-03 to 5.0288067194875601e-03 seconds.
Warning: Simulation tolerance relaxed to achieve convergence from 5.0288067194875601e-03 to 5.0288067194876017e-03 seconds.
Warning: Simulation tolerance relaxed to achieve convergence from 5.0288067194876017e-03 to 5.0288067194876225e-03 seconds.
Warning: Simulation tolerance relaxed to achieve convergence from 5.0288067194876225e-03 to 5.0288067194876641e-03 seconds.
Warning: Simulation tolerance relaxed to achieve convergence from 5.0288067194876641e-03 to 5.0288067194876954e-03 seconds.
Warning: Simulation tolerance relaxed to achieve convergence from 5.0288067194876954e-03 to 5.0288067194877266e-03 seconds.
Warning: Simulation tolerance relaxed to achieve convergence from 5.0288067194877266e-03 to 5.0288067194878099e-03 seconds.
Warning: Simulation tolerance relaxed to achieve convergence from 5.0288067194878099e-03 to 5.0288067194878307e-03 seconds.
Warning: Simulation tolerance relaxed to achieve convergence from 5.0288067194878307e-03 to 5.0288067194878619e-03 seconds.
Warning: Simulation tolerance relaxed to achieve convergence from 5.0288067194878619e-03 to 5.0288067194878931e-03 seconds.
Warning: Simulation tolerance relaxed to achieve convergence from 5.0288067194878931e-03 to 5.0288067194879348e-03 seconds.
Warning: Simulation tolerance relaxed to achieve convergence from 5.0288067194879348e-03 to 5.0288067194879660e-03 seconds.
Warning: Simulation tolerance relaxed to achieve convergence from 5.0288067194879660e-03 to 5.0288067194880492e-03 seconds.
Warning: Simulation tolerance relaxed to achieve convergence from 5.0288067194880492e-03 to 5.0288067194880597e-03 seconds.
Warning: Simulation tolerance relaxed to achieve convergence from 5.0288067194880597e-03 to 5.0288067194880805e-03 seconds.
Warning: Simulation tolerance relaxed to achieve convergence from 5.0288067194880805e-03 to 5.0288067194881013e-03 seconds.
Warning: Simulation tolerance relaxed to achieve convergence from 5.0288067194881013e-03 to 5.0288067194881325e-03 seconds.
Warning: Simulation tolerance relaxed to achieve convergence from 5.0288067194881429e-03 to 5.0288067194881950e-03 seconds.
Warning: Simulation tolerance relaxed to achieve convergence from 5.0288067194881950e-03 to 5.0288067194882158e-03 seconds.
Warning: Simulation tolerance relaxed to achieve convergence from 5.0288067194882262e-03 to 5.0288067194882470e-03 seconds.
Warning: Simulation tolerance relaxed to achieve convergence from 5.0288067194882470e-03 to 5.0288067194883095e-03 seconds.
Warning: Simulation tolerance relaxed to achieve convergence from 5.0288067194883095e-03 to 5.0288067194883615e-03 seconds.
Warning: Simulation tolerance relaxed to achieve convergence from 5.0288067194883615e-03 to 5.0288067194883719e-03 seconds.
Warning: Simulation tolerance relaxed to achieve convergence from 5.0288067194883719e-03 to 5.0288067194884031e-03 seconds.
Warning: Simulation tolerance relaxed to achieve convergence from 5.0288067194884031e-03 to 5.0288067194884239e-03 seconds.
Warning: Simulation tolerance relaxed to achieve convergence from 5.0288067194884239e-03 to 5.0288067194884760e-03 seconds.
Warning: Simulation tolerance relaxed to achieve convergence from 5.0288067194884760e-03 to 5.0288067194885488e-03 seconds.
Warning: Simulation tolerance relaxed to achieve convergence from 5.0288067194885488e-03 to 5.0288067194885697e-03 seconds.
Warning: Simulation tolerance relaxed to achieve convergence from 5.0288067194885697e-03 to 5.0288067194885905e-03 seconds.
Warning: Simulation tolerance relaxed to achieve convergence from 5.0288067194885905e-03 to 5.0288067194886529e-03 seconds.
Warning: Simulation tolerance relaxed to achieve convergence from 5.0288067194886529e-03 to 5.0288067194886946e-03 seconds.
Warning: Simulation tolerance relaxed to achieve convergence from 5.0288067194886946e-03 to 5.0288067194887362e-03 seconds.
Warning: Simulation tolerance relaxed to achieve convergence from 5.0288067194887362e-03 to 5.0288067194887570e-03 seconds.
Warning: Simulation tolerance relaxed to achieve convergence from 5.0288067194887570e-03 to 5.0288067194888195e-03 seconds.
Warning: Simulation tolerance relaxed to achieve convergence from 5.0288067194888195e-03 to 5.0288067194888299e-03 seconds.
Warning: Simulation tolerance relaxed to achieve convergence from 5.0288067194888299e-03 to 5.0288067194888507e-03 seconds.
Warning: Simulation tolerance relaxed to achieve convergence from 5.0288067194888507e-03 to 5.0288067194888715e-03 seconds.
Warning: Simulation tolerance relaxed to achieve convergence from 5.0288067194888715e-03 to 5.0288067194888923e-03 seconds.
Warning: Simulation tolerance relaxed to achieve convergence from 5.0288067194889027e-03 to 5.0288067194889652e-03 seconds.
Warning: Simulation tolerance relaxed to achieve convergence from 5.0288067194889652e-03 to 5.0288067194890172e-03 seconds.
Warning: Simulation tolerance relaxed to achieve convergence from 5.0288067194890172e-03 to 5.0288067194890589e-03 seconds.
Warning: Simulation tolerance relaxed to achieve convergence from 5.0288067194890589e-03 to 5.0288067194890797e-03 seconds.
Warning: Simulation tolerance relaxed to achieve convergence from 5.0288067194890797e-03 to 5.0288067194891629e-03 seconds.
Warning: Simulation tolerance relaxed to achieve convergence from 5.0288067194891629e-03 to 5.0288067194891733e-03 seconds.
Warning: Simulation tolerance relaxed to achieve convergence from 5.0288067194891733e-03 to 5.0288067194891838e-03 seconds.
Warning: Simulation tolerance relaxed to achieve convergence from 5.0288067194891838e-03 to 5.0288067194892150e-03 seconds.
Warning: Simulation tolerance relaxed to achieve convergence from 5.0288067194892150e-03 to 5.0288067194892254e-03 seconds.
Warning: Simulation tolerance relaxed to achieve convergence from 5.0288067194892254e-03 to 5.0288067194892462e-03 seconds.
Warning: Simulation tolerance relaxed to achieve convergence from 5.0288067194892462e-03 to 5.0288067194892670e-03 seconds.
Warning: Simulation tolerance relaxed to achieve convergence from 5.0288067194892670e-03 to 5.0288067194892878e-03 seconds.
Warning: Simulation tolerance relaxed to achieve convergence from 5.0288067194892878e-03 to 5.0288067194893399e-03 seconds.
Warning: Simulation tolerance relaxed to achieve convergence from 5.0288067194893399e-03 to 5.0288067194893711e-03 seconds.
Warning: Simulation tolerance relaxed to achieve convergence from 5.0288067194893711e-03 to 5.0288067194894231e-03 seconds.
Warning: Simulation tolerance relaxed to achieve convergence from 5.0288067194894231e-03 to 5.0288067194894856e-03 seconds.
Warning: Simulation tolerance relaxed to achieve convergence from 5.0288067194894856e-03 to 5.0288067194895897e-03 seconds.
Warning: Simulation tolerance relaxed to achieve convergence from 5.0288067194895897e-03 to 5.0288067194896105e-03 seconds.
Warning: Simulation tolerance relaxed to achieve convergence from 5.0288067194896105e-03 to 5.0288067194896313e-03 seconds.
Warning: Simulation tolerance relaxed to achieve convergence from 5.0288067194896313e-03 to 5.0288067194896521e-03 seconds.
Warning: Simulation tolerance relaxed to achieve convergence from 5.0288067194896521e-03 to 5.0288067194896834e-03 seconds.
Warning: Simulation tolerance relaxed to achieve convergence from 5.0288067194896834e-03 to 5.0288067194896938e-03 seconds.
Warning: Simulation tolerance relaxed to achieve convergence from 5.0288067194896938e-03 to 5.0288067194897250e-03 seconds.
Warning: Simulation tolerance relaxed to achieve convergence from 5.0288067194897250e-03 to 5.0288067194897354e-03 seconds.
Warning: Simulation tolerance relaxed to achieve convergence from 5.0288067194897354e-03 to 5.0288067194897562e-03 seconds.
Warning: Simulation tolerance relaxed to achieve convergence from 5.0288067194897562e-03 to 5.0288067194898187e-03 seconds.
Warning: Simulation tolerance relaxed to achieve convergence from 5.0288067194898187e-03 to 5.0288067194898395e-03 seconds.
Warning: Simulation tolerance relaxed to achieve convergence from 5.0288067194898395e-03 to 5.0288067194899123e-03 seconds.
Warning: Simulation tolerance relaxed to achieve convergence from 5.0288067194899123e-03 to 5.0288067194899227e-03 seconds.
Warning: Simulation tolerance relaxed to achieve convergence from 5.0288067194899227e-03 to 5.0288067194899436e-03 seconds.
Warning: Simulation tolerance relaxed to achieve convergence from 5.0288067194899436e-03 to 5.0288067194899852e-03 seconds.
Warning: Simulation tolerance relaxed to achieve convergence from 5.0288067194899852e-03 to 5.0288067194899956e-03 seconds.
Warning: Simulation tolerance relaxed to achieve convergence from 5.0288067194899956e-03 to 5.0288067194900164e-03 seconds.
Warning: Simulation tolerance relaxed to achieve convergence from 5.0288067194900164e-03 to 5.0288067194900372e-03 seconds.
Warning: Simulation tolerance relaxed to achieve convergence from 5.0288067194900372e-03 to 5.0288067194900581e-03 seconds.
Warning: Simulation tolerance relaxed to achieve convergence from 5.0288067194900581e-03 to 5.0288067194900789e-03 seconds.
Warning: Simulation tolerance relaxed to achieve convergence from 5.0288067194900893e-03 to 5.0288067194901309e-03 seconds.
Warning: Simulation tolerance relaxed to achieve convergence from 5.0288067194901309e-03 to 5.0288067194902038e-03 seconds.
Warning: Simulation tolerance relaxed to achieve convergence from 5.0288067194902038e-03 to 5.0288067194902350e-03 seconds.
Warning: Simulation tolerance relaxed to achieve convergence from 5.0288067194902350e-03 to 5.0288067194902662e-03 seconds.
Warning: Simulation tolerance relaxed to achieve convergence from 5.0288067194902766e-03 to 5.0288067194902974e-03 seconds.
Warning: Simulation tolerance relaxed to achieve convergence from 5.0288067194903278e-03 to 5.0288067194903798e-03 seconds.
Warning: Simulation tolerance relaxed to achieve convergence from 5.0288067194903798e-03 to 5.0288067194904527e-03 seconds.
Warning: Simulation tolerance relaxed to achieve convergence from 5.0288067194904527e-03 to 5.0288067194904839e-03 seconds.
Warning: Simulation tolerance relaxed to achieve convergence from 5.0288067194904839e-03 to 5.0288067194905568e-03 seconds.
Warning: Simulation tolerance relaxed to achieve convergence from 5.0288067194905568e-03 to 5.0288067194905984e-03 seconds.
Warning: Simulation tolerance relaxed to achieve convergence from 5.0288067194905984e-03 to 5.0288067194906609e-03 seconds.
Warning: Simulation tolerance relaxed to achieve convergence from 5.0288067194906609e-03 to 5.0288067194906817e-03 seconds.
Warning: Simulation tolerance relaxed to achieve convergence from 5.0288067194906817e-03 to 5.0288067194907025e-03 seconds.
Warning: Simulation tolerance relaxed to achieve convergence from 5.0288067194907025e-03 to 5.0288067194907441e-03 seconds.
Warning: Simulation tolerance relaxed to achieve convergence from 5.0288067194907441e-03 to 5.0288067194907545e-03 seconds.
Warning: Simulation tolerance relaxed to achieve convergence from 5.0288067194907545e-03 to 5.0288067194907650e-03 seconds.
Warning: Simulation tolerance relaxed to achieve convergence from 5.0288067194907650e-03 to 5.0288067194907754e-03 seconds.
Warning: Simulation tolerance relaxed to achieve convergence from 5.0288067194907754e-03 to 5.0288067194907962e-03 seconds.
Warning: Simulation tolerance relaxed to achieve convergence from 5.0288067194907962e-03 to 5.0288067194908066e-03 seconds.
Warning: Simulation tolerance relaxed to achieve convergence from 5.0288067194908066e-03 to 5.0288067194908274e-03 seconds.
Warning: Simulation tolerance relaxed to achieve convergence from 5.0288067194908274e-03 to 5.0288067194908690e-03 seconds.
Warning: Simulation tolerance relaxed to achieve convergence from 5.0288067194908690e-03 to 5.0288067194908794e-03 seconds.
Warning: Simulation tolerance relaxed to achieve convergence from 5.0288067194908794e-03 to 5.0288067194909003e-03 seconds.
Warning: Simulation tolerance relaxed to achieve convergence from 5.0288067194909003e-03 to 5.0288067194909211e-03 seconds.
Warning: Simulation tolerance relaxed to achieve convergence from 5.0288067194909211e-03 to 5.0288067194909731e-03 seconds.
Warning: Simulation tolerance relaxed to achieve convergence from 5.0288067194909731e-03 to 5.0288067194910148e-03 seconds.
Warning: Simulation tolerance relaxed to achieve convergence from 5.0288067194910148e-03 to 5.0288067194910668e-03 seconds.
Warning: Simulation tolerance relaxed to achieve convergence from 5.0288067194910668e-03 to 5.0288067194910876e-03 seconds.
Warning: Simulation tolerance relaxed to achieve convergence from 5.0288067194910876e-03 to 5.0288067194910980e-03 seconds.
Warning: Simulation tolerance relaxed to achieve convergence from 5.0288067194910980e-03 to 5.0288067194911188e-03 seconds.
Warning: Simulation tolerance relaxed to achieve convergence from 5.0288067194911188e-03 to 5.0288067194911709e-03 seconds.
Warning: Simulation tolerance relaxed to achieve convergence from 5.0288067194911709e-03 to 5.0288067194911917e-03 seconds.
Warning: Simulation tolerance relaxed to achieve convergence from 5.0288067194911917e-03 to 5.0288067194912437e-03 seconds.
Warning: Simulation tolerance relaxed to achieve convergence from 5.0288067194912437e-03 to 5.0288067194912958e-03 seconds.
Warning: Simulation tolerance relaxed to achieve convergence from 5.0288067194912958e-03 to 5.0288067194913166e-03 seconds.
Warning: Simulation tolerance relaxed to achieve convergence from 5.0288067194913166e-03 to 5.0288067194913999e-03 seconds.
Warning: Simulation tolerance relaxed to achieve convergence from 5.0288067194913999e-03 to 5.0288067194914519e-03 seconds.
Warning: Simulation tolerance relaxed to achieve convergence from 5.0288067194914519e-03 to 5.0288067194915040e-03 seconds.
Warning: Simulation tolerance relaxed to achieve convergence from 5.0288067194915040e-03 to 5.0288067194915248e-03 seconds.
Warning: Simulation tolerance relaxed to achieve convergence from 5.0288067194915352e-03 to 5.0288067194915768e-03 seconds.
Warning: Simulation tolerance relaxed to achieve convergence from 5.0288067194915768e-03 to 5.0288067194916393e-03 seconds.
Warning: Simulation tolerance relaxed to achieve convergence from 5.0288067194916393e-03 to 5.0288067194916913e-03 seconds.
Warning: Simulation tolerance relaxed to achieve convergence from 5.0288067194916913e-03 to 5.0288067194917121e-03 seconds.
Warning: Simulation tolerance relaxed to achieve convergence from 5.0288067194917121e-03 to 5.0288067194917746e-03 seconds.
Warning: Simulation tolerance relaxed to achieve convergence from 5.0288067194917746e-03 to 5.0288067194917954e-03 seconds.
Warning: Simulation tolerance relaxed to achieve convergence from 5.0288067194917954e-03 to 5.0288067194918474e-03 seconds.
Warning: Simulation tolerance relaxed to achieve convergence from 5.0288067194918474e-03 to 5.0288067194919203e-03 seconds.
Warning: Simulation tolerance relaxed to achieve convergence from 5.0288067194919203e-03 to 5.0288067194919411e-03 seconds.
Warning: Simulation tolerance relaxed to achieve convergence from 5.0288067194919411e-03 to 5.0288067194919723e-03 seconds.
Warning: Simulation tolerance relaxed to achieve convergence from 5.0288067194919723e-03 to 5.0288067194919827e-03 seconds.
Warning: Simulation tolerance relaxed to achieve convergence from 5.0288067194919827e-03 to 5.0288067194920036e-03 seconds.
Warning: Simulation tolerance relaxed to achieve convergence from 5.0288067194920036e-03 to 5.0288067194920764e-03 seconds.
Warning: Simulation tolerance relaxed to achieve convergence from 5.0288067194920764e-03 to 5.0288067194920972e-03 seconds.
Warning: Simulation tolerance relaxed to achieve convergence from 5.0288067194920972e-03 to 5.0288067194921180e-03 seconds.
Warning: Simulation tolerance relaxed to achieve convergence from 5.0288067194921180e-03 to 5.0288067194921701e-03 seconds.
Warning: Simulation tolerance relaxed to achieve convergence from 5.0288067194921701e-03 to 5.0288067194921909e-03 seconds.
Warning: Simulation tolerance relaxed to achieve convergence from 5.0288067194921909e-03 to 5.0288067194922429e-03 seconds.
Warning: Simulation tolerance relaxed to achieve convergence from 5.0288067194922429e-03 to 5.0288067194922950e-03 seconds.
Warning: Simulation tolerance relaxed to achieve convergence from 5.0288067194922950e-03 to 5.0288067194923158e-03 seconds.
Warning: Simulation tolerance relaxed to achieve convergence from 5.0288067194923158e-03 to 5.0288067194923783e-03 seconds.
Warning: Simulation tolerance relaxed to achieve convergence from 5.0288067194923783e-03 to 5.0288067194923991e-03 seconds.
Warning: Simulation tolerance relaxed to achieve convergence from 5.0288067194923991e-03 to 5.0288067194924199e-03 seconds.
Warning: Simulation tolerance relaxed to achieve convergence from 5.0288067194924199e-03 to 5.0288067194924511e-03 seconds.
Warning: Simulation tolerance relaxed to achieve convergence from 5.0288067194924511e-03 to 5.0288067194925344e-03 seconds.
Warning: Simulation tolerance relaxed to achieve convergence from 5.0288067194925344e-03 to 5.0288067194925552e-03 seconds.
Warning: Simulation tolerance relaxed to achieve convergence from 5.0288067194925552e-03 to 5.0288067194925760e-03 seconds.
Warning: Simulation tolerance relaxed to achieve convergence from 5.0288067194925760e-03 to 5.0288067194926281e-03 seconds.
Warning: Simulation tolerance relaxed to achieve convergence from 5.0288067194926281e-03 to 5.0288067194926489e-03 seconds.
Warning: Simulation tolerance relaxed to achieve convergence from 5.0288067194926489e-03 to 5.0288067194927113e-03 seconds.
Warning: Simulation tolerance relaxed to achieve convergence from 5.0288067194927113e-03 to 5.0288067194927530e-03 seconds.
Warning: Simulation tolerance relaxed to achieve convergence from 5.0288067194927530e-03 to 5.0288067194927738e-03 seconds.
Warning: Simulation tolerance relaxed to achieve convergence from 5.0288067194927738e-03 to 5.0288067194928258e-03 seconds.
Warning: Simulation tolerance relaxed to achieve convergence from 5.0288067194928258e-03 to 5.0288067194928570e-03 seconds.
Warning: Simulation tolerance relaxed to achieve convergence from 5.0288067194928570e-03 to 5.0288067194928779e-03 seconds.
Warning: Simulation tolerance relaxed to achieve convergence from 5.0288067194928883e-03 to 5.0288067194929299e-03 seconds.
Warning: Simulation tolerance relaxed to achieve convergence from 5.0288067194929299e-03 to 5.0288067194929507e-03 seconds.
Warning: Simulation tolerance relaxed to achieve convergence from 5.0288067194929507e-03 to 5.0288067194930548e-03 seconds.
Warning: Simulation tolerance relaxed to achieve convergence from 5.0288067194930548e-03 to 5.0288067194930756e-03 seconds.
Warning: Simulation tolerance relaxed to achieve convergence from 5.0288067194930756e-03 to 5.0288067194930964e-03 seconds.
Warning: Simulation tolerance relaxed to achieve convergence from 5.0288067194930964e-03 to 5.0288067194931589e-03 seconds.
Warning: Simulation tolerance relaxed to achieve convergence from 5.0288067194931589e-03 to 5.0288067194931797e-03 seconds.
Warning: Simulation tolerance relaxed to achieve convergence from 5.0288067194931797e-03 to 5.0288067194932213e-03 seconds.
Warning: Simulation tolerance relaxed to achieve convergence from 5.0288067194932213e-03 to 5.0288067194932421e-03 seconds.
Warning: Simulation tolerance relaxed to achieve convergence from 5.0288067194932421e-03 to 5.0288067194932734e-03 seconds.
Warning: Simulation tolerance relaxed to achieve convergence from 5.0288067194932734e-03 to 5.0288067194933254e-03 seconds.
Warning: Simulation tolerance relaxed to achieve convergence from 5.0288067194933254e-03 to 5.0288067194933983e-03 seconds.
Warning: Simulation tolerance relaxed to achieve convergence from 5.0288067194933983e-03 to 5.0288067194934503e-03 seconds.
Warning: Simulation tolerance relaxed to achieve convergence from 5.0288067194934503e-03 to 5.0288067194934711e-03 seconds.
Warning: Simulation tolerance relaxed to achieve convergence from 5.0288067194934711e-03 to 5.0288067194934919e-03 seconds.
Warning: Simulation tolerance relaxed to achieve convergence from 5.0288067194934919e-03 to 5.0288067194935648e-03 seconds.
Warning: Simulation tolerance relaxed to achieve convergence from 5.0288067194935648e-03 to 5.0288067194936168e-03 seconds.
Warning: Simulation tolerance relaxed to achieve convergence from 5.0288067194936168e-03 to 5.0288067194936585e-03 seconds.
Warning: Simulation tolerance relaxed to achieve convergence from 5.0288067194936585e-03 to 5.0288067194937001e-03 seconds.
Warning: Simulation tolerance relaxed to achieve convergence from 5.0288067194937001e-03 to 5.0288067194937417e-03 seconds.
Warning: Simulation tolerance relaxed to achieve convergence from 5.0288067194937417e-03 to 5.0288067194937522e-03 seconds.
Warning: Simulation tolerance relaxed to achieve convergence from 5.0288067194937522e-03 to 5.0288067194937730e-03 seconds.
Warning: Simulation tolerance relaxed to achieve convergence from 5.0288067194937730e-03 to 5.0288067194938250e-03 seconds.
Warning: Simulation tolerance relaxed to achieve convergence from 5.0288067194938250e-03 to 5.0288067194938354e-03 seconds.
Warning: Simulation tolerance relaxed to achieve convergence from 5.0288067194938354e-03 to 5.0288067194938562e-03 seconds.
Warning: Simulation tolerance relaxed to achieve convergence from 5.0288067194938562e-03 to 5.0288067194938771e-03 seconds.
Warning: Simulation tolerance relaxed to achieve convergence from 5.0288067194938771e-03 to 5.0288067194939291e-03 seconds.
Warning: Simulation tolerance relaxed to achieve convergence from 5.0288067194939291e-03 to 5.0288067194939811e-03 seconds.
Warning: Simulation tolerance relaxed to achieve convergence from 5.0288067194939811e-03 to 5.0288067194940020e-03 seconds.
Warning: Simulation tolerance relaxed to achieve convergence from 5.0288067194940020e-03 to 5.0288067194940540e-03 seconds.
Warning: Simulation tolerance relaxed to achieve convergence from 5.0288067194940540e-03 to 5.0288067194941164e-03 seconds.
Warning: Simulation tolerance relaxed to achieve convergence from 5.0288067194941164e-03 to 5.0288067194941373e-03 seconds.
Warning: Simulation tolerance relaxed to achieve convergence from 5.0288067194941373e-03 to 5.0288067194941997e-03 seconds.
Warning: Simulation tolerance relaxed to achieve convergence from 5.0288067194941997e-03 to 5.0288067194942101e-03 seconds.
Warning: Simulation tolerance relaxed to achieve convergence from 5.0288067194942101e-03 to 5.0288067194942309e-03 seconds.
Warning: Simulation tolerance relaxed to achieve convergence from 5.0288067194942309e-03 to 5.0288067194942518e-03 seconds.
Warning: Simulation tolerance relaxed to achieve convergence from 5.0288067194942518e-03 to 5.0288067194943038e-03 seconds.
Warning: Simulation tolerance relaxed to achieve convergence from 5.0288067194943038e-03 to 5.0288067194943662e-03 seconds.
Warning: Simulation tolerance relaxed to achieve convergence from 5.0288067194943662e-03 to 5.0288067194943767e-03 seconds.
Warning: Simulation tolerance relaxed to achieve convergence from 5.0288067194943767e-03 to 5.0288067194943975e-03 seconds.
Warning: Simulation tolerance relaxed to achieve convergence from 5.0288067194943975e-03 to 5.0288067194944183e-03 seconds.
Warning: Simulation tolerance relaxed to achieve convergence from 5.0288067194944183e-03 to 5.0288067194944703e-03 seconds.
Warning: Simulation tolerance relaxed to achieve convergence from 5.0288067194944703e-03 to 5.0288067194945432e-03 seconds.
Warning: Simulation tolerance relaxed to achieve convergence from 5.0288067194945432e-03 to 5.0288067194945848e-03 seconds.
Warning: Simulation tolerance relaxed to achieve convergence from 5.0288067194945848e-03 to 5.0288067194946369e-03 seconds.
Warning: Simulation tolerance relaxed to achieve convergence from 5.0288067194946369e-03 to 5.0288067194946993e-03 seconds.
Warning: Simulation tolerance relaxed to achieve convergence from 5.0288067194946993e-03 to 5.0288067194947097e-03 seconds.
Warning: Simulation tolerance relaxed to achieve convergence from 5.0288067194947097e-03 to 5.0288067194947305e-03 seconds.
Warning: Simulation tolerance relaxed to achieve convergence from 5.0288067194947305e-03 to 5.0288067194947514e-03 seconds.
Warning: Simulation tolerance relaxed to achieve convergence from 5.0288067194947514e-03 to 5.0288067194948034e-03 seconds.
Warning: Simulation tolerance relaxed to achieve convergence from 5.0288067194948034e-03 to 5.0288067194948658e-03 seconds.
Warning: Simulation tolerance relaxed to achieve convergence from 5.0288067194948658e-03 to 5.0288067194949179e-03 seconds.
Warning: Simulation tolerance relaxed to achieve convergence from 5.0288067194949179e-03 to 5.0288067194949387e-03 seconds.
Warning: Simulation tolerance relaxed to achieve convergence from 5.0288067194949387e-03 to 5.0288067194950220e-03 seconds.
Warning: Simulation tolerance relaxed to achieve convergence from 5.0288067194950220e-03 to 5.0288067194950636e-03 seconds.
Warning: Simulation tolerance relaxed to achieve convergence from 5.0288067194950636e-03 to 5.0288067194950844e-03 seconds.
Warning: Simulation tolerance relaxed to achieve convergence from 5.0288067194950844e-03 to 5.0288067194951052e-03 seconds.
Warning: Simulation tolerance relaxed to achieve convergence from 5.0288067194951052e-03 to 5.0288067194951573e-03 seconds.
Warning: Simulation tolerance relaxed to achieve convergence from 5.0288067194951573e-03 to 5.0288067194951781e-03 seconds.
Warning: Simulation tolerance relaxed to achieve convergence from 5.0288067194951781e-03 to 5.0288067194952301e-03 seconds.
Warning: Simulation tolerance relaxed to achieve convergence from 5.0288067194952301e-03 to 5.0288067194952822e-03 seconds.
Warning: Simulation tolerance relaxed to achieve convergence from 5.0288067194952822e-03 to 5.0288067194953342e-03 seconds.
Warning: Simulation tolerance relaxed to achieve convergence from 5.0288067194953342e-03 to 5.0288067194953550e-03 seconds.
Warning: Simulation tolerance relaxed to achieve convergence from 5.0288067194953550e-03 to 5.0288067194953759e-03 seconds.
Warning: Simulation tolerance relaxed to achieve convergence from 5.0288067194953759e-03 to 5.0288067194953967e-03 seconds.
Warning: Simulation tolerance relaxed to achieve convergence from 5.0288067194953967e-03 to 5.0288067194954695e-03 seconds.
Warning: Simulation tolerance relaxed to achieve convergence from 5.0288067194954695e-03 to 5.0288067194955112e-03 seconds.
Warning: Simulation tolerance relaxed to achieve convergence from 5.0288067194955112e-03 to 5.0288067194955736e-03 seconds.
Warning: Simulation tolerance relaxed to achieve convergence from 5.0288067194955736e-03 to 5.0288067194956152e-03 seconds.
Warning: Simulation tolerance relaxed to achieve convergence from 5.0288067194956152e-03 to 5.0288067194956361e-03 seconds.
Warning: Simulation tolerance relaxed to achieve convergence from 5.0288067194956361e-03 to 5.0288067194957089e-03 seconds.
Warning: Simulation tolerance relaxed to achieve convergence from 5.0288067194957089e-03 to 5.0288067194957506e-03 seconds.
Warning: Simulation tolerance relaxed to achieve convergence from 5.0288067194957506e-03 to 5.0288067194957922e-03 seconds.
Warning: Simulation tolerance relaxed to achieve convergence from 5.0288067194957922e-03 to 5.0288067194958130e-03 seconds.
Warning: Simulation tolerance relaxed to achieve convergence from 5.0288067194958130e-03 to 5.0288067194958963e-03 seconds.
Warning: Simulation tolerance relaxed to achieve convergence from 5.0288067194958963e-03 to 5.0288067194959067e-03 seconds.
Warning: Simulation tolerance relaxed to achieve convergence from 5.0288067194959067e-03 to 5.0288067194959379e-03 seconds.
Warning: Simulation tolerance relaxed to achieve convergence from 5.0288067194959379e-03 to 5.0288067194959587e-03 seconds.
Warning: Simulation tolerance relaxed to achieve convergence from 5.0288067194959587e-03 to 5.0288067194960108e-03 seconds.
Warning: Simulation tolerance relaxed to achieve convergence from 5.0288067194960108e-03 to 5.0288067194960836e-03 seconds.
Warning: Simulation tolerance relaxed to achieve convergence from 5.0288067194960836e-03 to 5.0288067194961669e-03 seconds.
Warning: Simulation tolerance relaxed to achieve convergence from 5.0288067194961669e-03 to 5.0288067194961773e-03 seconds.
Warning: Simulation tolerance relaxed to achieve convergence from 5.0288067194961773e-03 to 5.0288067194961981e-03 seconds.
Warning: Simulation tolerance relaxed to achieve convergence from 5.0288067194961981e-03 to 5.0288067194962189e-03 seconds.
Warning: Simulation tolerance relaxed to achieve convergence from 5.0288067194962189e-03 to 5.0288067194962397e-03 seconds.
Warning: Simulation tolerance relaxed to achieve convergence from 5.0288067194962397e-03 to 5.0288067194963126e-03 seconds.
Warning: Simulation tolerance relaxed to achieve convergence from 5.0288067194963126e-03 to 5.0288067194963334e-03 seconds.
Warning: Simulation tolerance relaxed to achieve convergence from 5.0288067194963334e-03 to 5.0288067194963751e-03 seconds.
Warning: Simulation tolerance relaxed to achieve convergence from 5.0288067194963751e-03 to 5.0288067194963855e-03 seconds.
Warning: Simulation tolerance relaxed to achieve convergence from 5.0288067194963855e-03 to 5.0288067194964063e-03 seconds.
Warning: Simulation tolerance relaxed to achieve convergence from 5.0288067194964063e-03 to 5.0288067194964375e-03 seconds.
Warning: Simulation tolerance relaxed to achieve convergence from 5.0288067194964375e-03 to 5.0288067194964895e-03 seconds.
Warning: Simulation tolerance relaxed to achieve convergence from 5.0288067194964895e-03 to 5.0288067194965104e-03 seconds.
Warning: Simulation tolerance relaxed to achieve convergence from 5.0288067194965104e-03 to 5.0288067194965312e-03 seconds.
Warning: Simulation tolerance relaxed to achieve convergence from 5.0288067194965416e-03 to 5.0288067194966040e-03 seconds.
Warning: Simulation tolerance relaxed to achieve convergence from 5.0288067194966040e-03 to 5.0288067194966561e-03 seconds.
Warning: Simulation tolerance relaxed to achieve convergence from 5.0288067194966561e-03 to 5.0288067194966873e-03 seconds.
Warning: Simulation tolerance relaxed to achieve convergence from 5.0288067194966873e-03 to 5.0288067194967393e-03 seconds.
Warning: Simulation tolerance relaxed to achieve convergence from 5.0288067194967393e-03 to 5.0288067194968018e-03 seconds.
Warning: Simulation tolerance relaxed to achieve convergence from 5.0288067194968018e-03 to 5.0288067194968122e-03 seconds.
Warning: Simulation tolerance relaxed to achieve convergence from 5.0288067194968122e-03 to 5.0288067194968226e-03 seconds.
Warning: Simulation tolerance relaxed to achieve convergence from 5.0288067194968226e-03 to 5.0288067194968434e-03 seconds.
Warning: Simulation tolerance relaxed to achieve convergence from 5.0288067194968434e-03 to 5.0288067194968747e-03 seconds.
Warning: Simulation tolerance relaxed to achieve convergence from 5.0288067194968747e-03 to 5.0288067194969267e-03 seconds.
Warning: Simulation tolerance relaxed to achieve convergence from 5.0288067194969267e-03 to 5.0288067194969475e-03 seconds.
Warning: Simulation tolerance relaxed to achieve convergence from 5.0288067194969475e-03 to 5.0288067194970204e-03 seconds.
Warning: Simulation tolerance relaxed to achieve convergence from 5.0288067194970204e-03 to 5.0288067194970516e-03 seconds.
Warning: Simulation tolerance relaxed to achieve convergence from 5.0288067194970516e-03 to 5.0288067194971140e-03 seconds.
Warning: Simulation tolerance relaxed to achieve convergence from 5.0288067194971140e-03 to 5.0288067194971349e-03 seconds.
Warning: Simulation tolerance relaxed to achieve convergence from 5.0288067194971349e-03 to 5.0288067194971869e-03 seconds.
Warning: Simulation tolerance relaxed to achieve convergence from 5.0288067194971869e-03 to 5.0288067194972494e-03 seconds.
Warning: Simulation tolerance relaxed to achieve convergence from 5.0288067194972494e-03 to 5.0288067194972806e-03 seconds.
Warning: Simulation tolerance relaxed to achieve convergence from 5.0288067194972806e-03 to 5.0288067194973534e-03 seconds.
Warning: Simulation tolerance relaxed to achieve convergence from 5.0288067194973534e-03 to 5.0288067194973743e-03 seconds.
Warning: Simulation tolerance relaxed to achieve convergence from 5.0288067194973743e-03 to 5.0288067194974055e-03 seconds.
Warning: Simulation tolerance relaxed to achieve convergence from 5.0288067194974055e-03 to 5.0288067194974679e-03 seconds.
Warning: Simulation tolerance relaxed to achieve convergence from 5.0288067194974679e-03 to 5.0288067194975200e-03 seconds.
Warning: Simulation tolerance relaxed to achieve convergence from 5.0288067194975200e-03 to 5.0288067194975304e-03 seconds.
Warning: Simulation tolerance relaxed to achieve convergence from 5.0288067194975304e-03 to 5.0288067194975512e-03 seconds.
Warning: Simulation tolerance relaxed to achieve convergence from 5.0288067194975512e-03 to 5.0288067194975824e-03 seconds.
Warning: Simulation tolerance relaxed to achieve convergence from 5.0288067194975824e-03 to 5.0288067194976136e-03 seconds.
Warning: Simulation tolerance relaxed to achieve convergence from 5.0288067194976136e-03 to 5.0288067194976761e-03 seconds.
Warning: Simulation tolerance relaxed to achieve convergence from 5.0288067194976761e-03 to 5.0288067194976865e-03 seconds.
Warning: Simulation tolerance relaxed to achieve convergence from 5.0288067194976865e-03 to 5.0288067194976969e-03 seconds.
Warning: Simulation tolerance relaxed to achieve convergence from 5.0288067194976969e-03 to 5.0288067194977281e-03 seconds.
Warning: Simulation tolerance relaxed to achieve convergence from 5.0288067194977281e-03 to 5.0288067194977490e-03 seconds.
Warning: Simulation tolerance relaxed to achieve convergence from 5.0288067194977490e-03 to 5.0288067194978114e-03 seconds.
Warning: Simulation tolerance relaxed to achieve convergence from 5.0288067194978114e-03 to 5.0288067194978739e-03 seconds.
Warning: Simulation tolerance relaxed to achieve convergence from 5.0288067194978739e-03 to 5.0288067194979051e-03 seconds.
Warning: Simulation tolerance relaxed to achieve convergence from 5.0288067194979051e-03 to 5.0288067194979571e-03 seconds.
Warning: Simulation tolerance relaxed to achieve convergence from 5.0288067194979571e-03 to 5.0288067194980196e-03 seconds.
Warning: Simulation tolerance relaxed to achieve convergence from 5.0288067194980196e-03 to 5.0288067194980300e-03 seconds.
Warning: Simulation tolerance relaxed to achieve convergence from 5.0288067194980300e-03 to 5.0288067194980508e-03 seconds.
Warning: Simulation tolerance relaxed to achieve convergence from 5.0288067194980508e-03 to 5.0288067194981132e-03 seconds.
Warning: Simulation tolerance relaxed to achieve convergence from 5.0288067194981132e-03 to 5.0288067194981341e-03 seconds.
Warning: Simulation tolerance relaxed to achieve convergence from 5.0288067194981341e-03 to 5.0288067194981861e-03 seconds.
Warning: Simulation tolerance relaxed to achieve convergence from 5.0288067194981861e-03 to 5.0288067194982069e-03 seconds.
Warning: Simulation tolerance relaxed to achieve convergence from 5.0288067194982069e-03 to 5.0288067194982277e-03 seconds.
Warning: Simulation tolerance relaxed to achieve convergence from 5.0288067194982277e-03 to 5.0288067194982694e-03 seconds.
Warning: Simulation tolerance relaxed to achieve convergence from 5.0288067194982694e-03 to 5.0288067194982902e-03 seconds.
Warning: Simulation tolerance relaxed to achieve convergence from 5.0288067194982902e-03 to 5.0288067194983110e-03 seconds.
Warning: Simulation tolerance relaxed to achieve convergence from 5.0288067194983110e-03 to 5.0288067194983630e-03 seconds.
Warning: Simulation tolerance relaxed to achieve convergence from 5.0288067194983630e-03 to 5.0288067194984255e-03 seconds.
Warning: Simulation tolerance relaxed to achieve convergence from 5.0288067194984255e-03 to 5.0288067194984671e-03 seconds.
Warning: Simulation tolerance relaxed to achieve convergence from 5.0288067194984671e-03 to 5.0288067194984775e-03 seconds.
Warning: Simulation tolerance relaxed to achieve convergence from 5.0288067194984775e-03 to 5.0288067194985192e-03 seconds.
Warning: Simulation tolerance relaxed to achieve convergence from 5.0288067194985192e-03 to 5.0288067194985400e-03 seconds.
Warning: Simulation tolerance relaxed to achieve convergence from 5.0288067194985400e-03 to 5.0288067194986024e-03 seconds.
Warning: Simulation tolerance relaxed to achieve convergence from 5.0288067194986024e-03 to 5.0288067194986649e-03 seconds.
Warning: Simulation tolerance relaxed to achieve convergence from 5.0288067194986649e-03 to 5.0288067194986857e-03 seconds.
Warning: Simulation tolerance relaxed to achieve convergence from 5.0288067194986857e-03 to 5.0288067194987065e-03 seconds.
Warning: Simulation tolerance relaxed to achieve convergence from 5.0288067194987065e-03 to 5.0288067194987273e-03 seconds.
Warning: Simulation tolerance relaxed to achieve convergence from 5.0288067194987273e-03 to 5.0288067194987482e-03 seconds.
Warning: Simulation tolerance relaxed to achieve convergence from 5.0288067194987482e-03 to 5.0288067194987586e-03 seconds.
Warning: Simulation tolerance relaxed to achieve convergence from 5.0288067194987586e-03 to 5.0288067194987794e-03 seconds.
Warning: Simulation tolerance relaxed to achieve convergence from 5.0288067194987794e-03 to 5.0288067194987898e-03 seconds.
Warning: Simulation tolerance relaxed to achieve convergence from 5.0288067194987898e-03 to 5.0288067194988106e-03 seconds.
Warning: Simulation tolerance relaxed to achieve convergence from 5.0288067194988106e-03 to 5.0288067194988731e-03 seconds.
Warning: Simulation tolerance relaxed to achieve convergence from 5.0288067194988731e-03 to 5.0288067194989771e-03 seconds.
Warning: Simulation tolerance relaxed to achieve convergence from 5.0288067194989771e-03 to 5.0288067194989875e-03 seconds.
Warning: Simulation tolerance relaxed to achieve convergence from 5.0288067194989875e-03 to 5.0288067194989980e-03 seconds.
Warning: Simulation tolerance relaxed to achieve convergence from 5.0288067194989980e-03 to 5.0288067194990188e-03 seconds.
Warning: Simulation tolerance relaxed to achieve convergence from 5.0288067194990188e-03 to 5.0288067194990500e-03 seconds.
Warning: Simulation tolerance relaxed to achieve convergence from 5.0288067194990500e-03 to 5.0288067194990708e-03 seconds.
Warning: Simulation tolerance relaxed to achieve convergence from 5.0288067194990708e-03 to 5.0288067194990916e-03 seconds.
Warning: Simulation tolerance relaxed to achieve convergence from 5.0288067194990916e-03 to 5.0288067194991437e-03 seconds.
Warning: Simulation tolerance relaxed to achieve convergence from 5.0288067194991437e-03 to 5.0288067194991645e-03 seconds.
Warning: Simulation tolerance relaxed to achieve convergence from 5.0288067194991645e-03 to 5.0288067194992269e-03 seconds.
Warning: Simulation tolerance relaxed to achieve convergence from 5.0288067194992269e-03 to 5.0288067194992790e-03 seconds.
Warning: Simulation tolerance relaxed to achieve convergence from 5.0288067194992790e-03 to 5.0288067194993102e-03 seconds.
Warning: Simulation tolerance relaxed to achieve convergence from 5.0288067194993102e-03 to 5.0288067194993831e-03 seconds.
Warning: Simulation tolerance relaxed to achieve convergence from 5.0288067194993831e-03 to 5.0288067194994247e-03 seconds.
Warning: Simulation tolerance relaxed to achieve convergence from 5.0288067194994247e-03 to 5.0288067194994663e-03 seconds.
Warning: Simulation tolerance relaxed to achieve convergence from 5.0288067194994663e-03 to 5.0288067194995184e-03 seconds.
Warning: Simulation tolerance relaxed to achieve convergence from 5.0288067194995184e-03 to 5.0288067194995288e-03 seconds.
Warning: Simulation tolerance relaxed to achieve convergence from 5.0288067194995288e-03 to 5.0288067194995600e-03 seconds.
Warning: Simulation tolerance relaxed to achieve convergence from 5.0288067194995600e-03 to 5.0288067194996016e-03 seconds.
Warning: Simulation tolerance relaxed to achieve convergence from 5.0288067194996016e-03 to 5.0288067194996225e-03 seconds.
Warning: Simulation tolerance relaxed to achieve convergence from 5.0288067194996225e-03 to 5.0288067194996329e-03 seconds.
Warning: Simulation tolerance relaxed to achieve convergence from 5.0288067194996329e-03 to 5.0288067194996537e-03 seconds.
Warning: Simulation tolerance relaxed to achieve convergence from 5.0288067194996537e-03 to 5.0288067194997057e-03 seconds.
Warning: Simulation tolerance relaxed to achieve convergence from 5.0288067194997057e-03 to 5.0288067194997578e-03 seconds.
Warning: Simulation tolerance relaxed to achieve convergence from 5.0288067194997578e-03 to 5.0288067194998098e-03 seconds.
Warning: Simulation tolerance relaxed to achieve convergence from 5.0288067194998098e-03 to 5.0288067194998514e-03 seconds.
Warning: Simulation tolerance relaxed to achieve convergence from 5.0288067194998514e-03 to 5.0288067194998723e-03 seconds.
Warning: Simulation tolerance relaxed to achieve convergence from 5.0288067194998723e-03 to 5.0288067194999555e-03 seconds.
Warning: Simulation tolerance relaxed to achieve convergence from 5.0288067194999555e-03 to 5.0288067194999867e-03 seconds.
Warning: Simulation tolerance relaxed to achieve convergence from 5.0288067194999867e-03 to 5.0288067195000388e-03 seconds.
Warning: Simulation tolerance relaxed to achieve convergence from 5.0288067195000388e-03 to 5.0288067195000908e-03 seconds.
Warning: Simulation tolerance relaxed to achieve convergence from 5.0288067195000908e-03 to 5.0288067195001741e-03 seconds.
Warning: Simulation tolerance relaxed to achieve convergence from 5.0288067195001741e-03 to 5.0288067195001845e-03 seconds.
Warning: Simulation tolerance relaxed to achieve convergence from 5.0288067195001845e-03 to 5.0288067195002365e-03 seconds.
Warning: Simulation tolerance relaxed to achieve convergence from 5.0288067195002365e-03 to 5.0288067195002574e-03 seconds.
Warning: Simulation tolerance relaxed to achieve convergence from 5.0288067195002574e-03 to 5.0288067195002782e-03 seconds.
Warning: Simulation tolerance relaxed to achieve convergence from 5.0288067195002782e-03 to 5.0288067195003302e-03 seconds.
Warning: Simulation tolerance relaxed to achieve convergence from 5.0288067195003302e-03 to 5.0288067195003927e-03 seconds.
Warning: Simulation tolerance relaxed to achieve convergence from 5.0288067195003927e-03 to 5.0288067195004031e-03 seconds.
Warning: Simulation tolerance relaxed to achieve convergence from 5.0288067195004031e-03 to 5.0288067195004239e-03 seconds.
Warning: Simulation tolerance relaxed to achieve convergence from 5.0288067195004239e-03 to 5.0288067195004343e-03 seconds.
Warning: Simulation tolerance relaxed to achieve convergence from 5.0288067195004343e-03 to 5.0288067195004447e-03 seconds.
Warning: Simulation tolerance relaxed to achieve convergence from 5.0288067195004447e-03 to 5.0288067195004655e-03 seconds.
Warning: Simulation tolerance relaxed to achieve convergence from 5.0288067195004655e-03 to 5.0288067195004863e-03 seconds.
Warning: Simulation tolerance relaxed to achieve convergence from 5.0288067195004863e-03 to 5.0288067195005072e-03 seconds.
Warning: Simulation tolerance relaxed to achieve convergence from 5.0288067195005072e-03 to 5.0288067195005592e-03 seconds.
Warning: Simulation tolerance relaxed to achieve convergence from 5.0288067195005592e-03 to 5.0288067195005904e-03 seconds.
Warning: Simulation tolerance relaxed to achieve convergence from 5.0288067195005904e-03 to 5.0288067195006737e-03 seconds.
Warning: Simulation tolerance relaxed to achieve convergence from 5.0288067195006737e-03 to 5.0288067195006945e-03 seconds.
Warning: Simulation tolerance relaxed to achieve convergence from 5.0288067195006945e-03 to 5.0288067195007570e-03 seconds.
Warning: Simulation tolerance relaxed to achieve convergence from 5.0288067195007570e-03 to 5.0288067195007674e-03 seconds.
Warning: Simulation tolerance relaxed to achieve convergence from 5.0288067195007674e-03 to 5.0288067195007882e-03 seconds.
Warning: Simulation tolerance relaxed to achieve convergence from 5.0288067195007882e-03 to 5.0288067195007986e-03 seconds.
Warning: Simulation tolerance relaxed to achieve convergence from 5.0288067195007986e-03 to 5.0288067195008194e-03 seconds.
Warning: Simulation tolerance relaxed to achieve convergence from 5.0288067195008194e-03 to 5.0288067195008923e-03 seconds.
Warning: Simulation tolerance relaxed to achieve convergence from 5.0288067195008923e-03 to 5.0288067195009131e-03 seconds.
Warning: Simulation tolerance relaxed to achieve convergence from 5.0288067195009131e-03 to 5.0288067195009547e-03 seconds.
Warning: Simulation tolerance relaxed to achieve convergence from 5.0288067195009547e-03 to 5.0288067195010068e-03 seconds.
Warning: Simulation tolerance relaxed to achieve convergence from 5.0288067195010068e-03 to 5.0288067195010276e-03 seconds.
Warning: Simulation tolerance relaxed to achieve convergence from 5.0288067195010276e-03 to 5.0288067195010796e-03 seconds.
Warning: Simulation tolerance relaxed to achieve convergence from 5.0288067195010796e-03 to 5.0288067195011004e-03 seconds.
Warning: Simulation tolerance relaxed to achieve convergence from 5.0288067195011004e-03 to 5.0288067195011213e-03 seconds.
Warning: Simulation tolerance relaxed to achieve convergence from 5.0288067195011213e-03 to 5.0288067195011421e-03 seconds.
Warning: Simulation tolerance relaxed to achieve convergence from 5.0288067195011421e-03 to 5.0288067195012253e-03 seconds.
Warning: Simulation tolerance relaxed to achieve convergence from 5.0288067195012253e-03 to 5.0288067195012462e-03 seconds.
Warning: Simulation tolerance relaxed to achieve convergence from 5.0288067195012462e-03 to 5.0288067195012982e-03 seconds.
Warning: Simulation tolerance relaxed to achieve convergence from 5.0288067195012982e-03 to 5.0288067195013086e-03 seconds.
Warning: Simulation tolerance relaxed to achieve convergence from 5.0288067195013086e-03 to 5.0288067195013502e-03 seconds.
Warning: Simulation tolerance relaxed to achieve convergence from 5.0288067195013502e-03 to 5.0288067195013711e-03 seconds.
Warning: Simulation tolerance relaxed to achieve convergence from 5.0288067195013711e-03 to 5.0288067195014127e-03 seconds.
Warning: Simulation tolerance relaxed to achieve convergence from 5.0288067195014127e-03 to 5.0288067195014543e-03 seconds.
Warning: Simulation tolerance relaxed to achieve convergence from 5.0288067195014543e-03 to 5.0288067195014751e-03 seconds.
Warning: Simulation tolerance relaxed to achieve convergence from 5.0288067195014751e-03 to 5.0288067195015168e-03 seconds.
Warning: Simulation tolerance relaxed to achieve convergence from 5.0288067195015168e-03 to 5.0288067195015376e-03 seconds.
Warning: Simulation tolerance relaxed to achieve convergence from 5.0288067195015376e-03 to 5.0288067195015480e-03 seconds.
Warning: Simulation tolerance relaxed to achieve convergence from 5.0288067195015480e-03 to 5.0288067195015688e-03 seconds.
Warning: Simulation tolerance relaxed to achieve convergence from 5.0288067195015688e-03 to 5.0288067195016209e-03 seconds.
Warning: Simulation tolerance relaxed to achieve convergence from 5.0288067195016209e-03 to 5.0288067195016313e-03 seconds.
Warning: Simulation tolerance relaxed to achieve convergence from 5.0288067195016313e-03 to 5.0288067195016521e-03 seconds.
Warning: Simulation tolerance relaxed to achieve convergence from 5.0288067195016521e-03 to 5.0288067195017041e-03 seconds.
Warning: Simulation tolerance relaxed to achieve convergence from 5.0288067195017041e-03 to 5.0288067195017770e-03 seconds.
Warning: Simulation tolerance relaxed to achieve convergence from 5.0288067195017770e-03 to 5.0288067195018186e-03 seconds.
Warning: Simulation tolerance relaxed to achieve convergence from 5.0288067195018186e-03 to 5.0288067195018498e-03 seconds.
Warning: Simulation tolerance relaxed to achieve convergence from 5.0288067195018498e-03 to 5.0288067195019227e-03 seconds.
Warning: Simulation tolerance relaxed to achieve convergence from 5.0288067195019227e-03 to 5.0288067195019643e-03 seconds.
Warning: Simulation tolerance relaxed to achieve convergence from 5.0288067195019643e-03 to 5.0288067195019851e-03 seconds.
Warning: Simulation tolerance relaxed to achieve convergence from 5.0288067195019851e-03 to 5.0288067195020060e-03 seconds.
Warning: Simulation tolerance relaxed to achieve convergence from 5.0288067195020060e-03 to 5.0288067195020580e-03 seconds.
Warning: Simulation tolerance relaxed to achieve convergence from 5.0288067195020580e-03 to 5.0288067195020788e-03 seconds.
Warning: Simulation tolerance relaxed to achieve convergence from 5.0288067195020788e-03 to 5.0288067195020996e-03 seconds.
Warning: Simulation tolerance relaxed to achieve convergence from 5.0288067195020996e-03 to 5.0288067195021517e-03 seconds.
Warning: Simulation tolerance relaxed to achieve convergence from 5.0288067195021621e-03 to 5.0288067195022037e-03 seconds.
Warning: Simulation tolerance relaxed to achieve convergence from 5.0288067195022037e-03 to 5.0288067195022245e-03 seconds.
Warning: Simulation tolerance relaxed to achieve convergence from 5.0288067195022245e-03 to 5.0288067195022766e-03 seconds.
Warning: Simulation tolerance relaxed to achieve convergence from 5.0288067195022766e-03 to 5.0288067195023286e-03 seconds.
Warning: Simulation tolerance relaxed to achieve convergence from 5.0288067195023286e-03 to 5.0288067195024327e-03 seconds.
Warning: Simulation tolerance relaxed to achieve convergence from 5.0288067195024327e-03 to 5.0288067195024431e-03 seconds.
Warning: Simulation tolerance relaxed to achieve convergence from 5.0288067195024431e-03 to 5.0288067195024639e-03 seconds.
Warning: Simulation tolerance relaxed to achieve convergence from 5.0288067195024639e-03 to 5.0288067195024743e-03 seconds.
Warning: Simulation tolerance relaxed to achieve convergence from 5.0288067195024743e-03 to 5.0288067195024952e-03 seconds.
Warning: Simulation tolerance relaxed to achieve convergence from 5.0288067195024952e-03 to 5.0288067195025264e-03 seconds.
Warning: Simulation tolerance relaxed to achieve convergence from 5.0288067195025264e-03 to 5.0288067195025784e-03 seconds.
Warning: Simulation tolerance relaxed to achieve convergence from 5.0288067195025784e-03 to 5.0288067195025992e-03 seconds.
Warning: Simulation tolerance relaxed to achieve convergence from 5.0288067195025992e-03 to 5.0288067195026617e-03 seconds.
Warning: Simulation tolerance relaxed to achieve convergence from 5.0288067195026617e-03 to 5.0288067195026825e-03 seconds.
Warning: Simulation tolerance relaxed to achieve convergence from 5.0288067195026825e-03 to 5.0288067195027033e-03 seconds.
Warning: Simulation tolerance relaxed to achieve convergence from 5.0288067195027033e-03 to 5.0288067195027345e-03 seconds.
Warning: Simulation tolerance relaxed to achieve convergence from 5.0288067195027345e-03 to 5.0288067195027970e-03 seconds.
Warning: Simulation tolerance relaxed to achieve convergence from 5.0288067195027970e-03 to 5.0288067195028178e-03 seconds.
Warning: Simulation tolerance relaxed to achieve convergence from 5.0288067195028178e-03 to 5.0288067195028803e-03 seconds.
Warning: Simulation tolerance relaxed to achieve convergence from 5.0288067195028803e-03 to 5.0288067195028907e-03 seconds.
Warning: Simulation tolerance relaxed to achieve convergence from 5.0288067195028907e-03 to 5.0288067195029011e-03 seconds.
Warning: Simulation tolerance relaxed to achieve convergence from 5.0288067195029011e-03 to 5.0288067195029219e-03 seconds.
Warning: Simulation tolerance relaxed to achieve convergence from 5.0288067195029219e-03 to 5.0288067195029427e-03 seconds.
Warning: Simulation tolerance relaxed to achieve convergence from 5.0288067195029427e-03 to 5.0288067195029739e-03 seconds.
Warning: Simulation tolerance relaxed to achieve convergence from 5.0288067195029739e-03 to 5.0288067195030364e-03 seconds.
Warning: Simulation tolerance relaxed to achieve convergence from 5.0288067195030364e-03 to 5.0288067195031093e-03 seconds.
Warning: Simulation tolerance relaxed to achieve convergence from 5.0288067195031093e-03 to 5.0288067195031301e-03 seconds.
Warning: Simulation tolerance relaxed to achieve convergence from 5.0288067195031301e-03 to 5.0288067195031821e-03 seconds.
Warning: Simulation tolerance relaxed to achieve convergence from 5.0288067195031821e-03 to 5.0288067195032029e-03 seconds.
Warning: Simulation tolerance relaxed to achieve convergence from 5.0288067195032029e-03 to 5.0288067195032237e-03 seconds.
Warning: Simulation tolerance relaxed to achieve convergence from 5.0288067195032237e-03 to 5.0288067195032862e-03 seconds.
Warning: Simulation tolerance relaxed to achieve convergence from 5.0288067195032862e-03 to 5.0288067195033278e-03 seconds.
Warning: Simulation tolerance relaxed to achieve convergence from 5.0288067195033278e-03 to 5.0288067195033382e-03 seconds.
Warning: Simulation tolerance relaxed to achieve convergence from 5.0288067195033382e-03 to 5.0288067195033591e-03 seconds.
Warning: Simulation tolerance relaxed to achieve convergence from 5.0288067195033591e-03 to 5.0288067195034215e-03 seconds.
Warning: Simulation tolerance relaxed to achieve convergence from 5.0288067195034215e-03 to 5.0288067195034735e-03 seconds.
Warning: Simulation tolerance relaxed to achieve convergence from 5.0288067195034735e-03 to 5.0288067195034944e-03 seconds.
Warning: Simulation tolerance relaxed to achieve convergence from 5.0288067195034944e-03 to 5.0288067195035152e-03 seconds.
Warning: Simulation tolerance relaxed to achieve convergence from 5.0288067195035152e-03 to 5.0288067195035880e-03 seconds.
Warning: Simulation tolerance relaxed to achieve convergence from 5.0288067195035880e-03 to 5.0288067195036089e-03 seconds.
Warning: Simulation tolerance relaxed to achieve convergence from 5.0288067195036089e-03 to 5.0288067195036713e-03 seconds.
Warning: Simulation tolerance relaxed to achieve convergence from 5.0288067195036713e-03 to 5.0288067195036921e-03 seconds.
Warning: Simulation tolerance relaxed to achieve convergence from 5.0288067195036921e-03 to 5.0288067195037546e-03 seconds.
Warning: Simulation tolerance relaxed to achieve convergence from 5.0288067195037546e-03 to 5.0288067195037962e-03 seconds.
Warning: Simulation tolerance relaxed to achieve convergence from 5.0288067195037962e-03 to 5.0288067195038274e-03 seconds.
Warning: Simulation tolerance relaxed to achieve convergence from 5.0288067195038274e-03 to 5.0288067195038795e-03 seconds.
Warning: Simulation tolerance relaxed to achieve convergence from 5.0288067195038795e-03 to 5.0288067195039003e-03 seconds.
Warning: Simulation tolerance relaxed to achieve convergence from 5.0288067195039003e-03 to 5.0288067195039627e-03 seconds.
Warning: Simulation tolerance relaxed to achieve convergence from 5.0288067195039627e-03 to 5.0288067195039836e-03 seconds.
Warning: Simulation tolerance relaxed to achieve convergence from 5.0288067195039836e-03 to 5.0288067195040460e-03 seconds.
Warning: Simulation tolerance relaxed to achieve convergence from 5.0288067195040460e-03 to 5.0288067195040980e-03 seconds.
Warning: Simulation tolerance relaxed to achieve convergence from 5.0288067195040980e-03 to 5.0288067195041293e-03 seconds.
Warning: Simulation tolerance relaxed to achieve convergence from 5.0288067195041293e-03 to 5.0288067195041709e-03 seconds.
Warning: Simulation tolerance relaxed to achieve convergence from 5.0288067195041709e-03 to 5.0288067195041813e-03 seconds.
Warning: Simulation tolerance relaxed to achieve convergence from 5.0288067195041813e-03 to 5.0288067195042021e-03 seconds.
Warning: Simulation tolerance relaxed to achieve convergence from 5.0288067195042021e-03 to 5.0288067195042229e-03 seconds.
Warning: Simulation tolerance relaxed to achieve convergence from 5.0288067195042229e-03 to 5.0288067195042854e-03 seconds.
Warning: Simulation tolerance relaxed to achieve convergence from 5.0288067195042854e-03 to 5.0288067195043062e-03 seconds.
Warning: Simulation tolerance relaxed to achieve convergence from 5.0288067195043062e-03 to 5.0288067195043166e-03 seconds.
Warning: Simulation tolerance relaxed to achieve convergence from 5.0288067195043166e-03 to 5.0288067195043583e-03 seconds.
Warning: Simulation tolerance relaxed to achieve convergence from 5.0288067195043583e-03 to 5.0288067195043999e-03 seconds.
Warning: Simulation tolerance relaxed to achieve convergence from 5.0288067195043999e-03 to 5.0288067195044207e-03 seconds.
Warning: Simulation tolerance relaxed to achieve convergence from 5.0288067195044207e-03 to 5.0288067195044727e-03 seconds.
Warning: Simulation tolerance relaxed to achieve convergence from 5.0288067195044727e-03 to 5.0288067195045352e-03 seconds.
Warning: Simulation tolerance relaxed to achieve convergence from 5.0288067195045352e-03 to 5.0288067195045560e-03 seconds.
Warning: Simulation tolerance relaxed to achieve convergence from 5.0288067195045560e-03 to 5.0288067195045872e-03 seconds.
Warning: Simulation tolerance relaxed to achieve convergence from 5.0288067195045872e-03 to 5.0288067195046497e-03 seconds.
Warning: Simulation tolerance relaxed to achieve convergence from 5.0288067195046497e-03 to 5.0288067195046705e-03 seconds.
Warning: Simulation tolerance relaxed to achieve convergence from 5.0288067195046705e-03 to 5.0288067195047225e-03 seconds.
Warning: Simulation tolerance relaxed to achieve convergence from 5.0288067195047225e-03 to 5.0288067195047434e-03 seconds.
Warning: Simulation tolerance relaxed to achieve convergence from 5.0288067195047434e-03 to 5.0288067195047954e-03 seconds.
Warning: Simulation tolerance relaxed to achieve convergence from 5.0288067195047954e-03 to 5.0288067195048162e-03 seconds.
Warning: Simulation tolerance relaxed to achieve convergence from 5.0288067195048162e-03 to 5.0288067195048787e-03 seconds.
Warning: Simulation tolerance relaxed to achieve convergence from 5.0288067195048787e-03 to 5.0288067195048995e-03 seconds.
Warning: Simulation tolerance relaxed to achieve convergence from 5.0288067195048995e-03 to 5.0288067195049203e-03 seconds.
Warning: Simulation tolerance relaxed to achieve convergence from 5.0288067195049203e-03 to 5.0288067195049307e-03 seconds.
Warning: Simulation tolerance relaxed to achieve convergence from 5.0288067195049307e-03 to 5.0288067195050140e-03 seconds.
Warning: Simulation tolerance relaxed to achieve convergence from 5.0288067195050140e-03 to 5.0288067195050452e-03 seconds.
Warning: Simulation tolerance relaxed to achieve convergence from 5.0288067195050452e-03 to 5.0288067195050972e-03 seconds.
Warning: Simulation tolerance relaxed to achieve convergence from 5.0288067195050972e-03 to 5.0288067195051181e-03 seconds.
Warning: Simulation tolerance relaxed to achieve convergence from 5.0288067195051181e-03 to 5.0288067195051389e-03 seconds.
Warning: Simulation tolerance relaxed to achieve convergence from 5.0288067195051493e-03 to 5.0288067195051597e-03 seconds.
Warning: Simulation tolerance relaxed to achieve convergence from 5.0288067195051597e-03 to 5.0288067195051701e-03 seconds.
Warning: Simulation tolerance relaxed to achieve convergence from 5.0288067195051701e-03 to 5.0288067195052326e-03 seconds.
Warning: Simulation tolerance relaxed to achieve convergence from 5.0288067195052326e-03 to 5.0288067195052846e-03 seconds.
Warning: Simulation tolerance relaxed to achieve convergence from 5.0288067195052846e-03 to 5.0288067195053470e-03 seconds.
Warning: Simulation tolerance relaxed to achieve convergence from 5.0288067195053470e-03 to 5.0288067195053575e-03 seconds.
Warning: Simulation tolerance relaxed to achieve convergence from 5.0288067195053575e-03 to 5.0288067195053783e-03 seconds.
Warning: Simulation tolerance relaxed to achieve convergence from 5.0288067195053783e-03 to 5.0288067195054199e-03 seconds.
Warning: Simulation tolerance relaxed to achieve convergence from 5.0288067195054199e-03 to 5.0288067195054719e-03 seconds.
Warning: Simulation tolerance relaxed to achieve convergence from 5.0288067195054719e-03 to 5.0288067195054824e-03 seconds.
Warning: Simulation tolerance relaxed to achieve convergence from 5.0288067195054824e-03 to 5.0288067195055136e-03 seconds.
Warning: Simulation tolerance relaxed to achieve convergence from 5.0288067195055136e-03 to 5.0288067195055344e-03 seconds.
Warning: Simulation tolerance relaxed to achieve convergence from 5.0288067195055344e-03 to 5.0288067195056177e-03 seconds.
Warning: Simulation tolerance relaxed to achieve convergence from 5.0288067195056177e-03 to 5.0288067195056385e-03 seconds.
Warning: Simulation tolerance relaxed to achieve convergence from 5.0288067195056385e-03 to 5.0288067195056905e-03 seconds.
Warning: Simulation tolerance relaxed to achieve convergence from 5.0288067195056905e-03 to 5.0288067195057217e-03 seconds.
Warning: Simulation tolerance relaxed to achieve convergence from 5.0288067195057217e-03 to 5.0288067195057842e-03 seconds.
Warning: Simulation tolerance relaxed to achieve convergence from 5.0288067195057842e-03 to 5.0288067195058050e-03 seconds.
Warning: Simulation tolerance relaxed to achieve convergence from 5.0288067195058050e-03 to 5.0288067195058258e-03 seconds.
Warning: Simulation tolerance relaxed to achieve convergence from 5.0288067195058258e-03 to 5.0288067195058466e-03 seconds.
Warning: Simulation tolerance relaxed to achieve convergence from 5.0288067195058466e-03 to 5.0288067195058987e-03 seconds.
Warning: Simulation tolerance relaxed to achieve convergence from 5.0288067195058987e-03 to 5.0288067195059299e-03 seconds.
Warning: Simulation tolerance relaxed to achieve convergence from 5.0288067195059299e-03 to 5.0288067195059924e-03 seconds.
Warning: Simulation tolerance relaxed to achieve convergence from 5.0288067195059924e-03 to 5.0288067195060132e-03 seconds.
Warning: Simulation tolerance relaxed to achieve convergence from 5.0288067195060132e-03 to 5.0288067195060548e-03 seconds.
Warning: Simulation tolerance relaxed to achieve convergence from 5.0288067195060548e-03 to 5.0288067195060756e-03 seconds.
Warning: Simulation tolerance relaxed to achieve convergence from 5.0288067195060756e-03 to 5.0288067195061173e-03 seconds.
Warning: Simulation tolerance relaxed to achieve convergence from 5.0288067195061173e-03 to 5.0288067195061381e-03 seconds.
Warning: Simulation tolerance relaxed to achieve convergence from 5.0288067195061381e-03 to 5.0288067195061589e-03 seconds.
Warning: Simulation tolerance relaxed to achieve convergence from 5.0288067195061589e-03 to 5.0288067195062422e-03 seconds.
Warning: Simulation tolerance relaxed to achieve convergence from 5.0288067195062422e-03 to 5.0288067195062526e-03 seconds.
Warning: Simulation tolerance relaxed to achieve convergence from 5.0288067195062526e-03 to 5.0288067195062734e-03 seconds.
Warning: Simulation tolerance relaxed to achieve convergence from 5.0288067195062734e-03 to 5.0288067195062942e-03 seconds.
Warning: Simulation tolerance relaxed to achieve convergence from 5.0288067195062942e-03 to 5.0288067195063983e-03 seconds.
Warning: Simulation tolerance relaxed to achieve convergence from 5.0288067195063983e-03 to 5.0288067195064191e-03 seconds.
Warning: Simulation tolerance relaxed to achieve convergence from 5.0288067195064191e-03 to 5.0288067195064399e-03 seconds.
Warning: Simulation tolerance relaxed to achieve convergence from 5.0288067195064399e-03 to 5.0288067195065024e-03 seconds.
Warning: Simulation tolerance relaxed to achieve convergence from 5.0288067195065024e-03 to 5.0288067195065232e-03 seconds.
Warning: Simulation tolerance relaxed to achieve convergence from 5.0288067195065232e-03 to 5.0288067195065752e-03 seconds.
Warning: Simulation tolerance relaxed to achieve convergence from 5.0288067195065752e-03 to 5.0288067195065960e-03 seconds.
Warning: Simulation tolerance relaxed to achieve convergence from 5.0288067195065960e-03 to 5.0288067195066169e-03 seconds.
Warning: Simulation tolerance relaxed to achieve convergence from 5.0288067195066169e-03 to 5.0288067195066377e-03 seconds.
Warning: Simulation tolerance relaxed to achieve convergence from 5.0288067195066377e-03 to 5.0288067195066897e-03 seconds.
Warning: Simulation tolerance relaxed to achieve convergence from 5.0288067195066897e-03 to 5.0288067195067730e-03 seconds.
Warning: Simulation tolerance relaxed to achieve convergence from 5.0288067195067730e-03 to 5.0288067195068458e-03 seconds.
Warning: Simulation tolerance relaxed to achieve convergence from 5.0288067195068458e-03 to 5.0288067195068563e-03 seconds.
Warning: Simulation tolerance relaxed to achieve convergence from 5.0288067195068563e-03 to 5.0288067195068771e-03 seconds.
Warning: Simulation tolerance relaxed to achieve convergence from 5.0288067195068771e-03 to 5.0288067195068979e-03 seconds.
Warning: Simulation tolerance relaxed to achieve convergence from 5.0288067195068979e-03 to 5.0288067195069187e-03 seconds.
Warning: Simulation tolerance relaxed to achieve convergence from 5.0288067195069187e-03 to 5.0288067195069395e-03 seconds.
Warning: Simulation tolerance relaxed to achieve convergence from 5.0288067195069395e-03 to 5.0288067195069603e-03 seconds.
Warning: Simulation tolerance relaxed to achieve convergence from 5.0288067195069707e-03 to 5.0288067195070228e-03 seconds.
Warning: Simulation tolerance relaxed to achieve convergence from 5.0288067195070228e-03 to 5.0288067195070852e-03 seconds.
Warning: Simulation tolerance relaxed to achieve convergence from 5.0288067195070852e-03 to 5.0288067195070956e-03 seconds.
Warning: Simulation tolerance relaxed to achieve convergence from 5.0288067195070956e-03 to 5.0288067195071269e-03 seconds.
Warning: Simulation tolerance relaxed to achieve convergence from 5.0288067195071269e-03 to 5.0288067195071789e-03 seconds.
Warning: Simulation tolerance relaxed to achieve convergence from 5.0288067195071789e-03 to 5.0288067195072518e-03 seconds.
Warning: Simulation tolerance relaxed to achieve convergence from 5.0288067195072518e-03 to 5.0288067195072622e-03 seconds.
Warning: Simulation tolerance relaxed to achieve convergence from 5.0288067195072622e-03 to 5.0288067195072830e-03 seconds.
Warning: Simulation tolerance relaxed to achieve convergence from 5.0288067195072830e-03 to 5.0288067195073038e-03 seconds.
Warning: Simulation tolerance relaxed to achieve convergence from 5.0288067195073038e-03 to 5.0288067195073246e-03 seconds.
Warning: Simulation tolerance relaxed to achieve convergence from 5.0288067195073246e-03 to 5.0288067195073454e-03 seconds.
Warning: Simulation tolerance relaxed to achieve convergence from 5.0288067195073454e-03 to 5.0288067195073767e-03 seconds.
Warning: Simulation tolerance relaxed to achieve convergence from 5.0288067195073767e-03 to 5.0288067195073975e-03 seconds.
Warning: Simulation tolerance relaxed to achieve convergence from 5.0288067195073975e-03 to 5.0288067195074912e-03 seconds.
Warning: Simulation tolerance relaxed to achieve convergence from 5.0288067195074912e-03 to 5.0288067195075016e-03 seconds.
Warning: Simulation tolerance relaxed to achieve convergence from 5.0288067195075016e-03 to 5.0288067195075224e-03 seconds.
Warning: Simulation tolerance relaxed to achieve convergence from 5.0288067195075224e-03 to 5.0288067195075328e-03 seconds.
Warning: Simulation tolerance relaxed to achieve convergence from 5.0288067195075328e-03 to 5.0288067195075432e-03 seconds.
Warning: Simulation tolerance relaxed to achieve convergence from 5.0288067195075432e-03 to 5.0288067195075640e-03 seconds.
Warning: Simulation tolerance relaxed to achieve convergence from 5.0288067195075640e-03 to 5.0288067195076265e-03 seconds.
Warning: Simulation tolerance relaxed to achieve convergence from 5.0288067195076265e-03 to 5.0288067195076369e-03 seconds.
Warning: Simulation tolerance relaxed to achieve convergence from 5.0288067195076369e-03 to 5.0288067195076577e-03 seconds.
Warning: Simulation tolerance relaxed to achieve convergence from 5.0288067195076577e-03 to 5.0288067195076993e-03 seconds.
Warning: Simulation tolerance relaxed to achieve convergence from 5.0288067195076993e-03 to 5.0288067195077201e-03 seconds.
Warning: Simulation tolerance relaxed to achieve convergence from 5.0288067195077201e-03 to 5.0288067195077722e-03 seconds.
Warning: Simulation tolerance relaxed to achieve convergence from 5.0288067195077722e-03 to 5.0288067195077930e-03 seconds.
Warning: Simulation tolerance relaxed to achieve convergence from 5.0288067195077930e-03 to 5.0288067195078450e-03 seconds.
Warning: Simulation tolerance relaxed to achieve convergence from 5.0288067195078450e-03 to 5.0288067195078555e-03 seconds.
Warning: Simulation tolerance relaxed to achieve convergence from 5.0288067195078555e-03 to 5.0288067195078763e-03 seconds.
Warning: Simulation tolerance relaxed to achieve convergence from 5.0288067195078763e-03 to 5.0288067195079387e-03 seconds.
Warning: Simulation tolerance relaxed to achieve convergence from 5.0288067195079387e-03 to 5.0288067195079595e-03 seconds.
Warning: Simulation tolerance relaxed to achieve convergence from 5.0288067195079595e-03 to 5.0288067195080116e-03 seconds.
Warning: Simulation tolerance relaxed to achieve convergence from 5.0288067195080116e-03 to 5.0288067195080740e-03 seconds.
Warning: Simulation tolerance relaxed to achieve convergence from 5.0288067195080740e-03 to 5.0288067195081053e-03 seconds.
Warning: Simulation tolerance relaxed to achieve convergence from 5.0288067195081053e-03 to 5.0288067195081573e-03 seconds.
Warning: Simulation tolerance relaxed to achieve convergence from 5.0288067195081573e-03 to 5.0288067195081989e-03 seconds.
Warning: Simulation tolerance relaxed to achieve convergence from 5.0288067195081989e-03 to 5.0288067195082197e-03 seconds.
Warning: Simulation tolerance relaxed to achieve convergence from 5.0288067195082197e-03 to 5.0288067195082822e-03 seconds.
Warning: Simulation tolerance relaxed to achieve convergence from 5.0288067195082822e-03 to 5.0288067195083030e-03 seconds.
Warning: Simulation tolerance relaxed to achieve convergence from 5.0288067195083030e-03 to 5.0288067195083134e-03 seconds.
Warning: Simulation tolerance relaxed to achieve convergence from 5.0288067195083134e-03 to 5.0288067195083655e-03 seconds.
Warning: Simulation tolerance relaxed to achieve convergence from 5.0288067195083655e-03 to 5.0288067195084279e-03 seconds.
Warning: Simulation tolerance relaxed to achieve convergence from 5.0288067195084279e-03 to 5.0288067195084487e-03 seconds.
Warning: Simulation tolerance relaxed to achieve convergence from 5.0288067195084487e-03 to 5.0288067195085008e-03 seconds.
Warning: Simulation tolerance relaxed to achieve convergence from 5.0288067195085008e-03 to 5.0288067195085112e-03 seconds.
Warning: Simulation tolerance relaxed to achieve convergence from 5.0288067195085112e-03 to 5.0288067195085320e-03 seconds.
Warning: Simulation tolerance relaxed to achieve convergence from 5.0288067195085320e-03 to 5.0288067195085840e-03 seconds.
Warning: Simulation tolerance relaxed to achieve convergence from 5.0288067195085840e-03 to 5.0288067195086361e-03 seconds.
Warning: Simulation tolerance relaxed to achieve convergence from 5.0288067195086361e-03 to 5.0288067195086985e-03 seconds.
Warning: Simulation tolerance relaxed to achieve convergence from 5.0288067195086985e-03 to 5.0288067195087402e-03 seconds.
Warning: Simulation tolerance relaxed to achieve convergence from 5.0288067195087402e-03 to 5.0288067195087610e-03 seconds.
Warning: Simulation tolerance relaxed to achieve convergence from 5.0288067195087610e-03 to 5.0288067195088234e-03 seconds.
Warning: Simulation tolerance relaxed to achieve convergence from 5.0288067195088234e-03 to 5.0288067195088442e-03 seconds.
Warning: Simulation tolerance relaxed to achieve convergence from 5.0288067195088442e-03 to 5.0288067195088651e-03 seconds.
Warning: Simulation tolerance relaxed to achieve convergence from 5.0288067195088651e-03 to 5.0288067195089275e-03 seconds.
Warning: Simulation tolerance relaxed to achieve convergence from 5.0288067195089275e-03 to 5.0288067195089379e-03 seconds.
Warning: Simulation tolerance relaxed to achieve convergence from 5.0288067195089379e-03 to 5.0288067195089900e-03 seconds.
Warning: Simulation tolerance relaxed to achieve convergence from 5.0288067195089900e-03 to 5.0288067195090004e-03 seconds.
Warning: Simulation tolerance relaxed to achieve convergence from 5.0288067195090004e-03 to 5.0288067195090212e-03 seconds.
Warning: Simulation tolerance relaxed to achieve convergence from 5.0288067195090212e-03 to 5.0288067195090940e-03 seconds.
Warning: Simulation tolerance relaxed to achieve convergence from 5.0288067195090940e-03 to 5.0288067195091045e-03 seconds.
Warning: Simulation tolerance relaxed to achieve convergence from 5.0288067195091045e-03 to 5.0288067195091565e-03 seconds.
Warning: Simulation tolerance relaxed to achieve convergence from 5.0288067195091565e-03 to 5.0288067195091773e-03 seconds.
Warning: Simulation tolerance relaxed to achieve convergence from 5.0288067195091773e-03 to 5.0288067195092085e-03 seconds.
Warning: Simulation tolerance relaxed to achieve convergence from 5.0288067195092085e-03 to 5.0288067195092710e-03 seconds.
Warning: Simulation tolerance relaxed to achieve convergence from 5.0288067195092710e-03 to 5.0288067195093230e-03 seconds.
Warning: Simulation tolerance relaxed to achieve convergence from 5.0288067195093230e-03 to 5.0288067195093438e-03 seconds.
Warning: Simulation tolerance relaxed to achieve convergence from 5.0288067195093438e-03 to 5.0288067195093647e-03 seconds.
Warning: Simulation tolerance relaxed to achieve convergence from 5.0288067195093647e-03 to 5.0288067195093959e-03 seconds.
Warning: Simulation tolerance relaxed to achieve convergence from 5.0288067195094063e-03 to 5.0288067195094479e-03 seconds.
Warning: Simulation tolerance relaxed to achieve convergence from 5.0288067195094479e-03 to 5.0288067195095416e-03 seconds.
Warning: Simulation tolerance relaxed to achieve convergence from 5.0288067195095416e-03 to 5.0288067195095520e-03 seconds.
Warning: Simulation tolerance relaxed to achieve convergence from 5.0288067195095520e-03 to 5.0288067195095624e-03 seconds.
Warning: Simulation tolerance relaxed to achieve convergence from 5.0288067195095624e-03 to 5.0288067195095832e-03 seconds.
Warning: Simulation tolerance relaxed to achieve convergence from 5.0288067195095832e-03 to 5.0288067195096249e-03 seconds.
Warning: Simulation tolerance relaxed to achieve convergence from 5.0288067195096249e-03 to 5.0288067195096665e-03 seconds.
Warning: Simulation tolerance relaxed to achieve convergence from 5.0288067195096665e-03 to 5.0288067195096873e-03 seconds.
Warning: Simulation tolerance relaxed to achieve convergence from 5.0288067195096873e-03 to 5.0288067195097185e-03 seconds.
Warning: Simulation tolerance relaxed to achieve convergence from 5.0288067195097185e-03 to 5.0288067195097498e-03 seconds.
Warning: Simulation tolerance relaxed to achieve convergence from 5.0288067195097498e-03 to 5.0288067195098018e-03 seconds.
Warning: Simulation tolerance relaxed to achieve convergence from 5.0288067195098018e-03 to 5.0288067195098851e-03 seconds.
Warning: Simulation tolerance relaxed to achieve convergence from 5.0288067195098851e-03 to 5.0288067195099059e-03 seconds.
Warning: Simulation tolerance relaxed to achieve convergence from 5.0288067195099059e-03 to 5.0288067195099267e-03 seconds.
Warning: Simulation tolerance relaxed to achieve convergence from 5.0288067195099267e-03 to 5.0288067195099788e-03 seconds.
Warning: Simulation tolerance relaxed to achieve convergence from 5.0288067195099788e-03 to 5.0288067195100308e-03 seconds.
Warning: Simulation tolerance relaxed to achieve convergence from 5.0288067195100308e-03 to 5.0288067195100932e-03 seconds.
Warning: Simulation tolerance relaxed to achieve convergence from 5.0288067195100932e-03 to 5.0288067195101349e-03 seconds.
Warning: Simulation tolerance relaxed to achieve convergence from 5.0288067195101349e-03 to 5.0288067195101661e-03 seconds.
Warning: Simulation tolerance relaxed to achieve convergence from 5.0288067195101661e-03 to 5.0288067195102181e-03 seconds.
Warning: Simulation tolerance relaxed to achieve convergence from 5.0288067195102181e-03 to 5.0288067195102702e-03 seconds.
Warning: Simulation tolerance relaxed to achieve convergence from 5.0288067195102702e-03 to 5.0288067195103222e-03 seconds.
Warning: Simulation tolerance relaxed to achieve convergence from 5.0288067195103222e-03 to 5.0288067195103326e-03 seconds.
Warning: Simulation tolerance relaxed to achieve convergence from 5.0288067195103326e-03 to 5.0288067195103847e-03 seconds.
Warning: Simulation tolerance relaxed to achieve convergence from 5.0288067195103847e-03 to 5.0288067195104055e-03 seconds.
Warning: Simulation tolerance relaxed to achieve convergence from 5.0288067195104055e-03 to 5.0288067195104263e-03 seconds.
Warning: Simulation tolerance relaxed to achieve convergence from 5.0288067195104263e-03 to 5.0288067195104784e-03 seconds.
Warning: Simulation tolerance relaxed to achieve convergence from 5.0288067195104784e-03 to 5.0288067195105304e-03 seconds.
Warning: Simulation tolerance relaxed to achieve convergence from 5.0288067195105304e-03 to 5.0288067195105512e-03 seconds.
Warning: Simulation tolerance relaxed to achieve convergence from 5.0288067195105512e-03 to 5.0288067195105928e-03 seconds.
Warning: Simulation tolerance relaxed to achieve convergence from 5.0288067195105928e-03 to 5.0288067195106345e-03 seconds.
Warning: Simulation tolerance relaxed to achieve convergence from 5.0288067195106345e-03 to 5.0288067195106553e-03 seconds.
Warning: Simulation tolerance relaxed to achieve convergence from 5.0288067195106553e-03 to 5.0288067195106865e-03 seconds.
Warning: Simulation tolerance relaxed to achieve convergence from 5.0288067195106865e-03 to 5.0288067195107594e-03 seconds.
Warning: Simulation tolerance relaxed to achieve convergence from 5.0288067195107594e-03 to 5.0288067195107802e-03 seconds.
Warning: Simulation tolerance relaxed to achieve convergence from 5.0288067195107802e-03 to 5.0288067195108426e-03 seconds.
Warning: Simulation tolerance relaxed to achieve convergence from 5.0288067195108426e-03 to 5.0288067195109155e-03 seconds.
Warning: Simulation tolerance relaxed to achieve convergence from 5.0288067195109155e-03 to 5.0288067195109884e-03 seconds.
Warning: Simulation tolerance relaxed to achieve convergence from 5.0288067195109884e-03 to 5.0288067195110092e-03 seconds.
Warning: Simulation tolerance relaxed to achieve convergence from 5.0288067195110092e-03 to 5.0288067195110508e-03 seconds.
Warning: Simulation tolerance relaxed to achieve convergence from 5.0288067195110508e-03 to 5.0288067195110716e-03 seconds.
Warning: Simulation tolerance relaxed to achieve convergence from 5.0288067195110716e-03 to 5.0288067195111133e-03 seconds.
Warning: Simulation tolerance relaxed to achieve convergence from 5.0288067195111133e-03 to 5.0288067195111549e-03 seconds.
Warning: Simulation tolerance relaxed to achieve convergence from 5.0288067195111549e-03 to 5.0288067195111757e-03 seconds.
Warning: Simulation tolerance relaxed to achieve convergence from 5.0288067195111757e-03 to 5.0288067195111965e-03 seconds.
Warning: Simulation tolerance relaxed to achieve convergence from 5.0288067195111965e-03 to 5.0288067195112694e-03 seconds.
Warning: Simulation tolerance relaxed to achieve convergence from 5.0288067195112694e-03 to 5.0288067195113110e-03 seconds.
Warning: Simulation tolerance relaxed to achieve convergence from 5.0288067195113110e-03 to 5.0288067195113318e-03 seconds.
Warning: Simulation tolerance relaxed to achieve convergence from 5.0288067195113318e-03 to 5.0288067195113527e-03 seconds.
Warning: Simulation tolerance relaxed to achieve convergence from 5.0288067195113527e-03 to 5.0288067195114255e-03 seconds.
Warning: Simulation tolerance relaxed to achieve convergence from 5.0288067195114255e-03 to 5.0288067195114463e-03 seconds.
Warning: Simulation tolerance relaxed to achieve convergence from 5.0288067195114463e-03 to 5.0288067195115192e-03 seconds.
Warning: Simulation tolerance relaxed to achieve convergence from 5.0288067195115192e-03 to 5.0288067195115400e-03 seconds.
Warning: Simulation tolerance relaxed to achieve convergence from 5.0288067195115400e-03 to 5.0288067195115816e-03 seconds.
Warning: Simulation tolerance relaxed to achieve convergence from 5.0288067195115816e-03 to 5.0288067195115920e-03 seconds.
Warning: Simulation tolerance relaxed to achieve convergence from 5.0288067195115920e-03 to 5.0288067195116129e-03 seconds.
Warning: Simulation tolerance relaxed to achieve convergence from 5.0288067195116129e-03 to 5.0288067195116649e-03 seconds.
Warning: Simulation tolerance relaxed to achieve convergence from 5.0288067195116649e-03 to 5.0288067195117169e-03 seconds.
Warning: Simulation tolerance relaxed to achieve convergence from 5.0288067195117169e-03 to 5.0288067195117274e-03 seconds.
Warning: Simulation tolerance relaxed to achieve convergence from 5.0288067195117274e-03 to 5.0288067195117378e-03 seconds.
Warning: Simulation tolerance relaxed to achieve convergence from 5.0288067195117378e-03 to 5.0288067195117482e-03 seconds.
Warning: Simulation tolerance relaxed to achieve convergence from 5.0288067195117482e-03 to 5.0288067195117586e-03 seconds.
Warning: Simulation tolerance relaxed to achieve convergence from 5.0288067195117586e-03 to 5.0288067195117794e-03 seconds.
Warning: Simulation tolerance relaxed to achieve convergence from 5.0288067195117794e-03 to 5.0288067195118002e-03 seconds.
Warning: Simulation tolerance relaxed to achieve convergence from 5.0288067195118002e-03 to 5.0288067195118210e-03 seconds.
Warning: Simulation tolerance relaxed to achieve convergence from 5.0288067195118210e-03 to 5.0288067195118939e-03 seconds.
Warning: Simulation tolerance relaxed to achieve convergence from 5.0288067195118939e-03 to 5.0288067195119043e-03 seconds.
Warning: Simulation tolerance relaxed to achieve convergence from 5.0288067195119043e-03 to 5.0288067195119147e-03 seconds.
Warning: Simulation tolerance relaxed to achieve convergence from 5.0288067195119147e-03 to 5.0288067195119355e-03 seconds.
Warning: Simulation tolerance relaxed to achieve convergence from 5.0288067195119355e-03 to 5.0288067195119980e-03 seconds.
Warning: Simulation tolerance relaxed to achieve convergence from 5.0288067195119980e-03 to 5.0288067195120292e-03 seconds.
Warning: Simulation tolerance relaxed to achieve convergence from 5.0288067195120292e-03 to 5.0288067195120500e-03 seconds.
Warning: Simulation tolerance relaxed to achieve convergence from 5.0288067195120500e-03 to 5.0288067195120708e-03 seconds.
Warning: Simulation tolerance relaxed to achieve convergence from 5.0288067195120708e-03 to 5.0288067195120916e-03 seconds.
Warning: Simulation tolerance relaxed to achieve convergence from 5.0288067195120916e-03 to 5.0288067195121437e-03 seconds.
Warning: Simulation tolerance relaxed to achieve convergence from 5.0288067195121437e-03 to 5.0288067195121645e-03 seconds.
Warning: Simulation tolerance relaxed to achieve convergence from 5.0288067195121749e-03 to 5.0288067195122165e-03 seconds.
Warning: Simulation tolerance relaxed to achieve convergence from 5.0288067195122165e-03 to 5.0288067195122790e-03 seconds.
Warning: Simulation tolerance relaxed to achieve convergence from 5.0288067195122790e-03 to 5.0288067195123310e-03 seconds.
Warning: Simulation tolerance relaxed to achieve convergence from 5.0288067195123310e-03 to 5.0288067195124039e-03 seconds.
Warning: Simulation tolerance relaxed to achieve convergence from 5.0288067195124039e-03 to 5.0288067195124663e-03 seconds.
Warning: Simulation tolerance relaxed to achieve convergence from 5.0288067195124663e-03 to 5.0288067195124976e-03 seconds.
Warning: Simulation tolerance relaxed to achieve convergence from 5.0288067195124976e-03 to 5.0288067195125600e-03 seconds.
Warning: Simulation tolerance relaxed to achieve convergence from 5.0288067195125600e-03 to 5.0288067195125808e-03 seconds.
Warning: Simulation tolerance relaxed to achieve convergence from 5.0288067195125808e-03 to 5.0288067195126121e-03 seconds.
Warning: Simulation tolerance relaxed to achieve convergence from 5.0288067195126121e-03 to 5.0288067195126641e-03 seconds.
Warning: Simulation tolerance relaxed to achieve convergence from 5.0288067195126641e-03 to 5.0288067195127161e-03 seconds.
Warning: Simulation tolerance relaxed to achieve convergence from 5.0288067195127161e-03 to 5.0288067195127786e-03 seconds.
Warning: Simulation tolerance relaxed to achieve convergence from 5.0288067195127786e-03 to 5.0288067195128098e-03 seconds.
Warning: Simulation tolerance relaxed to achieve convergence from 5.0288067195128098e-03 to 5.0288067195128515e-03 seconds.
Warning: Simulation tolerance relaxed to achieve convergence from 5.0288067195128515e-03 to 5.0288067195128827e-03 seconds.
Warning: Simulation tolerance relaxed to achieve convergence from 5.0288067195128827e-03 to 5.0288067195129035e-03 seconds.
Warning: Simulation tolerance relaxed to achieve convergence from 5.0288067195129035e-03 to 5.0288067195129243e-03 seconds.
Warning: Simulation tolerance relaxed to achieve convergence from 5.0288067195129243e-03 to 5.0288067195129555e-03 seconds.
Warning: Simulation tolerance relaxed to achieve convergence from 5.0288067195129659e-03 to 5.0288067195130076e-03 seconds.
Warning: Simulation tolerance relaxed to achieve convergence from 5.0288067195130076e-03 to 5.0288067195130596e-03 seconds.
Warning: Simulation tolerance relaxed to achieve convergence from 5.0288067195130596e-03 to 5.0288067195130700e-03 seconds.
Warning: Simulation tolerance relaxed to achieve convergence from 5.0288067195130700e-03 to 5.0288067195130804e-03 seconds.
Warning: Simulation tolerance relaxed to achieve convergence from 5.0288067195130804e-03 to 5.0288067195131013e-03 seconds.
Warning: Simulation tolerance relaxed to achieve convergence from 5.0288067195131013e-03 to 5.0288067195131221e-03 seconds.
Warning: Simulation tolerance relaxed to achieve convergence from 5.0288067195131221e-03 to 5.0288067195131533e-03 seconds.
Warning: Simulation tolerance relaxed to achieve convergence from 5.0288067195131533e-03 to 5.0288067195132053e-03 seconds.
Warning: Simulation tolerance relaxed to achieve convergence from 5.0288067195132053e-03 to 5.0288067195132262e-03 seconds.
Warning: Simulation tolerance relaxed to achieve convergence from 5.0288067195132366e-03 to 5.0288067195132782e-03 seconds.
Warning: Simulation tolerance relaxed to achieve convergence from 5.0288067195132782e-03 to 5.0288067195133615e-03 seconds.
Warning: Simulation tolerance relaxed to achieve convergence from 5.0288067195133615e-03 to 5.0288067195134343e-03 seconds.
Warning: Simulation tolerance relaxed to achieve convergence from 5.0288067195134343e-03 to 5.0288067195134551e-03 seconds.
Warning: Simulation tolerance relaxed to achieve convergence from 5.0288067195134551e-03 to 5.0288067195135280e-03 seconds.
Warning: Simulation tolerance relaxed to achieve convergence from 5.0288067195135280e-03 to 5.0288067195135384e-03 seconds.
Warning: Simulation tolerance relaxed to achieve convergence from 5.0288067195135384e-03 to 5.0288067195135800e-03 seconds.
Warning: Simulation tolerance relaxed to achieve convergence from 5.0288067195135800e-03 to 5.0288067195136217e-03 seconds.
Warning: Simulation tolerance relaxed to achieve convergence from 5.0288067195136217e-03 to 5.0288067195136841e-03 seconds.
Warning: Simulation tolerance relaxed to achieve convergence from 5.0288067195136841e-03 to 5.0288067195137049e-03 seconds.
Warning: Simulation tolerance relaxed to achieve convergence from 5.0288067195137049e-03 to 5.0288067195137258e-03 seconds.
Warning: Simulation tolerance relaxed to achieve convergence from 5.0288067195137258e-03 to 5.0288067195137882e-03 seconds.
Warning: Simulation tolerance relaxed to achieve convergence from 5.0288067195137882e-03 to 5.0288067195137986e-03 seconds.
Warning: Simulation tolerance relaxed to achieve convergence from 5.0288067195137986e-03 to 5.0288067195138090e-03 seconds.
Warning: Simulation tolerance relaxed to achieve convergence from 5.0288067195138090e-03 to 5.0288067195138507e-03 seconds.
Warning: Simulation tolerance relaxed to achieve convergence from 5.0288067195138507e-03 to 5.0288067195138715e-03 seconds.
Warning: Simulation tolerance relaxed to achieve convergence from 5.0288067195138715e-03 to 5.0288067195138923e-03 seconds.
Warning: Simulation tolerance relaxed to achieve convergence from 5.0288067195138923e-03 to 5.0288067195139547e-03 seconds.
Warning: Simulation tolerance relaxed to achieve convergence from 5.0288067195139547e-03 to 5.0288067195140172e-03 seconds.
Warning: Simulation tolerance relaxed to achieve convergence from 5.0288067195140172e-03 to 5.0288067195140484e-03 seconds.
Warning: Simulation tolerance relaxed to achieve convergence from 5.0288067195140484e-03 to 5.0288067195141213e-03 seconds.
Warning: Simulation tolerance relaxed to achieve convergence from 5.0288067195141213e-03 to 5.0288067195141837e-03 seconds.
Warning: Simulation tolerance relaxed to achieve convergence from 5.0288067195141837e-03 to 5.0288067195142045e-03 seconds.
Warning: Simulation tolerance relaxed to achieve convergence from 5.0288067195142045e-03 to 5.0288067195142670e-03 seconds.
Warning: Simulation tolerance relaxed to achieve convergence from 5.0288067195142670e-03 to 5.0288067195142878e-03 seconds.
Warning: Simulation tolerance relaxed to achieve convergence from 5.0288067195142878e-03 to 5.0288067195143086e-03 seconds.
Warning: Simulation tolerance relaxed to achieve convergence from 5.0288067195143086e-03 to 5.0288067195143607e-03 seconds.
Warning: Simulation tolerance relaxed to achieve convergence from 5.0288067195143607e-03 to 5.0288067195144335e-03 seconds.
Warning: Simulation tolerance relaxed to achieve convergence from 5.0288067195144335e-03 to 5.0288067195144960e-03 seconds.
Warning: Simulation tolerance relaxed to achieve convergence from 5.0288067195144960e-03 to 5.0288067195145480e-03 seconds.
Warning: Simulation tolerance relaxed to achieve convergence from 5.0288067195145480e-03 to 5.0288067195145688e-03 seconds.
Warning: Simulation tolerance relaxed to achieve convergence from 5.0288067195145688e-03 to 5.0288067195146209e-03 seconds.
Warning: Simulation tolerance relaxed to achieve convergence from 5.0288067195146209e-03 to 5.0288067195146417e-03 seconds.
Warning: Simulation tolerance relaxed to achieve convergence from 5.0288067195146417e-03 to 5.0288067195146937e-03 seconds.
Warning: Simulation tolerance relaxed to achieve convergence from 5.0288067195146937e-03 to 5.0288067195147041e-03 seconds.
Warning: Simulation tolerance relaxed to achieve convergence from 5.0288067195147041e-03 to 5.0288067195147146e-03 seconds.
Warning: Simulation tolerance relaxed to achieve convergence from 5.0288067195147146e-03 to 5.0288067195147354e-03 seconds.
Warning: Simulation tolerance relaxed to achieve convergence from 5.0288067195147354e-03 to 5.0288067195147562e-03 seconds.
Warning: Simulation tolerance relaxed to achieve convergence from 5.0288067195147562e-03 to 5.0288067195147874e-03 seconds.
Warning: Simulation tolerance relaxed to achieve convergence from 5.0288067195147874e-03 to 5.0288067195148395e-03 seconds.
Warning: Simulation tolerance relaxed to achieve convergence from 5.0288067195148395e-03 to 5.0288067195149019e-03 seconds.
Warning: Simulation tolerance relaxed to achieve convergence from 5.0288067195149019e-03 to 5.0288067195149331e-03 seconds.
Warning: Simulation tolerance relaxed to achieve convergence from 5.0288067195149331e-03 to 5.0288067195150164e-03 seconds.
Warning: Simulation tolerance relaxed to achieve convergence from 5.0288067195150164e-03 to 5.0288067195150372e-03 seconds.
Warning: Simulation tolerance relaxed to achieve convergence from 5.0288067195150372e-03 to 5.0288067195150684e-03 seconds.
Warning: Simulation tolerance relaxed to achieve convergence from 5.0288067195150684e-03 to 5.0288067195151101e-03 seconds.
Warning: Simulation tolerance relaxed to achieve convergence from 5.0288067195151101e-03 to 5.0288067195151309e-03 seconds.
Warning: Simulation tolerance relaxed to achieve convergence from 5.0288067195151309e-03 to 5.0288067195151725e-03 seconds.
Warning: Simulation tolerance relaxed to achieve convergence from 5.0288067195151725e-03 to 5.0288067195152037e-03 seconds.
Warning: Simulation tolerance relaxed to achieve convergence from 5.0288067195152037e-03 to 5.0288067195152766e-03 seconds.
Warning: Simulation tolerance relaxed to achieve convergence from 5.0288067195152766e-03 to 5.0288067195152974e-03 seconds.
Warning: Simulation tolerance relaxed to achieve convergence from 5.0288067195152974e-03 to 5.0288067195153286e-03 seconds.
Warning: Simulation tolerance relaxed to achieve convergence from 5.0288067195153286e-03 to 5.0288067195154119e-03 seconds.
Warning: Simulation tolerance relaxed to achieve convergence from 5.0288067195154119e-03 to 5.0288067195154327e-03 seconds.
Warning: Simulation tolerance relaxed to achieve convergence from 5.0288067195154327e-03 to 5.0288067195154535e-03 seconds.
Warning: Simulation tolerance relaxed to achieve convergence from 5.0288067195154535e-03 to 5.0288067195155056e-03 seconds.
Warning: Simulation tolerance relaxed to achieve convergence from 5.0288067195155056e-03 to 5.0288067195155472e-03 seconds.
Warning: Simulation tolerance relaxed to achieve convergence from 5.0288067195155472e-03 to 5.0288067195155889e-03 seconds.
Warning: Simulation tolerance relaxed to achieve convergence from 5.0288067195155889e-03 to 5.0288067195156097e-03 seconds.
Warning: Simulation tolerance relaxed to achieve convergence from 5.0288067195156097e-03 to 5.0288067195156929e-03 seconds.
Warning: Simulation tolerance relaxed to achieve convergence from 5.0288067195156929e-03 to 5.0288067195157138e-03 seconds.
Warning: Simulation tolerance relaxed to achieve convergence from 5.0288067195157138e-03 to 5.0288067195157658e-03 seconds.
Warning: Simulation tolerance relaxed to achieve convergence from 5.0288067195157658e-03 to 5.0288067195157866e-03 seconds.
Warning: Simulation tolerance relaxed to achieve convergence from 5.0288067195157866e-03 to 5.0288067195158074e-03 seconds.
Warning: Simulation tolerance relaxed to achieve convergence from 5.0288067195158074e-03 to 5.0288067195158178e-03 seconds.
Warning: Simulation tolerance relaxed to achieve convergence from 5.0288067195158178e-03 to 5.0288067195158387e-03 seconds.
Warning: Simulation tolerance relaxed to achieve convergence from 5.0288067195158387e-03 to 5.0288067195158907e-03 seconds.
Warning: Simulation tolerance relaxed to achieve convergence from 5.0288067195158907e-03 to 5.0288067195159011e-03 seconds.
Warning: Simulation tolerance relaxed to achieve convergence from 5.0288067195159011e-03 to 5.0288067195159219e-03 seconds.
Warning: Simulation tolerance relaxed to achieve convergence from 5.0288067195159219e-03 to 5.0288067195159740e-03 seconds.
Warning: Simulation tolerance relaxed to achieve convergence from 5.0288067195159740e-03 to 5.0288067195160156e-03 seconds.
Warning: Simulation tolerance relaxed to achieve convergence from 5.0288067195160156e-03 to 5.0288067195160780e-03 seconds.
Warning: Simulation tolerance relaxed to achieve convergence from 5.0288067195160780e-03 to 5.0288067195161197e-03 seconds.
Warning: Simulation tolerance relaxed to achieve convergence from 5.0288067195161197e-03 to 5.0288067195161613e-03 seconds.
Warning: Simulation tolerance relaxed to achieve convergence from 5.0288067195161613e-03 to 5.0288067195161821e-03 seconds.
Warning: Simulation tolerance relaxed to achieve convergence from 5.0288067195161821e-03 to 5.0288067195162342e-03 seconds.
Warning: Simulation tolerance relaxed to achieve convergence from 5.0288067195162342e-03 to 5.0288067195162446e-03 seconds.
Warning: Simulation tolerance relaxed to achieve convergence from 5.0288067195162446e-03 to 5.0288067195162966e-03 seconds.
Warning: Simulation tolerance relaxed to achieve convergence from 5.0288067195162966e-03 to 5.0288067195163174e-03 seconds.
Warning: Simulation tolerance relaxed to achieve convergence from 5.0288067195163174e-03 to 5.0288067195163799e-03 seconds.
Warning: Simulation tolerance relaxed to achieve convergence from 5.0288067195163799e-03 to 5.0288067195164007e-03 seconds.
Warning: Simulation tolerance relaxed to achieve convergence from 5.0288067195164007e-03 to 5.0288067195164527e-03 seconds.
Warning: Simulation tolerance relaxed to achieve convergence from 5.0288067195164527e-03 to 5.0288067195164736e-03 seconds.
Warning: Simulation tolerance relaxed to achieve convergence from 5.0288067195164736e-03 to 5.0288067195165256e-03 seconds.
Warning: Simulation tolerance relaxed to achieve convergence from 5.0288067195165256e-03 to 5.0288067195165776e-03 seconds.
Warning: Simulation tolerance relaxed to achieve convergence from 5.0288067195165776e-03 to 5.0288067195166505e-03 seconds.
Warning: Simulation tolerance relaxed to achieve convergence from 5.0288067195166505e-03 to 5.0288067195166921e-03 seconds.
Warning: Simulation tolerance relaxed to achieve convergence from 5.0288067195166921e-03 to 5.0288067195167025e-03 seconds.
Warning: Simulation tolerance relaxed to achieve convergence from 5.0288067195167025e-03 to 5.0288067195167234e-03 seconds.
Warning: Simulation tolerance relaxed to achieve convergence from 5.0288067195167234e-03 to 5.0288067195167338e-03 seconds.
Warning: Simulation tolerance relaxed to achieve convergence from 5.0288067195167338e-03 to 5.0288067195167650e-03 seconds.
Warning: Simulation tolerance relaxed to achieve convergence from 5.0288067195167650e-03 to 5.0288067195168170e-03 seconds.
Warning: Simulation tolerance relaxed to achieve convergence from 5.0288067195168170e-03 to 5.0288067195168795e-03 seconds.
Warning: Simulation tolerance relaxed to achieve convergence from 5.0288067195168795e-03 to 5.0288067195169003e-03 seconds.
Warning: Simulation tolerance relaxed to achieve convergence from 5.0288067195169003e-03 to 5.0288067195169732e-03 seconds.
Warning: Simulation tolerance relaxed to achieve convergence from 5.0288067195169732e-03 to 5.0288067195169940e-03 seconds.
Warning: Simulation tolerance relaxed to achieve convergence from 5.0288067195169940e-03 to 5.0288067195170564e-03 seconds.
Warning: Simulation tolerance relaxed to achieve convergence from 5.0288067195170564e-03 to 5.0288067195170772e-03 seconds.
Warning: Simulation tolerance relaxed to achieve convergence from 5.0288067195170772e-03 to 5.0288067195171293e-03 seconds.
Warning: Simulation tolerance relaxed to achieve convergence from 5.0288067195171293e-03 to 5.0288067195171917e-03 seconds.
Warning: Simulation tolerance relaxed to achieve convergence from 5.0288067195171917e-03 to 5.0288067195172021e-03 seconds.
Warning: Simulation tolerance relaxed to achieve convergence from 5.0288067195172021e-03 to 5.0288067195172126e-03 seconds.
Warning: Simulation tolerance relaxed to achieve convergence from 5.0288067195172126e-03 to 5.0288067195172334e-03 seconds.
Warning: Simulation tolerance relaxed to achieve convergence from 5.0288067195172334e-03 to 5.0288067195172646e-03 seconds.
Warning: Simulation tolerance relaxed to achieve convergence from 5.0288067195172646e-03 to 5.0288067195173166e-03 seconds.
Warning: Simulation tolerance relaxed to achieve convergence from 5.0288067195173166e-03 to 5.0288067195173270e-03 seconds.
Warning: Simulation tolerance relaxed to achieve convergence from 5.0288067195173270e-03 to 5.0288067195173375e-03 seconds.
Warning: Simulation tolerance relaxed to achieve convergence from 5.0288067195173375e-03 to 5.0288067195173583e-03 seconds.
Warning: Simulation tolerance relaxed to achieve convergence from 5.0288067195173583e-03 to 5.0288067195173999e-03 seconds.
Warning: Simulation tolerance relaxed to achieve convergence from 5.0288067195173999e-03 to 5.0288067195174207e-03 seconds.
Warning: Simulation tolerance relaxed to achieve convergence from 5.0288067195174207e-03 to 5.0288067195174832e-03 seconds.
Warning: Simulation tolerance relaxed to achieve convergence from 5.0288067195174832e-03 to 5.0288067195175873e-03 seconds.
Warning: Simulation tolerance relaxed to achieve convergence from 5.0288067195175873e-03 to 5.0288067195176081e-03 seconds.
Warning: Simulation tolerance relaxed to achieve convergence from 5.0288067195176081e-03 to 5.0288067195176601e-03 seconds.
Warning: Simulation tolerance relaxed to achieve convergence from 5.0288067195176601e-03 to 5.0288067195176705e-03 seconds.
Warning: Simulation tolerance relaxed to achieve convergence from 5.0288067195176705e-03 to 5.0288067195176913e-03 seconds.
Warning: Simulation tolerance relaxed to achieve convergence from 5.0288067195176913e-03 to 5.0288067195177122e-03 seconds.
Warning: Simulation tolerance relaxed to achieve convergence from 5.0288067195177122e-03 to 5.0288067195177642e-03 seconds.
Warning: Simulation tolerance relaxed to achieve convergence from 5.0288067195177642e-03 to 5.0288067195177746e-03 seconds.
Warning: Simulation tolerance relaxed to achieve convergence from 5.0288067195177746e-03 to 5.0288067195177954e-03 seconds.
Warning: Simulation tolerance relaxed to achieve convergence from 5.0288067195177954e-03 to 5.0288067195178058e-03 seconds.
Warning: Simulation tolerance relaxed to achieve convergence from 5.0288067195178058e-03 to 5.0288067195178891e-03 seconds.
Warning: Simulation tolerance relaxed to achieve convergence from 5.0288067195178891e-03 to 5.0288067195178995e-03 seconds.
Warning: Simulation tolerance relaxed to achieve convergence from 5.0288067195178995e-03 to 5.0288067195179203e-03 seconds.
Warning: Simulation tolerance relaxed to achieve convergence from 5.0288067195179203e-03 to 5.0288067195179620e-03 seconds.
Warning: Simulation tolerance relaxed to achieve convergence from 5.0288067195179620e-03 to 5.0288067195179828e-03 seconds.
Warning: Simulation tolerance relaxed to achieve convergence from 5.0288067195179828e-03 to 5.0288067195180036e-03 seconds.
Warning: Simulation tolerance relaxed to achieve convergence from 5.0288067195180036e-03 to 5.0288067195180244e-03 seconds.
Warning: Simulation tolerance relaxed to achieve convergence from 5.0288067195180244e-03 to 5.0288067195180973e-03 seconds.
Warning: Simulation tolerance relaxed to achieve convergence from 5.0288067195180973e-03 to 5.0288067195181181e-03 seconds.
Warning: Simulation tolerance relaxed to achieve convergence from 5.0288067195181181e-03 to 5.0288067195181389e-03 seconds.
Warning: Simulation tolerance relaxed to achieve convergence from 5.0288067195181389e-03 to 5.0288067195182013e-03 seconds.
Warning: Simulation tolerance relaxed to achieve convergence from 5.0288067195182013e-03 to 5.0288067195182638e-03 seconds.
Warning: Simulation tolerance relaxed to achieve convergence from 5.0288067195182638e-03 to 5.0288067195183054e-03 seconds.
Warning: Simulation tolerance relaxed to achieve convergence from 5.0288067195183054e-03 to 5.0288067195183471e-03 seconds.
Warning: Simulation tolerance relaxed to achieve convergence from 5.0288067195183471e-03 to 5.0288067195183679e-03 seconds.
Warning: Simulation tolerance relaxed to achieve convergence from 5.0288067195183679e-03 to 5.0288067195184199e-03 seconds.
Warning: Simulation tolerance relaxed to achieve convergence from 5.0288067195184199e-03 to 5.0288067195184928e-03 seconds.
Warning: Simulation tolerance relaxed to achieve convergence from 5.0288067195184928e-03 to 5.0288067195185448e-03 seconds.
Warning: Simulation tolerance relaxed to achieve convergence from 5.0288067195185448e-03 to 5.0288067195185656e-03 seconds.
Warning: Simulation tolerance relaxed to achieve convergence from 5.0288067195185656e-03 to 5.0288067195186385e-03 seconds.
Warning: Simulation tolerance relaxed to achieve convergence from 5.0288067195186385e-03 to 5.0288067195186593e-03 seconds.
Warning: Simulation tolerance relaxed to achieve convergence from 5.0288067195186593e-03 to 5.0288067195187218e-03 seconds.
Warning: Simulation tolerance relaxed to achieve convergence from 5.0288067195187218e-03 to 5.0288067195187634e-03 seconds.
Warning: Simulation tolerance relaxed to achieve convergence from 5.0288067195187634e-03 to 5.0288067195188154e-03 seconds.
Warning: Simulation tolerance relaxed to achieve convergence from 5.0288067195188154e-03 to 5.0288067195188467e-03 seconds.
Warning: Simulation tolerance relaxed to achieve convergence from 5.0288067195188467e-03 to 5.0288067195189091e-03 seconds.
Warning: Simulation tolerance relaxed to achieve convergence from 5.0288067195189091e-03 to 5.0288067195189299e-03 seconds.
Warning: Simulation tolerance relaxed to achieve convergence from 5.0288067195189299e-03 to 5.0288067195189820e-03 seconds.
Warning: Simulation tolerance relaxed to achieve convergence from 5.0288067195189820e-03 to 5.0288067195189924e-03 seconds.
Warning: Simulation tolerance relaxed to achieve convergence from 5.0288067195189924e-03 to 5.0288067195190028e-03 seconds.
Warning: Simulation tolerance relaxed to achieve convergence from 5.0288067195190028e-03 to 5.0288067195190132e-03 seconds.
Warning: Simulation tolerance relaxed to achieve convergence from 5.0288067195190132e-03 to 5.0288067195190340e-03 seconds.
Warning: Simulation tolerance relaxed to achieve convergence from 5.0288067195190340e-03 to 5.0288067195190444e-03 seconds.
Warning: Simulation tolerance relaxed to achieve convergence from 5.0288067195190444e-03 to 5.0288067195190652e-03 seconds.
Warning: Simulation tolerance relaxed to achieve convergence from 5.0288067195190652e-03 to 5.0288067195190756e-03 seconds.
Warning: Simulation tolerance relaxed to achieve convergence from 5.0288067195190756e-03 to 5.0288067195190965e-03 seconds.
Warning: Simulation tolerance relaxed to achieve convergence from 5.0288067195190965e-03 to 5.0288067195191173e-03 seconds.
Warning: Simulation tolerance relaxed to achieve convergence from 5.0288067195191173e-03 to 5.0288067195191485e-03 seconds.
Warning: Simulation tolerance relaxed to achieve convergence from 5.0288067195191485e-03 to 5.0288067195191589e-03 seconds.
Warning: Simulation tolerance relaxed to achieve convergence from 5.0288067195191589e-03 to 5.0288067195191693e-03 seconds.
Warning: Simulation tolerance relaxed to achieve convergence from 5.0288067195191693e-03 to 5.0288067195191901e-03 seconds.
Warning: Simulation tolerance relaxed to achieve convergence from 5.0288067195191901e-03 to 5.0288067195192526e-03 seconds.
Warning: Simulation tolerance relaxed to achieve convergence from 5.0288067195192526e-03 to 5.0288067195192630e-03 seconds.
Warning: Simulation tolerance relaxed to achieve convergence from 5.0288067195192630e-03 to 5.0288067195192838e-03 seconds.
Warning: Simulation tolerance relaxed to achieve convergence from 5.0288067195192838e-03 to 5.0288067195193254e-03 seconds.
Warning: Simulation tolerance relaxed to achieve convergence from 5.0288067195193254e-03 to 5.0288067195193359e-03 seconds.
Warning: Simulation tolerance relaxed to achieve convergence from 5.0288067195193359e-03 to 5.0288067195193463e-03 seconds.
Warning: Simulation tolerance relaxed to achieve convergence from 5.0288067195193463e-03 to 5.0288067195193671e-03 seconds.
Warning: Simulation tolerance relaxed to achieve convergence from 5.0288067195193671e-03 to 5.0288067195193879e-03 seconds.
Warning: Simulation tolerance relaxed to achieve convergence from 5.0288067195193879e-03 to 5.0288067195194712e-03 seconds.
Warning: Simulation tolerance relaxed to achieve convergence from 5.0288067195194712e-03 to 5.0288067195194920e-03 seconds.
Warning: Simulation tolerance relaxed to achieve convergence from 5.0288067195194920e-03 to 5.0288067195195752e-03 seconds.
Warning: Simulation tolerance relaxed to achieve convergence from 5.0288067195195752e-03 to 5.0288067195195961e-03 seconds.
Warning: Simulation tolerance relaxed to achieve convergence from 5.0288067195195961e-03 to 5.0288067195196169e-03 seconds.
Warning: Simulation tolerance relaxed to achieve convergence from 5.0288067195196169e-03 to 5.0288067195196689e-03 seconds.
Warning: Simulation tolerance relaxed to achieve convergence from 5.0288067195196689e-03 to 5.0288067195197210e-03 seconds.
Warning: Simulation tolerance relaxed to achieve convergence from 5.0288067195197210e-03 to 5.0288067195197418e-03 seconds.
Warning: Simulation tolerance relaxed to achieve convergence from 5.0288067195197418e-03 to 5.0288067195197626e-03 seconds.
Warning: Simulation tolerance relaxed to achieve convergence from 5.0288067195197626e-03 to 5.0288067195198146e-03 seconds.
Warning: Simulation tolerance relaxed to achieve convergence from 5.0288067195198146e-03 to 5.0288067195198667e-03 seconds.
Warning: Simulation tolerance relaxed to achieve convergence from 5.0288067195198667e-03 to 5.0288067195199291e-03 seconds.
Warning: Simulation tolerance relaxed to achieve convergence from 5.0288067195199291e-03 to 5.0288067195199812e-03 seconds.
Warning: Simulation tolerance relaxed to achieve convergence from 5.0288067195199812e-03 to 5.0288067195199916e-03 seconds.
Warning: Simulation tolerance relaxed to achieve convergence from 5.0288067195199916e-03 to 5.0288067195200124e-03 seconds.
Warning: Simulation tolerance relaxed to achieve convergence from 5.0288067195200124e-03 to 5.0288067195200332e-03 seconds.
Warning: Simulation tolerance relaxed to achieve convergence from 5.0288067195200332e-03 to 5.0288067195200540e-03 seconds.
Warning: Simulation tolerance relaxed to achieve convergence from 5.0288067195200540e-03 to 5.0288067195200644e-03 seconds.
Warning: Simulation tolerance relaxed to achieve convergence from 5.0288067195200644e-03 to 5.0288067195201165e-03 seconds.
Warning: Simulation tolerance relaxed to achieve convergence from 5.0288067195201165e-03 to 5.0288067195201581e-03 seconds.
Warning: Simulation tolerance relaxed to achieve convergence from 5.0288067195201581e-03 to 5.0288067195201997e-03 seconds.
Warning: Simulation tolerance relaxed to achieve convergence from 5.0288067195201997e-03 to 5.0288067195202414e-03 seconds.
Warning: Simulation tolerance relaxed to achieve convergence from 5.0288067195202414e-03 to 5.0288067195202622e-03 seconds.
Warning: Simulation tolerance relaxed to achieve convergence from 5.0288067195202622e-03 to 5.0288067195202934e-03 seconds.
Warning: Simulation tolerance relaxed to achieve convergence from 5.0288067195202934e-03 to 5.0288067195203142e-03 seconds.
Warning: Simulation tolerance relaxed to achieve convergence from 5.0288067195203246e-03 to 5.0288067195203767e-03 seconds.
Warning: Simulation tolerance relaxed to achieve convergence from 5.0288067195203767e-03 to 5.0288067195204391e-03 seconds.
Warning: Simulation tolerance relaxed to achieve convergence from 5.0288067195204391e-03 to 5.0288067195204600e-03 seconds.
Warning: Simulation tolerance relaxed to achieve convergence from 5.0288067195204600e-03 to 5.0288067195205224e-03 seconds.
Warning: Simulation tolerance relaxed to achieve convergence from 5.0288067195205224e-03 to 5.0288067195205536e-03 seconds.
Warning: Simulation tolerance relaxed to achieve convergence from 5.0288067195205536e-03 to 5.0288067195206369e-03 seconds.
Warning: Simulation tolerance relaxed to achieve convergence from 5.0288067195206369e-03 to 5.0288067195206577e-03 seconds.
Warning: Simulation tolerance relaxed to achieve convergence from 5.0288067195206577e-03 to 5.0288067195207202e-03 seconds.
Warning: Simulation tolerance relaxed to achieve convergence from 5.0288067195207202e-03 to 5.0288067195207618e-03 seconds.
Warning: Simulation tolerance relaxed to achieve convergence from 5.0288067195207618e-03 to 5.0288067195207826e-03 seconds.
Warning: Simulation tolerance relaxed to achieve convergence from 5.0288067195207826e-03 to 5.0288067195208451e-03 seconds.
Warning: Simulation tolerance relaxed to achieve convergence from 5.0288067195208451e-03 to 5.0288067195209179e-03 seconds.
Warning: Simulation tolerance relaxed to achieve convergence from 5.0288067195209179e-03 to 5.0288067195209387e-03 seconds.
Warning: Simulation tolerance relaxed to achieve convergence from 5.0288067195209387e-03 to 5.0288067195209596e-03 seconds.
Warning: Simulation tolerance relaxed to achieve convergence from 5.0288067195209596e-03 to 5.0288067195209804e-03 seconds.
Warning: Simulation tolerance relaxed to achieve convergence from 5.0288067195209804e-03 to 5.0288067195210012e-03 seconds.
Warning: Simulation tolerance relaxed to achieve convergence from 5.0288067195210012e-03 to 5.0288067195210532e-03 seconds.
Warning: Simulation tolerance relaxed to achieve convergence from 5.0288067195210532e-03 to 5.0288067195210740e-03 seconds.
Warning: Simulation tolerance relaxed to achieve convergence from 5.0288067195210845e-03 to 5.0288067195211573e-03 seconds.
Warning: Simulation tolerance relaxed to achieve convergence from 5.0288067195211573e-03 to 5.0288067195211781e-03 seconds.
Warning: Simulation tolerance relaxed to achieve convergence from 5.0288067195211781e-03 to 5.0288067195212302e-03 seconds.
Warning: Simulation tolerance relaxed to achieve convergence from 5.0288067195212302e-03 to 5.0288067195213238e-03 seconds.
Warning: Simulation tolerance relaxed to achieve convergence from 5.0288067195213238e-03 to 5.0288067195213447e-03 seconds.
Warning: Simulation tolerance relaxed to achieve convergence from 5.0288067195213447e-03 to 5.0288067195213655e-03 seconds.
Warning: Simulation tolerance relaxed to achieve convergence from 5.0288067195213655e-03 to 5.0288067195213967e-03 seconds.
Warning: Simulation tolerance relaxed to achieve convergence from 5.0288067195213967e-03 to 5.0288067195214071e-03 seconds.
Warning: Simulation tolerance relaxed to achieve convergence from 5.0288067195214071e-03 to 5.0288067195214592e-03 seconds.
Warning: Simulation tolerance relaxed to achieve convergence from 5.0288067195214592e-03 to 5.0288067195215008e-03 seconds.
Warning: Simulation tolerance relaxed to achieve convergence from 5.0288067195215008e-03 to 5.0288067195215216e-03 seconds.
Warning: Simulation tolerance relaxed to achieve convergence from 5.0288067195215216e-03 to 5.0288067195215424e-03 seconds.
Warning: Simulation tolerance relaxed to achieve convergence from 5.0288067195215424e-03 to 5.0288067195215736e-03 seconds.
Warning: Simulation tolerance relaxed to achieve convergence from 5.0288067195215736e-03 to 5.0288067195216153e-03 seconds.
Warning: Simulation tolerance relaxed to achieve convergence from 5.0288067195216153e-03 to 5.0288067195216465e-03 seconds.
Warning: Simulation tolerance relaxed to achieve convergence from 5.0288067195216465e-03 to 5.0288067195217194e-03 seconds.
Warning: Simulation tolerance relaxed to achieve convergence from 5.0288067195217194e-03 to 5.0288067195217298e-03 seconds.
Warning: Simulation tolerance relaxed to achieve convergence from 5.0288067195217298e-03 to 5.0288067195217506e-03 seconds.
Warning: Simulation tolerance relaxed to achieve convergence from 5.0288067195217506e-03 to 5.0288067195217714e-03 seconds.
Warning: Simulation tolerance relaxed to achieve convergence from 5.0288067195217714e-03 to 5.0288067195217922e-03 seconds.
Warning: Simulation tolerance relaxed to achieve convergence from 5.0288067195217922e-03 to 5.0288067195218443e-03 seconds.
Warning: Simulation tolerance relaxed to achieve convergence from 5.0288067195218443e-03 to 5.0288067195218963e-03 seconds.
Warning: Simulation tolerance relaxed to achieve convergence from 5.0288067195218963e-03 to 5.0288067195219483e-03 seconds.
Warning: Simulation tolerance relaxed to achieve convergence from 5.0288067195219483e-03 to 5.0288067195219692e-03 seconds.
Warning: Simulation tolerance relaxed to achieve convergence from 5.0288067195219692e-03 to 5.0288067195220212e-03 seconds.
Warning: Simulation tolerance relaxed to achieve convergence from 5.0288067195220212e-03 to 5.0288067195220420e-03 seconds.
Warning: Simulation tolerance relaxed to achieve convergence from 5.0288067195220420e-03 to 5.0288067195220628e-03 seconds.
Warning: Simulation tolerance relaxed to achieve convergence from 5.0288067195220628e-03 to 5.0288067195221149e-03 seconds.
Warning: Simulation tolerance relaxed to achieve convergence from 5.0288067195221149e-03 to 5.0288067195221357e-03 seconds.
Warning: Simulation tolerance relaxed to achieve convergence from 5.0288067195221357e-03 to 5.0288067195221877e-03 seconds.
Warning: Simulation tolerance relaxed to achieve convergence from 5.0288067195221877e-03 to 5.0288067195222398e-03 seconds.
Warning: Simulation tolerance relaxed to achieve convergence from 5.0288067195222398e-03 to 5.0288067195223126e-03 seconds.
Warning: Simulation tolerance relaxed to achieve convergence from 5.0288067195223126e-03 to 5.0288067195223543e-03 seconds.
Warning: Simulation tolerance relaxed to achieve convergence from 5.0288067195223543e-03 to 5.0288067195223647e-03 seconds.
Warning: Simulation tolerance relaxed to achieve convergence from 5.0288067195223647e-03 to 5.0288067195223959e-03 seconds.
Warning: Simulation tolerance relaxed to achieve convergence from 5.0288067195223959e-03 to 5.0288067195224688e-03 seconds.
Warning: Simulation tolerance relaxed to achieve convergence from 5.0288067195224688e-03 to 5.0288067195225208e-03 seconds.
Warning: Simulation tolerance relaxed to achieve convergence from 5.0288067195225208e-03 to 5.0288067195225520e-03 seconds.
Warning: Simulation tolerance relaxed to achieve convergence from 5.0288067195225520e-03 to 5.0288067195226041e-03 seconds.
Warning: Simulation tolerance relaxed to achieve convergence from 5.0288067195226041e-03 to 5.0288067195226561e-03 seconds.
Warning: Simulation tolerance relaxed to achieve convergence from 5.0288067195226561e-03 to 5.0288067195226769e-03 seconds.
Warning: Simulation tolerance relaxed to achieve convergence from 5.0288067195226769e-03 to 5.0288067195227394e-03 seconds.
Warning: Simulation tolerance relaxed to achieve convergence from 5.0288067195227394e-03 to 5.0288067195227706e-03 seconds.
Warning: Simulation tolerance relaxed to achieve convergence from 5.0288067195227706e-03 to 5.0288067195228122e-03 seconds.
Warning: Simulation tolerance relaxed to achieve convergence from 5.0288067195228122e-03 to 5.0288067195228539e-03 seconds.
Warning: Simulation tolerance relaxed to achieve convergence from 5.0288067195228539e-03 to 5.0288067195228643e-03 seconds.
Warning: Simulation tolerance relaxed to achieve convergence from 5.0288067195228643e-03 to 5.0288067195228955e-03 seconds.
Warning: Simulation tolerance relaxed to achieve convergence from 5.0288067195228955e-03 to 5.0288067195229580e-03 seconds.
Warning: Simulation tolerance relaxed to achieve convergence from 5.0288067195229580e-03 to 5.0288067195229684e-03 seconds.
Warning: Simulation tolerance relaxed to achieve convergence from 5.0288067195229684e-03 to 5.0288067195229892e-03 seconds.
Warning: Simulation tolerance relaxed to achieve convergence from 5.0288067195229892e-03 to 5.0288067195230516e-03 seconds.
Warning: Simulation tolerance relaxed to achieve convergence from 5.0288067195230516e-03 to 5.0288067195231037e-03 seconds.
Warning: Simulation tolerance relaxed to achieve convergence from 5.0288067195231037e-03 to 5.0288067195231245e-03 seconds.
Warning: Simulation tolerance relaxed to achieve convergence from 5.0288067195231245e-03 to 5.0288067195231453e-03 seconds.
Warning: Simulation tolerance relaxed to achieve convergence from 5.0288067195231453e-03 to 5.0288067195231661e-03 seconds.
Warning: Simulation tolerance relaxed to achieve convergence from 5.0288067195231661e-03 to 5.0288067195231869e-03 seconds.
Warning: Simulation tolerance relaxed to achieve convergence from 5.0288067195231869e-03 to 5.0288067195232078e-03 seconds.
Warning: Simulation tolerance relaxed to achieve convergence from 5.0288067195232078e-03 to 5.0288067195232806e-03 seconds.
Warning: Simulation tolerance relaxed to achieve convergence from 5.0288067195232806e-03 to 5.0288067195233118e-03 seconds.
Warning: Simulation tolerance relaxed to achieve convergence from 5.0288067195233118e-03 to 5.0288067195233327e-03 seconds.
Warning: Simulation tolerance relaxed to achieve convergence from 5.0288067195233327e-03 to 5.0288067195233535e-03 seconds.
Warning: Simulation tolerance relaxed to achieve convergence from 5.0288067195233535e-03 to 5.0288067195233639e-03 seconds.
Warning: Simulation tolerance relaxed to achieve convergence from 5.0288067195233639e-03 to 5.0288067195233743e-03 seconds.
Warning: Simulation tolerance relaxed to achieve convergence from 5.0288067195233743e-03 to 5.0288067195233951e-03 seconds.
Warning: Simulation tolerance relaxed to achieve convergence from 5.0288067195233951e-03 to 5.0288067195234159e-03 seconds.
Warning: Simulation tolerance relaxed to achieve convergence from 5.0288067195234159e-03 to 5.0288067195234992e-03 seconds.
Warning: Simulation tolerance relaxed to achieve convergence from 5.0288067195234992e-03 to 5.0288067195235200e-03 seconds.
Warning: Simulation tolerance relaxed to achieve convergence from 5.0288067195235200e-03 to 5.0288067195235720e-03 seconds.
Warning: Simulation tolerance relaxed to achieve convergence from 5.0288067195235720e-03 to 5.0288067195236553e-03 seconds.
Warning: Simulation tolerance relaxed to achieve convergence from 5.0288067195236553e-03 to 5.0288067195236865e-03 seconds.
Warning: Simulation tolerance relaxed to achieve convergence from 5.0288067195236865e-03 to 5.0288067195237490e-03 seconds.
Warning: Simulation tolerance relaxed to achieve convergence from 5.0288067195237490e-03 to 5.0288067195237698e-03 seconds.
Warning: Simulation tolerance relaxed to achieve convergence from 5.0288067195237698e-03 to 5.0288067195237906e-03 seconds.
Warning: Simulation tolerance relaxed to achieve convergence from 5.0288067195237906e-03 to 5.0288067195238010e-03 seconds.
Warning: Simulation tolerance relaxed to achieve convergence from 5.0288067195238010e-03 to 5.0288067195238739e-03 seconds.
Warning: Simulation tolerance relaxed to achieve convergence from 5.0288067195238739e-03 to 5.0288067195239155e-03 seconds.
Warning: Simulation tolerance relaxed to achieve convergence from 5.0288067195239155e-03 to 5.0288067195239363e-03 seconds.
Warning: Simulation tolerance relaxed to achieve convergence from 5.0288067195239363e-03 to 5.0288067195239988e-03 seconds.
Warning: Simulation tolerance relaxed to achieve convergence from 5.0288067195239988e-03 to 5.0288067195240508e-03 seconds.
Warning: Simulation tolerance relaxed to achieve convergence from 5.0288067195240508e-03 to 5.0288067195241029e-03 seconds.
Warning: Simulation tolerance relaxed to achieve convergence from 5.0288067195241029e-03 to 5.0288067195241133e-03 seconds.
Warning: Simulation tolerance relaxed to achieve convergence from 5.0288067195241133e-03 to 5.0288067195241549e-03 seconds.
Warning: Simulation tolerance relaxed to achieve convergence from 5.0288067195241549e-03 to 5.0288067195241653e-03 seconds.
Warning: Simulation tolerance relaxed to achieve convergence from 5.0288067195241653e-03 to 5.0288067195241861e-03 seconds.
Warning: Simulation tolerance relaxed to achieve convergence from 5.0288067195241861e-03 to 5.0288067195241965e-03 seconds.
Warning: Simulation tolerance relaxed to achieve convergence from 5.0288067195241965e-03 to 5.0288067195242486e-03 seconds.
Warning: Simulation tolerance relaxed to achieve convergence from 5.0288067195242486e-03 to 5.0288067195243110e-03 seconds.
Warning: Simulation tolerance relaxed to achieve convergence from 5.0288067195243110e-03 to 5.0288067195243214e-03 seconds.
Warning: Simulation tolerance relaxed to achieve convergence from 5.0288067195243214e-03 to 5.0288067195243423e-03 seconds.
Warning: Simulation tolerance relaxed to achieve convergence from 5.0288067195243423e-03 to 5.0288067195243735e-03 seconds.
Warning: Simulation tolerance relaxed to achieve convergence from 5.0288067195243735e-03 to 5.0288067195243839e-03 seconds.
Warning: Simulation tolerance relaxed to achieve convergence from 5.0288067195243839e-03 to 5.0288067195244463e-03 seconds.
Warning: Simulation tolerance relaxed to achieve convergence from 5.0288067195244463e-03 to 5.0288067195245088e-03 seconds.
Warning: Simulation tolerance relaxed to achieve convergence from 5.0288067195245088e-03 to 5.0288067195245296e-03 seconds.
Warning: Simulation tolerance relaxed to achieve convergence from 5.0288067195245296e-03 to 5.0288067195245400e-03 seconds.
Warning: Simulation tolerance relaxed to achieve convergence from 5.0288067195245400e-03 to 5.0288067195245817e-03 seconds.
Warning: Simulation tolerance relaxed to achieve convergence from 5.0288067195245817e-03 to 5.0288067195246025e-03 seconds.
Warning: Simulation tolerance relaxed to achieve convergence from 5.0288067195246025e-03 to 5.0288067195246337e-03 seconds.
Warning: Simulation tolerance relaxed to achieve convergence from 5.0288067195246337e-03 to 5.0288067195246857e-03 seconds.
Warning: Simulation tolerance relaxed to achieve convergence from 5.0288067195246857e-03 to 5.0288067195247378e-03 seconds.
Warning: Simulation tolerance relaxed to achieve convergence from 5.0288067195247378e-03 to 5.0288067195247482e-03 seconds.
Warning: Simulation tolerance relaxed to achieve convergence from 5.0288067195247482e-03 to 5.0288067195247690e-03 seconds.
Warning: Simulation tolerance relaxed to achieve convergence from 5.0288067195247690e-03 to 5.0288067195248315e-03 seconds.
Warning: Simulation tolerance relaxed to achieve convergence from 5.0288067195248315e-03 to 5.0288067195248523e-03 seconds.
Warning: Simulation tolerance relaxed to achieve convergence from 5.0288067195248523e-03 to 5.0288067195249355e-03 seconds.
Warning: Simulation tolerance relaxed to achieve convergence from 5.0288067195249355e-03 to 5.0288067195249564e-03 seconds.
Warning: Simulation tolerance relaxed to achieve convergence from 5.0288067195249564e-03 to 5.0288067195250188e-03 seconds.
Warning: Simulation tolerance relaxed to achieve convergence from 5.0288067195250188e-03 to 5.0288067195250292e-03 seconds.
Warning: Simulation tolerance relaxed to achieve convergence from 5.0288067195250292e-03 to 5.0288067195250500e-03 seconds.
Warning: Simulation tolerance relaxed to achieve convergence from 5.0288067195250500e-03 to 5.0288067195250708e-03 seconds.
Warning: Simulation tolerance relaxed to achieve convergence from 5.0288067195250708e-03 to 5.0288067195250917e-03 seconds.
Warning: Simulation tolerance relaxed to achieve convergence from 5.0288067195250917e-03 to 5.0288067195251437e-03 seconds.
Warning: Simulation tolerance relaxed to achieve convergence from 5.0288067195251437e-03 to 5.0288067195251541e-03 seconds.
Warning: Simulation tolerance relaxed to achieve convergence from 5.0288067195251541e-03 to 5.0288067195251749e-03 seconds.
Warning: Simulation tolerance relaxed to achieve convergence from 5.0288067195251749e-03 to 5.0288067195251957e-03 seconds.
Warning: Simulation tolerance relaxed to achieve convergence from 5.0288067195251957e-03 to 5.0288067195252582e-03 seconds.
Warning: Simulation tolerance relaxed to achieve convergence from 5.0288067195252582e-03 to 5.0288067195252686e-03 seconds.
Warning: Simulation tolerance relaxed to achieve convergence from 5.0288067195252686e-03 to 5.0288067195252790e-03 seconds.
Warning: Simulation tolerance relaxed to achieve convergence from 5.0288067195252790e-03 to 5.0288067195252998e-03 seconds.
Warning: Simulation tolerance relaxed to achieve convergence from 5.0288067195252998e-03 to 5.0288067195253311e-03 seconds.
Warning: Simulation tolerance relaxed to achieve convergence from 5.0288067195253311e-03 to 5.0288067195253831e-03 seconds.
Warning: Simulation tolerance relaxed to achieve convergence from 5.0288067195253831e-03 to 5.0288067195254039e-03 seconds.
Warning: Simulation tolerance relaxed to achieve convergence from 5.0288067195254039e-03 to 5.0288067195254247e-03 seconds.
Warning: Simulation tolerance relaxed to achieve convergence from 5.0288067195254247e-03 to 5.0288067195254872e-03 seconds.
Warning: Simulation tolerance relaxed to achieve convergence from 5.0288067195254872e-03 to 5.0288067195254976e-03 seconds.
Warning: Simulation tolerance relaxed to achieve convergence from 5.0288067195254976e-03 to 5.0288067195255184e-03 seconds.
Warning: Simulation tolerance relaxed to achieve convergence from 5.0288067195255184e-03 to 5.0288067195255704e-03 seconds.
Warning: Simulation tolerance relaxed to achieve convergence from 5.0288067195255704e-03 to 5.0288067195255913e-03 seconds.
Warning: Simulation tolerance relaxed to achieve convergence from 5.0288067195255913e-03 to 5.0288067195256433e-03 seconds.
Warning: Simulation tolerance relaxed to achieve convergence from 5.0288067195256433e-03 to 5.0288067195257058e-03 seconds.
Warning: Simulation tolerance relaxed to achieve convergence from 5.0288067195257058e-03 to 5.0288067195257578e-03 seconds.
Warning: Simulation tolerance relaxed to achieve convergence from 5.0288067195257578e-03 to 5.0288067195257682e-03 seconds.
Warning: Simulation tolerance relaxed to achieve convergence from 5.0288067195257682e-03 to 5.0288067195257890e-03 seconds.
Warning: Simulation tolerance relaxed to achieve convergence from 5.0288067195257890e-03 to 5.0288067195258202e-03 seconds.
Warning: Simulation tolerance relaxed to achieve convergence from 5.0288067195258202e-03 to 5.0288067195258411e-03 seconds.
Warning: Simulation tolerance relaxed to achieve convergence from 5.0288067195258411e-03 to 5.0288067195259139e-03 seconds.
Warning: Simulation tolerance relaxed to achieve convergence from 5.0288067195259139e-03 to 5.0288067195259243e-03 seconds.
Warning: Simulation tolerance relaxed to achieve convergence from 5.0288067195259243e-03 to 5.0288067195259452e-03 seconds.
Warning: Simulation tolerance relaxed to achieve convergence from 5.0288067195259452e-03 to 5.0288067195259556e-03 seconds.
Warning: Simulation tolerance relaxed to achieve convergence from 5.0288067195259556e-03 to 5.0288067195259764e-03 seconds.
Warning: Simulation tolerance relaxed to achieve convergence from 5.0288067195259764e-03 to 5.0288067195260180e-03 seconds.
Warning: Simulation tolerance relaxed to achieve convergence from 5.0288067195260180e-03 to 5.0288067195260388e-03 seconds.
Warning: Simulation tolerance relaxed to achieve convergence from 5.0288067195260388e-03 to 5.0288067195261117e-03 seconds.
Warning: Simulation tolerance relaxed to achieve convergence from 5.0288067195261117e-03 to 5.0288067195261325e-03 seconds.
Warning: Simulation tolerance relaxed to achieve convergence from 5.0288067195261325e-03 to 5.0288067195261533e-03 seconds.
Warning: Simulation tolerance relaxed to achieve convergence from 5.0288067195261533e-03 to 5.0288067195261741e-03 seconds.
Warning: Simulation tolerance relaxed to achieve convergence from 5.0288067195261741e-03 to 5.0288067195262054e-03 seconds.
Warning: Simulation tolerance relaxed to achieve convergence from 5.0288067195262054e-03 to 5.0288067195262470e-03 seconds.
Warning: Simulation tolerance relaxed to achieve convergence from 5.0288067195262470e-03 to 5.0288067195262990e-03 seconds.
Warning: Simulation tolerance relaxed to achieve convergence from 5.0288067195262990e-03 to 5.0288067195263511e-03 seconds.
Warning: Simulation tolerance relaxed to achieve convergence from 5.0288067195263511e-03 to 5.0288067195264031e-03 seconds.
Warning: Simulation tolerance relaxed to achieve convergence from 5.0288067195264031e-03 to 5.0288067195264656e-03 seconds.
Warning: Simulation tolerance relaxed to achieve convergence from 5.0288067195264656e-03 to 5.0288067195264968e-03 seconds.
Warning: Simulation tolerance relaxed to achieve convergence from 5.0288067195264968e-03 to 5.0288067195265697e-03 seconds.
Warning: Simulation tolerance relaxed to achieve convergence from 5.0288067195265697e-03 to 5.0288067195266321e-03 seconds.
Warning: Simulation tolerance relaxed to achieve convergence from 5.0288067195266321e-03 to 5.0288067195266841e-03 seconds.
Warning: Simulation tolerance relaxed to achieve convergence from 5.0288067195266841e-03 to 5.0288067195267050e-03 seconds.
Warning: Simulation tolerance relaxed to achieve convergence from 5.0288067195267050e-03 to 5.0288067195267258e-03 seconds.
Warning: Simulation tolerance relaxed to achieve convergence from 5.0288067195267258e-03 to 5.0288067195267778e-03 seconds.
Warning: Simulation tolerance relaxed to achieve convergence from 5.0288067195267778e-03 to 5.0288067195268195e-03 seconds.
Warning: Simulation tolerance relaxed to achieve convergence from 5.0288067195268195e-03 to 5.0288067195268715e-03 seconds.
Warning: Simulation tolerance relaxed to achieve convergence from 5.0288067195268715e-03 to 5.0288067195268923e-03 seconds.
Warning: Simulation tolerance relaxed to achieve convergence from 5.0288067195268923e-03 to 5.0288067195269131e-03 seconds.
Warning: Simulation tolerance relaxed to achieve convergence from 5.0288067195269131e-03 to 5.0288067195269652e-03 seconds.
Warning: Simulation tolerance relaxed to achieve convergence from 5.0288067195269652e-03 to 5.0288067195269860e-03 seconds.
Warning: Simulation tolerance relaxed to achieve convergence from 5.0288067195269860e-03 to 5.0288067195270380e-03 seconds.
Warning: Simulation tolerance relaxed to achieve convergence from 5.0288067195270380e-03 to 5.0288067195270797e-03 seconds.
Warning: Simulation tolerance relaxed to achieve convergence from 5.0288067195270797e-03 to 5.0288067195271005e-03 seconds.
Warning: Simulation tolerance relaxed to achieve convergence from 5.0288067195271005e-03 to 5.0288067195271629e-03 seconds.
Warning: Simulation tolerance relaxed to achieve convergence from 5.0288067195271629e-03 to 5.0288067195271837e-03 seconds.
Warning: Simulation tolerance relaxed to achieve convergence from 5.0288067195271837e-03 to 5.0288067195272358e-03 seconds.
Warning: Simulation tolerance relaxed to achieve convergence from 5.0288067195272358e-03 to 5.0288067195272982e-03 seconds.
Warning: Simulation tolerance relaxed to achieve convergence from 5.0288067195272982e-03 to 5.0288067195273503e-03 seconds.
Warning: Simulation tolerance relaxed to achieve convergence from 5.0288067195273503e-03 to 5.0288067195273711e-03 seconds.
Warning: Simulation tolerance relaxed to achieve convergence from 5.0288067195273711e-03 to 5.0288067195274127e-03 seconds.
Warning: Simulation tolerance relaxed to achieve convergence from 5.0288067195274127e-03 to 5.0288067195274335e-03 seconds.
Warning: Simulation tolerance relaxed to achieve convergence from 5.0288067195274335e-03 to 5.0288067195274856e-03 seconds.
Warning: Simulation tolerance relaxed to achieve convergence from 5.0288067195274856e-03 to 5.0288067195275376e-03 seconds.
Warning: Simulation tolerance relaxed to achieve convergence from 5.0288067195275376e-03 to 5.0288067195275689e-03 seconds.
Warning: Simulation tolerance relaxed to achieve convergence from 5.0288067195275689e-03 to 5.0288067195276001e-03 seconds.
Warning: Simulation tolerance relaxed to achieve convergence from 5.0288067195276001e-03 to 5.0288067195276521e-03 seconds.
Warning: Simulation tolerance relaxed to achieve convergence from 5.0288067195276521e-03 to 5.0288067195276938e-03 seconds.
Warning: Simulation tolerance relaxed to achieve convergence from 5.0288067195276938e-03 to 5.0288067195277146e-03 seconds.
Warning: Simulation tolerance relaxed to achieve convergence from 5.0288067195277146e-03 to 5.0288067195277770e-03 seconds.
Warning: Simulation tolerance relaxed to achieve convergence from 5.0288067195277770e-03 to 5.0288067195277874e-03 seconds.
Warning: Simulation tolerance relaxed to achieve convergence from 5.0288067195277874e-03 to 5.0288067195278082e-03 seconds.
Warning: Simulation tolerance relaxed to achieve convergence from 5.0288067195278082e-03 to 5.0288067195278291e-03 seconds.
Warning: Simulation tolerance relaxed to achieve convergence from 5.0288067195278291e-03 to 5.0288067195279019e-03 seconds.
Warning: Simulation tolerance relaxed to achieve convergence from 5.0288067195279019e-03 to 5.0288067195279436e-03 seconds.
Warning: Simulation tolerance relaxed to achieve convergence from 5.0288067195279436e-03 to 5.0288067195279540e-03 seconds.
Warning: Simulation tolerance relaxed to achieve convergence from 5.0288067195279540e-03 to 5.0288067195279748e-03 seconds.
Warning: Simulation tolerance relaxed to achieve convergence from 5.0288067195279748e-03 to 5.0288067195279956e-03 seconds.
Warning: Simulation tolerance relaxed to achieve convergence from 5.0288067195279956e-03 to 5.0288067195280476e-03 seconds.
Warning: Simulation tolerance relaxed to achieve convergence from 5.0288067195280476e-03 to 5.0288067195280685e-03 seconds.
Warning: Simulation tolerance relaxed to achieve convergence from 5.0288067195280685e-03 to 5.0288067195280789e-03 seconds.
Warning: Simulation tolerance relaxed to achieve convergence from 5.0288067195280789e-03 to 5.0288067195281101e-03 seconds.
Warning: Simulation tolerance relaxed to achieve convergence from 5.0288067195281101e-03 to 5.0288067195281413e-03 seconds.
Warning: Simulation tolerance relaxed to achieve convergence from 5.0288067195281517e-03 to 5.0288067195282038e-03 seconds.
Warning: Simulation tolerance relaxed to achieve convergence from 5.0288067195282038e-03 to 5.0288067195282766e-03 seconds.
Warning: Simulation tolerance relaxed to achieve convergence from 5.0288067195282766e-03 to 5.0288067195282974e-03 seconds.
Warning: Simulation tolerance relaxed to achieve convergence from 5.0288067195282974e-03 to 5.0288067195283078e-03 seconds.
Warning: Simulation tolerance relaxed to achieve convergence from 5.0288067195283078e-03 to 5.0288067195283703e-03 seconds.
Warning: Simulation tolerance relaxed to achieve convergence from 5.0288067195283703e-03 to 5.0288067195283807e-03 seconds.
Warning: Simulation tolerance relaxed to achieve convergence from 5.0288067195283807e-03 to 5.0288067195284015e-03 seconds.
Warning: Simulation tolerance relaxed to achieve convergence from 5.0288067195284015e-03 to 5.0288067195284119e-03 seconds.
Warning: Simulation tolerance relaxed to achieve convergence from 5.0288067195284119e-03 to 5.0288067195284223e-03 seconds.
Warning: Simulation tolerance relaxed to achieve convergence from 5.0288067195284223e-03 to 5.0288067195284432e-03 seconds.
Warning: Simulation tolerance relaxed to achieve convergence from 5.0288067195284432e-03 to 5.0288067195284640e-03 seconds.
Warning: Simulation tolerance relaxed to achieve convergence from 5.0288067195284640e-03 to 5.0288067195284848e-03 seconds.
Warning: Simulation tolerance relaxed to achieve convergence from 5.0288067195284848e-03 to 5.0288067195285056e-03 seconds.
Warning: Simulation tolerance relaxed to achieve convergence from 5.0288067195285056e-03 to 5.0288067195285576e-03 seconds.
Warning: Simulation tolerance relaxed to achieve convergence from 5.0288067195285576e-03 to 5.0288067195286305e-03 seconds.
Warning: Simulation tolerance relaxed to achieve convergence from 5.0288067195286305e-03 to 5.0288067195286825e-03 seconds.
Warning: Simulation tolerance relaxed to achieve convergence from 5.0288067195286825e-03 to 5.0288067195287034e-03 seconds.
Warning: Simulation tolerance relaxed to achieve convergence from 5.0288067195287034e-03 to 5.0288067195287554e-03 seconds.
Warning: Simulation tolerance relaxed to achieve convergence from 5.0288067195287554e-03 to 5.0288067195287762e-03 seconds.
Warning: Simulation tolerance relaxed to achieve convergence from 5.0288067195287762e-03 to 5.0288067195288387e-03 seconds.
Warning: Simulation tolerance relaxed to achieve convergence from 5.0288067195288387e-03 to 5.0288067195288491e-03 seconds.
Warning: Simulation tolerance relaxed to achieve convergence from 5.0288067195288491e-03 to 5.0288067195288699e-03 seconds.
Warning: Simulation tolerance relaxed to achieve convergence from 5.0288067195288699e-03 to 5.0288067195289219e-03 seconds.
Warning: Simulation tolerance relaxed to achieve convergence from 5.0288067195289219e-03 to 5.0288067195289428e-03 seconds.
Warning: Simulation tolerance relaxed to achieve convergence from 5.0288067195289532e-03 to 5.0288067195289636e-03 seconds.
Warning: Simulation tolerance relaxed to achieve convergence from 5.0288067195289844e-03 to 5.0288067195289948e-03 seconds.
Warning: Simulation tolerance relaxed to achieve convergence from 5.0288067195289948e-03 to 5.0288067195290468e-03 seconds.
Warning: Simulation tolerance relaxed to achieve convergence from 5.0288067195290468e-03 to 5.0288067195291197e-03 seconds.
Warning: Simulation tolerance relaxed to achieve convergence from 5.0288067195291197e-03 to 5.0288067195291405e-03 seconds.
Warning: Simulation tolerance relaxed to achieve convergence from 5.0288067195291405e-03 to 5.0288067195291717e-03 seconds.
Warning: Simulation tolerance relaxed to achieve convergence from 5.0288067195291717e-03 to 5.0288067195292134e-03 seconds.
Warning: Simulation tolerance relaxed to achieve convergence from 5.0288067195292134e-03 to 5.0288067195292758e-03 seconds.
Warning: Simulation tolerance relaxed to achieve convergence from 5.0288067195292758e-03 to 5.0288067195292966e-03 seconds.
Warning: Simulation tolerance relaxed to achieve convergence from 5.0288067195292966e-03 to 5.0288067195293487e-03 seconds.
Warning: Simulation tolerance relaxed to achieve convergence from 5.0288067195293487e-03 to 5.0288067195294007e-03 seconds.
Warning: Simulation tolerance relaxed to achieve convergence from 5.0288067195294007e-03 to 5.0288067195294215e-03 seconds.
Warning: Simulation tolerance relaxed to achieve convergence from 5.0288067195294215e-03 to 5.0288067195294528e-03 seconds.
Warning: Simulation tolerance relaxed to achieve convergence from 5.0288067195294528e-03 to 5.0288067195295152e-03 seconds.
Warning: Simulation tolerance relaxed to achieve convergence from 5.0288067195295152e-03 to 5.0288067195295777e-03 seconds.
Warning: Simulation tolerance relaxed to achieve convergence from 5.0288067195295777e-03 to 5.0288067195295985e-03 seconds.
Warning: Simulation tolerance relaxed to achieve convergence from 5.0288067195295985e-03 to 5.0288067195296193e-03 seconds.
Warning: Simulation tolerance relaxed to achieve convergence from 5.0288067195296193e-03 to 5.0288067195296817e-03 seconds.
Warning: Simulation tolerance relaxed to achieve convergence from 5.0288067195296817e-03 to 5.0288067195297026e-03 seconds.
Warning: Simulation tolerance relaxed to achieve convergence from 5.0288067195297026e-03 to 5.0288067195297650e-03 seconds.
Warning: Simulation tolerance relaxed to achieve convergence from 5.0288067195297650e-03 to 5.0288067195298275e-03 seconds.
Warning: Simulation tolerance relaxed to achieve convergence from 5.0288067195298275e-03 to 5.0288067195298483e-03 seconds.
Warning: Simulation tolerance relaxed to achieve convergence from 5.0288067195298483e-03 to 5.0288067195298691e-03 seconds.
Warning: Simulation tolerance relaxed to achieve convergence from 5.0288067195298691e-03 to 5.0288067195299211e-03 seconds.
Warning: Simulation tolerance relaxed to achieve convergence from 5.0288067195299211e-03 to 5.0288067195299940e-03 seconds.
Warning: Simulation tolerance relaxed to achieve convergence from 5.0288067195299940e-03 to 5.0288067195300356e-03 seconds.
Warning: Simulation tolerance relaxed to achieve convergence from 5.0288067195300356e-03 to 5.0288067195300564e-03 seconds.
Warning: Simulation tolerance relaxed to achieve convergence from 5.0288067195300564e-03 to 5.0288067195300981e-03 seconds.
Warning: Simulation tolerance relaxed to achieve convergence from 5.0288067195300981e-03 to 5.0288067195301189e-03 seconds.
Warning: Simulation tolerance relaxed to achieve convergence from 5.0288067195301189e-03 to 5.0288067195301918e-03 seconds.
Warning: Simulation tolerance relaxed to achieve convergence from 5.0288067195301918e-03 to 5.0288067195302126e-03 seconds.
Warning: Simulation tolerance relaxed to achieve convergence from 5.0288067195302126e-03 to 5.0288067195302334e-03 seconds.
Warning: Simulation tolerance relaxed to achieve convergence from 5.0288067195302334e-03 to 5.0288067195302542e-03 seconds.
Warning: Simulation tolerance relaxed to achieve convergence from 5.0288067195302542e-03 to 5.0288067195302750e-03 seconds.
Warning: Simulation tolerance relaxed to achieve convergence from 5.0288067195302854e-03 to 5.0288067195303375e-03 seconds.
Warning: Simulation tolerance relaxed to achieve convergence from 5.0288067195303375e-03 to 5.0288067195303583e-03 seconds.
Warning: Simulation tolerance relaxed to achieve convergence from 5.0288067195303687e-03 to 5.0288067195304520e-03 seconds.
Warning: Simulation tolerance relaxed to achieve convergence from 5.0288067195304520e-03 to 5.0288067195304624e-03 seconds.
Warning: Simulation tolerance relaxed to achieve convergence from 5.0288067195304624e-03 to 5.0288067195305040e-03 seconds.
Warning: Simulation tolerance relaxed to achieve convergence from 5.0288067195305040e-03 to 5.0288067195305144e-03 seconds.
Warning: Simulation tolerance relaxed to achieve convergence from 5.0288067195305144e-03 to 5.0288067195305456e-03 seconds.
Warning: Simulation tolerance relaxed to achieve convergence from 5.0288067195305456e-03 to 5.0288067195306081e-03 seconds.
Warning: Simulation tolerance relaxed to achieve convergence from 5.0288067195306081e-03 to 5.0288067195306705e-03 seconds.
Warning: Simulation tolerance relaxed to achieve convergence from 5.0288067195306705e-03 to 5.0288067195307226e-03 seconds.
Warning: Simulation tolerance relaxed to achieve convergence from 5.0288067195307226e-03 to 5.0288067195307434e-03 seconds.
Warning: Simulation tolerance relaxed to achieve convergence from 5.0288067195307434e-03 to 5.0288067195307642e-03 seconds.
Warning: Simulation tolerance relaxed to achieve convergence from 5.0288067195307642e-03 to 5.0288067195308163e-03 seconds.
Warning: Simulation tolerance relaxed to achieve convergence from 5.0288067195308163e-03 to 5.0288067195308267e-03 seconds.
Warning: Simulation tolerance relaxed to achieve convergence from 5.0288067195308267e-03 to 5.0288067195308787e-03 seconds.
Warning: Simulation tolerance relaxed to achieve convergence from 5.0288067195308787e-03 to 5.0288067195308995e-03 seconds.
Warning: Simulation tolerance relaxed to achieve convergence from 5.0288067195308995e-03 to 5.0288067195309620e-03 seconds.
Warning: Simulation tolerance relaxed to achieve convergence from 5.0288067195309620e-03 to 5.0288067195309724e-03 seconds.
Warning: Simulation tolerance relaxed to achieve convergence from 5.0288067195309724e-03 to 5.0288067195309828e-03 seconds.
Warning: Simulation tolerance relaxed to achieve convergence from 5.0288067195309828e-03 to 5.0288067195310036e-03 seconds.
Warning: Simulation tolerance relaxed to achieve convergence from 5.0288067195310036e-03 to 5.0288067195310556e-03 seconds.
Warning: Simulation tolerance relaxed to achieve convergence from 5.0288067195310556e-03 to 5.0288067195310765e-03 seconds.
Warning: Simulation tolerance relaxed to achieve convergence from 5.0288067195310765e-03 to 5.0288067195310973e-03 seconds.
Warning: Simulation tolerance relaxed to achieve convergence from 5.0288067195311077e-03 to 5.0288067195311493e-03 seconds.
Warning: Simulation tolerance relaxed to achieve convergence from 5.0288067195311493e-03 to 5.0288067195312222e-03 seconds.
Warning: Simulation tolerance relaxed to achieve convergence from 5.0288067195312222e-03 to 5.0288067195312326e-03 seconds.
Warning: Simulation tolerance relaxed to achieve convergence from 5.0288067195312326e-03 to 5.0288067195312534e-03 seconds.
Warning: Simulation tolerance relaxed to achieve convergence from 5.0288067195312534e-03 to 5.0288067195312742e-03 seconds.
Warning: Simulation tolerance relaxed to achieve convergence from 5.0288067195312742e-03 to 5.0288067195313471e-03 seconds.
Warning: Simulation tolerance relaxed to achieve convergence from 5.0288067195313471e-03 to 5.0288067195313679e-03 seconds.
Warning: Simulation tolerance relaxed to achieve convergence from 5.0288067195313679e-03 to 5.0288067195313991e-03 seconds.
Warning: Simulation tolerance relaxed to achieve convergence from 5.0288067195313991e-03 to 5.0288067195314408e-03 seconds.
Warning: Simulation tolerance relaxed to achieve convergence from 5.0288067195314408e-03 to 5.0288067195314720e-03 seconds.
Warning: Simulation tolerance relaxed to achieve convergence from 5.0288067195314720e-03 to 5.0288067195315240e-03 seconds.
Warning: Simulation tolerance relaxed to achieve convergence from 5.0288067195315240e-03 to 5.0288067195315761e-03 seconds.
Warning: Simulation tolerance relaxed to achieve convergence from 5.0288067195315761e-03 to 5.0288067195315969e-03 seconds.
Warning: Simulation tolerance relaxed to achieve convergence from 5.0288067195315969e-03 to 5.0288067195316697e-03 seconds.
Warning: Simulation tolerance relaxed to achieve convergence from 5.0288067195316697e-03 to 5.0288067195316801e-03 seconds.
Warning: Simulation tolerance relaxed to achieve convergence from 5.0288067195316801e-03 to 5.0288067195316906e-03 seconds.
Warning: Simulation tolerance relaxed to achieve convergence from 5.0288067195316906e-03 to 5.0288067195317218e-03 seconds.
Warning: Simulation tolerance relaxed to achieve convergence from 5.0288067195317218e-03 to 5.0288067195317322e-03 seconds.
Warning: Simulation tolerance relaxed to achieve convergence from 5.0288067195317322e-03 to 5.0288067195317738e-03 seconds.
Warning: Simulation tolerance relaxed to achieve convergence from 5.0288067195317738e-03 to 5.0288067195318050e-03 seconds.
Warning: Simulation tolerance relaxed to achieve convergence from 5.0288067195318050e-03 to 5.0288067195318883e-03 seconds.
Warning: Simulation tolerance relaxed to achieve convergence from 5.0288067195318883e-03 to 5.0288067195319508e-03 seconds.
Warning: Simulation tolerance relaxed to achieve convergence from 5.0288067195319508e-03 to 5.0288067195320028e-03 seconds.
Warning: Simulation tolerance relaxed to achieve convergence from 5.0288067195320028e-03 to 5.0288067195320236e-03 seconds.
Warning: Simulation tolerance relaxed to achieve convergence from 5.0288067195320236e-03 to 5.0288067195320757e-03 seconds.
Warning: Simulation tolerance relaxed to achieve convergence from 5.0288067195320757e-03 to 5.0288067195320965e-03 seconds.
Warning: Simulation tolerance relaxed to achieve convergence from 5.0288067195320965e-03 to 5.0288067195321173e-03 seconds.
Warning: Simulation tolerance relaxed to achieve convergence from 5.0288067195321173e-03 to 5.0288067195321277e-03 seconds.
Warning: Simulation tolerance relaxed to achieve convergence from 5.0288067195321277e-03 to 5.0288067195321485e-03 seconds.
Warning: Simulation tolerance relaxed to achieve convergence from 5.0288067195321485e-03 to 5.0288067195321693e-03 seconds.
Warning: Simulation tolerance relaxed to achieve convergence from 5.0288067195321693e-03 to 5.0288067195322630e-03 seconds.
Warning: Simulation tolerance relaxed to achieve convergence from 5.0288067195322630e-03 to 5.0288067195322734e-03 seconds.
Warning: Simulation tolerance relaxed to achieve convergence from 5.0288067195322734e-03 to 5.0288067195322942e-03 seconds.
Warning: Simulation tolerance relaxed to achieve convergence from 5.0288067195322942e-03 to 5.0288067195323151e-03 seconds.
Warning: Simulation tolerance relaxed to achieve convergence from 5.0288067195323151e-03 to 5.0288067195323463e-03 seconds.
Warning: Simulation tolerance relaxed to achieve convergence from 5.0288067195323463e-03 to 5.0288067195324087e-03 seconds.
Warning: Simulation tolerance relaxed to achieve convergence from 5.0288067195324087e-03 to 5.0288067195324400e-03 seconds.
Warning: Simulation tolerance relaxed to achieve convergence from 5.0288067195324400e-03 to 5.0288067195324920e-03 seconds.
Warning: Simulation tolerance relaxed to achieve convergence from 5.0288067195324920e-03 to 5.0288067195325336e-03 seconds.
Warning: Simulation tolerance relaxed to achieve convergence from 5.0288067195325336e-03 to 5.0288067195325753e-03 seconds.
Warning: Simulation tolerance relaxed to achieve convergence from 5.0288067195325753e-03 to 5.0288067195325857e-03 seconds.
Warning: Simulation tolerance relaxed to achieve convergence from 5.0288067195325857e-03 to 5.0288067195326065e-03 seconds.
Warning: Simulation tolerance relaxed to achieve convergence from 5.0288067195326065e-03 to 5.0288067195326169e-03 seconds.
Warning: Simulation tolerance relaxed to achieve convergence from 5.0288067195326169e-03 to 5.0288067195326377e-03 seconds.
Warning: Simulation tolerance relaxed to achieve convergence from 5.0288067195326377e-03 to 5.0288067195326689e-03 seconds.
Warning: Simulation tolerance relaxed to achieve convergence from 5.0288067195326689e-03 to 5.0288067195327626e-03 seconds.
Warning: Simulation tolerance relaxed to achieve convergence from 5.0288067195327626e-03 to 5.0288067195327730e-03 seconds.
Warning: Simulation tolerance relaxed to achieve convergence from 5.0288067195327730e-03 to 5.0288067195328042e-03 seconds.
Warning: Simulation tolerance relaxed to achieve convergence from 5.0288067195328042e-03 to 5.0288067195328251e-03 seconds.
Warning: Simulation tolerance relaxed to achieve convergence from 5.0288067195328251e-03 to 5.0288067195328667e-03 seconds.
Warning: Simulation tolerance relaxed to achieve convergence from 5.0288067195328667e-03 to 5.0288067195328771e-03 seconds.
Warning: Simulation tolerance relaxed to achieve convergence from 5.0288067195328771e-03 to 5.0288067195329083e-03 seconds.
Warning: Simulation tolerance relaxed to achieve convergence from 5.0288067195329083e-03 to 5.0288067195329604e-03 seconds.
Warning: Simulation tolerance relaxed to achieve convergence from 5.0288067195329604e-03 to 5.0288067195330124e-03 seconds.
Warning: Simulation tolerance relaxed to achieve convergence from 5.0288067195330124e-03 to 5.0288067195330228e-03 seconds.
Warning: Simulation tolerance relaxed to achieve convergence from 5.0288067195330228e-03 to 5.0288067195330645e-03 seconds.
Warning: Simulation tolerance relaxed to achieve convergence from 5.0288067195330645e-03 to 5.0288067195330853e-03 seconds.
Warning: Simulation tolerance relaxed to achieve convergence from 5.0288067195330853e-03 to 5.0288067195331477e-03 seconds.
Warning: Simulation tolerance relaxed to achieve convergence from 5.0288067195331477e-03 to 5.0288067195331581e-03 seconds.
Warning: Simulation tolerance relaxed to achieve convergence from 5.0288067195331581e-03 to 5.0288067195331789e-03 seconds.
Warning: Simulation tolerance relaxed to achieve convergence from 5.0288067195331789e-03 to 5.0288067195332518e-03 seconds.
Warning: Simulation tolerance relaxed to achieve convergence from 5.0288067195332518e-03 to 5.0288067195332934e-03 seconds.
Warning: Simulation tolerance relaxed to achieve convergence from 5.0288067195332934e-03 to 5.0288067195333038e-03 seconds.
Warning: Simulation tolerance relaxed to achieve convergence from 5.0288067195333038e-03 to 5.0288067195333247e-03 seconds.
Warning: Simulation tolerance relaxed to achieve convergence from 5.0288067195333247e-03 to 5.0288067195333559e-03 seconds.
Warning: Simulation tolerance relaxed to achieve convergence from 5.0288067195333559e-03 to 5.0288067195334183e-03 seconds.
Warning: Simulation tolerance relaxed to achieve convergence from 5.0288067195334183e-03 to 5.0288067195334600e-03 seconds.
Warning: Simulation tolerance relaxed to achieve convergence from 5.0288067195334600e-03 to 5.0288067195334704e-03 seconds.
Warning: Simulation tolerance relaxed to achieve convergence from 5.0288067195334704e-03 to 5.0288067195334808e-03 seconds.
Warning: Simulation tolerance relaxed to achieve convergence from 5.0288067195334808e-03 to 5.0288067195335016e-03 seconds.
Warning: Simulation tolerance relaxed to achieve convergence from 5.0288067195335016e-03 to 5.0288067195335536e-03 seconds.
Warning: Simulation tolerance relaxed to achieve convergence from 5.0288067195335536e-03 to 5.0288067195335849e-03 seconds.
Warning: Simulation tolerance relaxed to achieve convergence from 5.0288067195335849e-03 to 5.0288067195336369e-03 seconds.
Warning: Simulation tolerance relaxed to achieve convergence from 5.0288067195336369e-03 to 5.0288067195336994e-03 seconds.
Warning: Simulation tolerance relaxed to achieve convergence from 5.0288067195336994e-03 to 5.0288067195337202e-03 seconds.
Warning: Simulation tolerance relaxed to achieve convergence from 5.0288067195337202e-03 to 5.0288067195337930e-03 seconds.
Warning: Simulation tolerance relaxed to achieve convergence from 5.0288067195337930e-03 to 5.0288067195338034e-03 seconds.
Warning: Simulation tolerance relaxed to achieve convergence from 5.0288067195338034e-03 to 5.0288067195338243e-03 seconds.
Warning: Simulation tolerance relaxed to achieve convergence from 5.0288067195338243e-03 to 5.0288067195338555e-03 seconds.
Warning: Simulation tolerance relaxed to achieve convergence from 5.0288067195338555e-03 to 5.0288067195339179e-03 seconds.
Warning: Simulation tolerance relaxed to achieve convergence from 5.0288067195339179e-03 to 5.0288067195339388e-03 seconds.
Warning: Simulation tolerance relaxed to achieve convergence from 5.0288067195339388e-03 to 5.0288067195340116e-03 seconds.
Warning: Simulation tolerance relaxed to achieve convergence from 5.0288067195340116e-03 to 5.0288067195340532e-03 seconds.
Warning: Simulation tolerance relaxed to achieve convergence from 5.0288067195340532e-03 to 5.0288067195340741e-03 seconds.
Warning: Simulation tolerance relaxed to achieve convergence from 5.0288067195340741e-03 to 5.0288067195340949e-03 seconds.
Warning: Simulation tolerance relaxed to achieve convergence from 5.0288067195340949e-03 to 5.0288067195341573e-03 seconds.
Warning: Simulation tolerance relaxed to achieve convergence from 5.0288067195341573e-03 to 5.0288067195341781e-03 seconds.
Warning: Simulation tolerance relaxed to achieve convergence from 5.0288067195341781e-03 to 5.0288067195341990e-03 seconds.
Warning: Simulation tolerance relaxed to achieve convergence from 5.0288067195341990e-03 to 5.0288067195342822e-03 seconds.
Warning: Simulation tolerance relaxed to achieve convergence from 5.0288067195342822e-03 to 5.0288067195343239e-03 seconds.
Warning: Simulation tolerance relaxed to achieve convergence from 5.0288067195343239e-03 to 5.0288067195343655e-03 seconds.
Warning: Simulation tolerance relaxed to achieve convergence from 5.0288067195343655e-03 to 5.0288067195343863e-03 seconds.
Warning: Simulation tolerance relaxed to achieve convergence from 5.0288067195343863e-03 to 5.0288067195344904e-03 seconds.
Warning: Simulation tolerance relaxed to achieve convergence from 5.0288067195344904e-03 to 5.0288067195345008e-03 seconds.
Warning: Simulation tolerance relaxed to achieve convergence from 5.0288067195345008e-03 to 5.0288067195345216e-03 seconds.
Warning: Simulation tolerance relaxed to achieve convergence from 5.0288067195345216e-03 to 5.0288067195345424e-03 seconds.
Warning: Simulation tolerance relaxed to achieve convergence from 5.0288067195345424e-03 to 5.0288067195345737e-03 seconds.
Warning: Simulation tolerance relaxed to achieve convergence from 5.0288067195345737e-03 to 5.0288067195346465e-03 seconds.
Warning: Simulation tolerance relaxed to achieve convergence from 5.0288067195346465e-03 to 5.0288067195346882e-03 seconds.
Warning: Simulation tolerance relaxed to achieve convergence from 5.0288067195346882e-03 to 5.0288067195347402e-03 seconds.
Warning: Simulation tolerance relaxed to achieve convergence from 5.0288067195347402e-03 to 5.0288067195347610e-03 seconds.
Warning: Simulation tolerance relaxed to achieve convergence from 5.0288067195347610e-03 to 5.0288067195347714e-03 seconds.
Warning: Simulation tolerance relaxed to achieve convergence from 5.0288067195347714e-03 to 5.0288067195348235e-03 seconds.
Warning: Simulation tolerance relaxed to achieve convergence from 5.0288067195348235e-03 to 5.0288067195348755e-03 seconds.
Warning: Simulation tolerance relaxed to achieve convergence from 5.0288067195348755e-03 to 5.0288067195349171e-03 seconds.
Warning: Simulation tolerance relaxed to achieve convergence from 5.0288067195349171e-03 to 5.0288067195349380e-03 seconds.
Warning: Simulation tolerance relaxed to achieve convergence from 5.0288067195349380e-03 to 5.0288067195350004e-03 seconds.
Warning: Simulation tolerance relaxed to achieve convergence from 5.0288067195350004e-03 to 5.0288067195350212e-03 seconds.
Warning: Simulation tolerance relaxed to achieve convergence from 5.0288067195350212e-03 to 5.0288067195350837e-03 seconds.
Warning: Simulation tolerance relaxed to achieve convergence from 5.0288067195350837e-03 to 5.0288067195350941e-03 seconds.
Warning: Simulation tolerance relaxed to achieve convergence from 5.0288067195350941e-03 to 5.0288067195351045e-03 seconds.
Warning: Simulation tolerance relaxed to achieve convergence from 5.0288067195351045e-03 to 5.0288067195351253e-03 seconds.
Warning: Simulation tolerance relaxed to achieve convergence from 5.0288067195351253e-03 to 5.0288067195351461e-03 seconds.
Warning: Simulation tolerance relaxed to achieve convergence from 5.0288067195351461e-03 to 5.0288067195352294e-03 seconds.
Warning: Simulation tolerance relaxed to achieve convergence from 5.0288067195352294e-03 to 5.0288067195352398e-03 seconds.
Warning: Simulation tolerance relaxed to achieve convergence from 5.0288067195352398e-03 to 5.0288067195352606e-03 seconds.
Warning: Simulation tolerance relaxed to achieve convergence from 5.0288067195352606e-03 to 5.0288067195353127e-03 seconds.
Warning: Simulation tolerance relaxed to achieve convergence from 5.0288067195353127e-03 to 5.0288067195353335e-03 seconds.
Warning: Simulation tolerance relaxed to achieve convergence from 5.0288067195353335e-03 to 5.0288067195353543e-03 seconds.
Warning: Simulation tolerance relaxed to achieve convergence from 5.0288067195353543e-03 to 5.0288067195354167e-03 seconds.
Warning: Simulation tolerance relaxed to achieve convergence from 5.0288067195354167e-03 to 5.0288067195354271e-03 seconds.
Warning: Simulation tolerance relaxed to achieve convergence from 5.0288067195354271e-03 to 5.0288067195354688e-03 seconds.
Warning: Simulation tolerance relaxed to achieve convergence from 5.0288067195354688e-03 to 5.0288067195355208e-03 seconds.
Warning: Simulation tolerance relaxed to achieve convergence from 5.0288067195355208e-03 to 5.0288067195355520e-03 seconds.
Warning: Simulation tolerance relaxed to achieve convergence from 5.0288067195355520e-03 to 5.0288067195356041e-03 seconds.
Warning: Simulation tolerance relaxed to achieve convergence from 5.0288067195356041e-03 to 5.0288067195356665e-03 seconds.
Warning: Simulation tolerance relaxed to achieve convergence from 5.0288067195356665e-03 to 5.0288067195356769e-03 seconds.
Warning: Simulation tolerance relaxed to achieve convergence from 5.0288067195356769e-03 to 5.0288067195356978e-03 seconds.
Warning: Simulation tolerance relaxed to achieve convergence from 5.0288067195356978e-03 to 5.0288067195357186e-03 seconds.
Warning: Simulation tolerance relaxed to achieve convergence from 5.0288067195357186e-03 to 5.0288067195357394e-03 seconds.
Warning: Simulation tolerance relaxed to achieve convergence from 5.0288067195357394e-03 to 5.0288067195358018e-03 seconds.
Warning: Simulation tolerance relaxed to achieve convergence from 5.0288067195358018e-03 to 5.0288067195358331e-03 seconds.
Warning: Simulation tolerance relaxed to achieve convergence from 5.0288067195358331e-03 to 5.0288067195358955e-03 seconds.
Warning: Simulation tolerance relaxed to achieve convergence from 5.0288067195358955e-03 to 5.0288067195359059e-03 seconds.
Warning: Simulation tolerance relaxed to achieve convergence from 5.0288067195359059e-03 to 5.0288067195359163e-03 seconds.
Warning: Simulation tolerance relaxed to achieve convergence from 5.0288067195359163e-03 to 5.0288067195359267e-03 seconds.
Warning: Simulation tolerance relaxed to achieve convergence from 5.0288067195359267e-03 to 5.0288067195359580e-03 seconds.
Warning: Simulation tolerance relaxed to achieve convergence from 5.0288067195359580e-03 to 5.0288067195359996e-03 seconds.
Warning: Simulation tolerance relaxed to achieve convergence from 5.0288067195359996e-03 to 5.0288067195360100e-03 seconds.
Warning: Simulation tolerance relaxed to achieve convergence from 5.0288067195360100e-03 to 5.0288067195360308e-03 seconds.
Warning: Simulation tolerance relaxed to achieve convergence from 5.0288067195360308e-03 to 5.0288067195360516e-03 seconds.
Warning: Simulation tolerance relaxed to achieve convergence from 5.0288067195360516e-03 to 5.0288067195360829e-03 seconds.
Warning: Simulation tolerance relaxed to achieve convergence from 5.0288067195360829e-03 to 5.0288067195361453e-03 seconds.
Warning: Simulation tolerance relaxed to achieve convergence from 5.0288067195361453e-03 to 5.0288067195361661e-03 seconds.
Warning: Simulation tolerance relaxed to achieve convergence from 5.0288067195361661e-03 to 5.0288067195362286e-03 seconds.
Warning: Simulation tolerance relaxed to achieve convergence from 5.0288067195362286e-03 to 5.0288067195362390e-03 seconds.
Warning: Simulation tolerance relaxed to achieve convergence from 5.0288067195362390e-03 to 5.0288067195362702e-03 seconds.
Warning: Simulation tolerance relaxed to achieve convergence from 5.0288067195362702e-03 to 5.0288067195363327e-03 seconds.
Warning: Simulation tolerance relaxed to achieve convergence from 5.0288067195363327e-03 to 5.0288067195363535e-03 seconds.
Warning: Simulation tolerance relaxed to achieve convergence from 5.0288067195363535e-03 to 5.0288067195364159e-03 seconds.
Warning: Simulation tolerance relaxed to achieve convergence from 5.0288067195364159e-03 to 5.0288067195364680e-03 seconds.
Warning: Simulation tolerance relaxed to achieve convergence from 5.0288067195364680e-03 to 5.0288067195364888e-03 seconds.
Warning: Simulation tolerance relaxed to achieve convergence from 5.0288067195364992e-03 to 5.0288067195365408e-03 seconds.
Warning: Simulation tolerance relaxed to achieve convergence from 5.0288067195365408e-03 to 5.0288067195365929e-03 seconds.
Warning: Simulation tolerance relaxed to achieve convergence from 5.0288067195365929e-03 to 5.0288067195366761e-03 seconds.
Warning: Simulation tolerance relaxed to achieve convergence from 5.0288067195366761e-03 to 5.0288067195366866e-03 seconds.
Warning: Simulation tolerance relaxed to achieve convergence from 5.0288067195366866e-03 to 5.0288067195366970e-03 seconds.
Warning: Simulation tolerance relaxed to achieve convergence from 5.0288067195366970e-03 to 5.0288067195367178e-03 seconds.
Warning: Simulation tolerance relaxed to achieve convergence from 5.0288067195367178e-03 to 5.0288067195367386e-03 seconds.
Warning: Simulation tolerance relaxed to achieve convergence from 5.0288067195367386e-03 to 5.0288067195367594e-03 seconds.
Warning: Simulation tolerance relaxed to achieve convergence from 5.0288067195367594e-03 to 5.0288067195368010e-03 seconds.
Warning: Simulation tolerance relaxed to achieve convergence from 5.0288067195368010e-03 to 5.0288067195368115e-03 seconds.
Warning: Simulation tolerance relaxed to achieve convergence from 5.0288067195368115e-03 to 5.0288067195368323e-03 seconds.
Warning: Simulation tolerance relaxed to achieve convergence from 5.0288067195368323e-03 to 5.0288067195368635e-03 seconds.
Warning: Simulation tolerance relaxed to achieve convergence from 5.0288067195368635e-03 to 5.0288067195369572e-03 seconds.
Warning: Simulation tolerance relaxed to achieve convergence from 5.0288067195369572e-03 to 5.0288067195369676e-03 seconds.
Warning: Simulation tolerance relaxed to achieve convergence from 5.0288067195369676e-03 to 5.0288067195369884e-03 seconds.
Warning: Simulation tolerance relaxed to achieve convergence from 5.0288067195369884e-03 to 5.0288067195369988e-03 seconds.
Warning: Simulation tolerance relaxed to achieve convergence from 5.0288067195369988e-03 to 5.0288067195370300e-03 seconds.
Warning: Simulation tolerance relaxed to achieve convergence from 5.0288067195370300e-03 to 5.0288067195370508e-03 seconds.
Warning: Simulation tolerance relaxed to achieve convergence from 5.0288067195370613e-03 to 5.0288067195371237e-03 seconds.
Warning: Simulation tolerance relaxed to achieve convergence from 5.0288067195371237e-03 to 5.0288067195371757e-03 seconds.
Warning: Simulation tolerance relaxed to achieve convergence from 5.0288067195371757e-03 to 5.0288067195371966e-03 seconds.
Warning: Simulation tolerance relaxed to achieve convergence from 5.0288067195371966e-03 to 5.0288067195372798e-03 seconds.
Warning: Simulation tolerance relaxed to achieve convergence from 5.0288067195372798e-03 to 5.0288067195372902e-03 seconds.
Warning: Simulation tolerance relaxed to achieve convergence from 5.0288067195372902e-03 to 5.0288067195373111e-03 seconds.
Warning: Simulation tolerance relaxed to achieve convergence from 5.0288067195373111e-03 to 5.0288067195373319e-03 seconds.
Warning: Simulation tolerance relaxed to achieve convergence from 5.0288067195373319e-03 to 5.0288067195373527e-03 seconds.
Warning: Simulation tolerance relaxed to achieve convergence from 5.0288067195373527e-03 to 5.0288067195373735e-03 seconds.
Warning: Simulation tolerance relaxed to achieve convergence from 5.0288067195373735e-03 to 5.0288067195374255e-03 seconds.
Warning: Simulation tolerance relaxed to achieve convergence from 5.0288067195374255e-03 to 5.0288067195374776e-03 seconds.
Warning: Simulation tolerance relaxed to achieve convergence from 5.0288067195374776e-03 to 5.0288067195375088e-03 seconds.
Warning: Simulation tolerance relaxed to achieve convergence from 5.0288067195375088e-03 to 5.0288067195375400e-03 seconds.
Warning: Simulation tolerance relaxed to achieve convergence from 5.0288067195375400e-03 to 5.0288067195375921e-03 seconds.
Warning: Simulation tolerance relaxed to achieve convergence from 5.0288067195375921e-03 to 5.0288067195376129e-03 seconds.
Warning: Simulation tolerance relaxed to achieve convergence from 5.0288067195376233e-03 to 5.0288067195376649e-03 seconds.
Warning: Simulation tolerance relaxed to achieve convergence from 5.0288067195376649e-03 to 5.0288067195377378e-03 seconds.
Warning: Simulation tolerance relaxed to achieve convergence from 5.0288067195377378e-03 to 5.0288067195378107e-03 seconds.
Warning: Simulation tolerance relaxed to achieve convergence from 5.0288067195378107e-03 to 5.0288067195378627e-03 seconds.
Warning: Simulation tolerance relaxed to achieve convergence from 5.0288067195378627e-03 to 5.0288067195378835e-03 seconds.
Warning: Simulation tolerance relaxed to achieve convergence from 5.0288067195378835e-03 to 5.0288067195379356e-03 seconds.
Warning: Simulation tolerance relaxed to achieve convergence from 5.0288067195379356e-03 to 5.0288067195379564e-03 seconds.
Warning: Simulation tolerance relaxed to achieve convergence from 5.0288067195379564e-03 to 5.0288067195379980e-03 seconds.
Warning: Simulation tolerance relaxed to achieve convergence from 5.0288067195379980e-03 to 5.0288067195380084e-03 seconds.
Warning: Simulation tolerance relaxed to achieve convergence from 5.0288067195380084e-03 to 5.0288067195380292e-03 seconds.
Warning: Simulation tolerance relaxed to achieve convergence from 5.0288067195380292e-03 to 5.0288067195380813e-03 seconds.
Warning: Simulation tolerance relaxed to achieve convergence from 5.0288067195380813e-03 to 5.0288067195381021e-03 seconds.
Warning: Simulation tolerance relaxed to achieve convergence from 5.0288067195381021e-03 to 5.0288067195381229e-03 seconds.
Warning: Simulation tolerance relaxed to achieve convergence from 5.0288067195381229e-03 to 5.0288067195381437e-03 seconds.
Warning: Simulation tolerance relaxed to achieve convergence from 5.0288067195381437e-03 to 5.0288067195381958e-03 seconds.
Warning: Simulation tolerance relaxed to achieve convergence from 5.0288067195381958e-03 to 5.0288067195382166e-03 seconds.
Warning: Simulation tolerance relaxed to achieve convergence from 5.0288067195382166e-03 to 5.0288067195382270e-03 seconds.
Warning: Simulation tolerance relaxed to achieve convergence from 5.0288067195382270e-03 to 5.0288067195382894e-03 seconds.
Warning: Simulation tolerance relaxed to achieve convergence from 5.0288067195382894e-03 to 5.0288067195383103e-03 seconds.
Warning: Simulation tolerance relaxed to achieve convergence from 5.0288067195383103e-03 to 5.0288067195383519e-03 seconds.
Warning: Simulation tolerance relaxed to achieve convergence from 5.0288067195383519e-03 to 5.0288067195383623e-03 seconds.
Warning: Simulation tolerance relaxed to achieve convergence from 5.0288067195383623e-03 to 5.0288067195383831e-03 seconds.
Warning: Simulation tolerance relaxed to achieve convergence from 5.0288067195383831e-03 to 5.0288067195384352e-03 seconds.
Warning: Simulation tolerance relaxed to achieve convergence from 5.0288067195384352e-03 to 5.0288067195384976e-03 seconds.
Warning: Simulation tolerance relaxed to achieve convergence from 5.0288067195384976e-03 to 5.0288067195385184e-03 seconds.
Warning: Simulation tolerance relaxed to achieve convergence from 5.0288067195385184e-03 to 5.0288067195385705e-03 seconds.
Warning: Simulation tolerance relaxed to achieve convergence from 5.0288067195385705e-03 to 5.0288067195385913e-03 seconds.
Warning: Simulation tolerance relaxed to achieve convergence from 5.0288067195385913e-03 to 5.0288067195386017e-03 seconds.
Warning: Simulation tolerance relaxed to achieve convergence from 5.0288067195386017e-03 to 5.0288067195386121e-03 seconds.
Warning: Simulation tolerance relaxed to achieve convergence from 5.0288067195386121e-03 to 5.0288067195386329e-03 seconds.
Warning: Simulation tolerance relaxed to achieve convergence from 5.0288067195386329e-03 to 5.0288067195386433e-03 seconds.
Warning: Simulation tolerance relaxed to achieve convergence from 5.0288067195386433e-03 to 5.0288067195386641e-03 seconds.
Warning: Simulation tolerance relaxed to achieve convergence from 5.0288067195386641e-03 to 5.0288067195386850e-03 seconds.
Warning: Simulation tolerance relaxed to achieve convergence from 5.0288067195386850e-03 to 5.0288067195387370e-03 seconds.
Warning: Simulation tolerance relaxed to achieve convergence from 5.0288067195387370e-03 to 5.0288067195387995e-03 seconds.
Warning: Simulation tolerance relaxed to achieve convergence from 5.0288067195387995e-03 to 5.0288067195388099e-03 seconds.
Warning: Simulation tolerance relaxed to achieve convergence from 5.0288067195388099e-03 to 5.0288067195388307e-03 seconds.
Warning: Simulation tolerance relaxed to achieve convergence from 5.0288067195388307e-03 to 5.0288067195388723e-03 seconds.
Warning: Simulation tolerance relaxed to achieve convergence from 5.0288067195388723e-03 to 5.0288067195389348e-03 seconds.
Warning: Simulation tolerance relaxed to achieve convergence from 5.0288067195389348e-03 to 5.0288067195389556e-03 seconds.
Warning: Simulation tolerance relaxed to achieve convergence from 5.0288067195389556e-03 to 5.0288067195389764e-03 seconds.
Warning: Simulation tolerance relaxed to achieve convergence from 5.0288067195389764e-03 to 5.0288067195390388e-03 seconds.
Warning: Simulation tolerance relaxed to achieve convergence from 5.0288067195390388e-03 to 5.0288067195390909e-03 seconds.
Warning: Simulation tolerance relaxed to achieve convergence from 5.0288067195390909e-03 to 5.0288067195391221e-03 seconds.
Warning: Simulation tolerance relaxed to achieve convergence from 5.0288067195391221e-03 to 5.0288067195391533e-03 seconds.
Warning: Simulation tolerance relaxed to achieve convergence from 5.0288067195391533e-03 to 5.0288067195392262e-03 seconds.
Warning: Simulation tolerance relaxed to achieve convergence from 5.0288067195392262e-03 to 5.0288067195392470e-03 seconds.
Warning: Simulation tolerance relaxed to achieve convergence from 5.0288067195392470e-03 to 5.0288067195393095e-03 seconds.
Warning: Simulation tolerance relaxed to achieve convergence from 5.0288067195393095e-03 to 5.0288067195393303e-03 seconds.
Warning: Simulation tolerance relaxed to achieve convergence from 5.0288067195393303e-03 to 5.0288067195393615e-03 seconds.
Warning: Simulation tolerance relaxed to achieve convergence from 5.0288067195393615e-03 to 5.0288067195394240e-03 seconds.
Warning: Simulation tolerance relaxed to achieve convergence from 5.0288067195394240e-03 to 5.0288067195394760e-03 seconds.
Warning: Simulation tolerance relaxed to achieve convergence from 5.0288067195394760e-03 to 5.0288067195395072e-03 seconds.
Warning: Simulation tolerance relaxed to achieve convergence from 5.0288067195395072e-03 to 5.0288067195395801e-03 seconds.
Warning: Simulation tolerance relaxed to achieve convergence from 5.0288067195395801e-03 to 5.0288067195395905e-03 seconds.
Warning: Simulation tolerance relaxed to achieve convergence from 5.0288067195395905e-03 to 5.0288067195396113e-03 seconds.
Warning: Simulation tolerance relaxed to achieve convergence from 5.0288067195396113e-03 to 5.0288067195396529e-03 seconds.
Warning: Simulation tolerance relaxed to achieve convergence from 5.0288067195396529e-03 to 5.0288067195396946e-03 seconds.
Warning: Simulation tolerance relaxed to achieve convergence from 5.0288067195396946e-03 to 5.0288067195397154e-03 seconds.
Warning: Simulation tolerance relaxed to achieve convergence from 5.0288067195397154e-03 to 5.0288067195397362e-03 seconds.
Warning: Simulation tolerance relaxed to achieve convergence from 5.0288067195397362e-03 to 5.0288067195397987e-03 seconds.
Warning: Simulation tolerance relaxed to achieve convergence from 5.0288067195397987e-03 to 5.0288067195398507e-03 seconds.
Warning: Simulation tolerance relaxed to achieve convergence from 5.0288067195398507e-03 to 5.0288067195398715e-03 seconds.
Warning: Simulation tolerance relaxed to achieve convergence from 5.0288067195398715e-03 to 5.0288067195399131e-03 seconds.
Warning: Simulation tolerance relaxed to achieve convergence from 5.0288067195399131e-03 to 5.0288067195399340e-03 seconds.
Warning: Simulation tolerance relaxed to achieve convergence from 5.0288067195399340e-03 to 5.0288067195399756e-03 seconds.
Warning: Simulation tolerance relaxed to achieve convergence from 5.0288067195399756e-03 to 5.0288067195400068e-03 seconds.
Warning: Simulation tolerance relaxed to achieve convergence from 5.0288067195400068e-03 to 5.0288067195400693e-03 seconds.
Warning: Simulation tolerance relaxed to achieve convergence from 5.0288067195400693e-03 to 5.0288067195401421e-03 seconds.
Warning: Simulation tolerance relaxed to achieve convergence from 5.0288067195401421e-03 to 5.0288067195401838e-03 seconds.
Warning: Simulation tolerance relaxed to achieve convergence from 5.0288067195401838e-03 to 5.0288067195402046e-03 seconds.
Warning: Simulation tolerance relaxed to achieve convergence from 5.0288067195402046e-03 to 5.0288067195402670e-03 seconds.
Warning: Simulation tolerance relaxed to achieve convergence from 5.0288067195402670e-03 to 5.0288067195402878e-03 seconds.
Warning: Simulation tolerance relaxed to achieve convergence from 5.0288067195402878e-03 to 5.0288067195403607e-03 seconds.
Warning: Simulation tolerance relaxed to achieve convergence from 5.0288067195403607e-03 to 5.0288067195403815e-03 seconds.
Warning: Simulation tolerance relaxed to achieve convergence from 5.0288067195403815e-03 to 5.0288067195404232e-03 seconds.
Warning: Simulation tolerance relaxed to achieve convergence from 5.0288067195404232e-03 to 5.0288067195404440e-03 seconds.
Warning: Simulation tolerance relaxed to achieve convergence from 5.0288067195404440e-03 to 5.0288067195404856e-03 seconds.
Warning: Simulation tolerance relaxed to achieve convergence from 5.0288067195404856e-03 to 5.0288067195405064e-03 seconds.
Warning: Simulation tolerance relaxed to achieve convergence from 5.0288067195405064e-03 to 5.0288067195405272e-03 seconds.
Warning: Simulation tolerance relaxed to achieve convergence from 5.0288067195405272e-03 to 5.0288067195405793e-03 seconds.
Warning: Simulation tolerance relaxed to achieve convergence from 5.0288067195405793e-03 to 5.0288067195406001e-03 seconds.
Warning: Simulation tolerance relaxed to achieve convergence from 5.0288067195406001e-03 to 5.0288067195406834e-03 seconds.
Warning: Simulation tolerance relaxed to achieve convergence from 5.0288067195406834e-03 to 5.0288067195406938e-03 seconds.
Warning: Simulation tolerance relaxed to achieve convergence from 5.0288067195406938e-03 to 5.0288067195407042e-03 seconds.
Warning: Simulation tolerance relaxed to achieve convergence from 5.0288067195407042e-03 to 5.0288067195407146e-03 seconds.
Warning: Simulation tolerance relaxed to achieve convergence from 5.0288067195407146e-03 to 5.0288067195407354e-03 seconds.
Warning: Simulation tolerance relaxed to achieve convergence from 5.0288067195407354e-03 to 5.0288067195407562e-03 seconds.
Warning: Simulation tolerance relaxed to achieve convergence from 5.0288067195407562e-03 to 5.0288067195407874e-03 seconds.
Warning: Simulation tolerance relaxed to achieve convergence from 5.0288067195407874e-03 to 5.0288067195408395e-03 seconds.
Warning: Simulation tolerance relaxed to achieve convergence from 5.0288067195408395e-03 to 5.0288067195409019e-03 seconds.
Warning: Simulation tolerance relaxed to achieve convergence from 5.0288067195409019e-03 to 5.0288067195409228e-03 seconds.
Warning: Simulation tolerance relaxed to achieve convergence from 5.0288067195409228e-03 to 5.0288067195409852e-03 seconds.
Warning: Simulation tolerance relaxed to achieve convergence from 5.0288067195409852e-03 to 5.0288067195409956e-03 seconds.
Warning: Simulation tolerance relaxed to achieve convergence from 5.0288067195409956e-03 to 5.0288067195410060e-03 seconds.
Warning: Simulation tolerance relaxed to achieve convergence from 5.0288067195410060e-03 to 5.0288067195410268e-03 seconds.
Warning: Simulation tolerance relaxed to achieve convergence from 5.0288067195410268e-03 to 5.0288067195410581e-03 seconds.
Warning: Simulation tolerance relaxed to achieve convergence from 5.0288067195410581e-03 to 5.0288067195410893e-03 seconds.
Warning: Simulation tolerance relaxed to achieve convergence from 5.0288067195410893e-03 to 5.0288067195411413e-03 seconds.
Warning: Simulation tolerance relaxed to achieve convergence from 5.0288067195411413e-03 to 5.0288067195411934e-03 seconds.
Warning: Simulation tolerance relaxed to achieve convergence from 5.0288067195411934e-03 to 5.0288067195412142e-03 seconds.
Warning: Simulation tolerance relaxed to achieve convergence from 5.0288067195412142e-03 to 5.0288067195412350e-03 seconds.
Warning: Simulation tolerance relaxed to achieve convergence from 5.0288067195412350e-03 to 5.0288067195412558e-03 seconds.
Warning: Simulation tolerance relaxed to achieve convergence from 5.0288067195412558e-03 to 5.0288067195412662e-03 seconds.
Warning: Simulation tolerance relaxed to achieve convergence from 5.0288067195412870e-03 to 5.0288067195413599e-03 seconds.
Warning: Simulation tolerance relaxed to achieve convergence from 5.0288067195413599e-03 to 5.0288067195414119e-03 seconds.
Warning: Simulation tolerance relaxed to achieve convergence from 5.0288067195414119e-03 to 5.0288067195414744e-03 seconds.
Warning: Simulation tolerance relaxed to achieve convergence from 5.0288067195414744e-03 to 5.0288067195415368e-03 seconds.
Warning: Simulation tolerance relaxed to achieve convergence from 5.0288067195415368e-03 to 5.0288067195415889e-03 seconds.
Warning: Simulation tolerance relaxed to achieve convergence from 5.0288067195415889e-03 to 5.0288067195415993e-03 seconds.
Warning: Simulation tolerance relaxed to achieve convergence from 5.0288067195415993e-03 to 5.0288067195416305e-03 seconds.
Warning: Simulation tolerance relaxed to achieve convergence from 5.0288067195416305e-03 to 5.0288067195416409e-03 seconds.
Warning: Simulation tolerance relaxed to achieve convergence from 5.0288067195416409e-03 to 5.0288067195416722e-03 seconds.
Warning: Simulation tolerance relaxed to achieve convergence from 5.0288067195416722e-03 to 5.0288067195417554e-03 seconds.
Warning: Simulation tolerance relaxed to achieve convergence from 5.0288067195417554e-03 to 5.0288067195417866e-03 seconds.
Warning: Simulation tolerance relaxed to achieve convergence from 5.0288067195417866e-03 to 5.0288067195418387e-03 seconds.
Warning: Simulation tolerance relaxed to achieve convergence from 5.0288067195418387e-03 to 5.0288067195419011e-03 seconds.
Warning: Simulation tolerance relaxed to achieve convergence from 5.0288067195419011e-03 to 5.0288067195419220e-03 seconds.
Warning: Simulation tolerance relaxed to achieve convergence from 5.0288067195419220e-03 to 5.0288067195419844e-03 seconds.
Warning: Simulation tolerance relaxed to achieve convergence from 5.0288067195419844e-03 to 5.0288067195420052e-03 seconds.
Warning: Simulation tolerance relaxed to achieve convergence from 5.0288067195420052e-03 to 5.0288067195420260e-03 seconds.
Warning: Simulation tolerance relaxed to achieve convergence from 5.0288067195420260e-03 to 5.0288067195420677e-03 seconds.
Warning: Simulation tolerance relaxed to achieve convergence from 5.0288067195420677e-03 to 5.0288067195420885e-03 seconds.
Warning: Simulation tolerance relaxed to achieve convergence from 5.0288067195420885e-03 to 5.0288067195421405e-03 seconds.
Warning: Simulation tolerance relaxed to achieve convergence from 5.0288067195421405e-03 to 5.0288067195421613e-03 seconds.
Warning: Simulation tolerance relaxed to achieve convergence from 5.0288067195421613e-03 to 5.0288067195421822e-03 seconds.
Warning: Simulation tolerance relaxed to achieve convergence from 5.0288067195421822e-03 to 5.0288067195422342e-03 seconds.
Warning: Simulation tolerance relaxed to achieve convergence from 5.0288067195422342e-03 to 5.0288067195422446e-03 seconds.
Warning: Simulation tolerance relaxed to achieve convergence from 5.0288067195422446e-03 to 5.0288067195422550e-03 seconds.
Warning: Simulation tolerance relaxed to achieve convergence from 5.0288067195422550e-03 to 5.0288067195422654e-03 seconds.
Warning: Simulation tolerance relaxed to achieve convergence from 5.0288067195422654e-03 to 5.0288067195422967e-03 seconds.
Warning: Simulation tolerance relaxed to achieve convergence from 5.0288067195422967e-03 to 5.0288067195423591e-03 seconds.
Warning: Simulation tolerance relaxed to achieve convergence from 5.0288067195423591e-03 to 5.0288067195424111e-03 seconds.
Warning: Simulation tolerance relaxed to achieve convergence from 5.0288067195424111e-03 to 5.0288067195424632e-03 seconds.
Warning: Simulation tolerance relaxed to achieve convergence from 5.0288067195424632e-03 to 5.0288067195424736e-03 seconds.
Warning: Simulation tolerance relaxed to achieve convergence from 5.0288067195424736e-03 to 5.0288067195424944e-03 seconds.
Warning: Simulation tolerance relaxed to achieve convergence from 5.0288067195424944e-03 to 5.0288067195425152e-03 seconds.
Warning: Simulation tolerance relaxed to achieve convergence from 5.0288067195425152e-03 to 5.0288067195425569e-03 seconds.
Warning: Simulation tolerance relaxed to achieve convergence from 5.0288067195425569e-03 to 5.0288067195426089e-03 seconds.
Warning: Simulation tolerance relaxed to achieve convergence from 5.0288067195426089e-03 to 5.0288067195426297e-03 seconds.
Warning: Simulation tolerance relaxed to achieve convergence from 5.0288067195426297e-03 to 5.0288067195426505e-03 seconds.
Warning: Simulation tolerance relaxed to achieve convergence from 5.0288067195426505e-03 to 5.0288067195427026e-03 seconds.
Warning: Simulation tolerance relaxed to achieve convergence from 5.0288067195427026e-03 to 5.0288067195427234e-03 seconds.
Warning: Simulation tolerance relaxed to achieve convergence from 5.0288067195427234e-03 to 5.0288067195427754e-03 seconds.
Warning: Simulation tolerance relaxed to achieve convergence from 5.0288067195427754e-03 to 5.0288067195428275e-03 seconds.
Warning: Simulation tolerance relaxed to achieve convergence from 5.0288067195428275e-03 to 5.0288067195428483e-03 seconds.
Warning: Simulation tolerance relaxed to achieve convergence from 5.0288067195428483e-03 to 5.0288067195429107e-03 seconds.
Warning: Simulation tolerance relaxed to achieve convergence from 5.0288067195429107e-03 to 5.0288067195429732e-03 seconds.
Warning: Simulation tolerance relaxed to achieve convergence from 5.0288067195429732e-03 to 5.0288067195430252e-03 seconds.
Warning: Simulation tolerance relaxed to achieve convergence from 5.0288067195430252e-03 to 5.0288067195430356e-03 seconds.
Warning: Simulation tolerance relaxed to achieve convergence from 5.0288067195430356e-03 to 5.0288067195430565e-03 seconds.
Warning: Simulation tolerance relaxed to achieve convergence from 5.0288067195430565e-03 to 5.0288067195431085e-03 seconds.
Warning: Simulation tolerance relaxed to achieve convergence from 5.0288067195431085e-03 to 5.0288067195431605e-03 seconds.
Warning: Simulation tolerance relaxed to achieve convergence from 5.0288067195431605e-03 to 5.0288067195431710e-03 seconds.
Warning: Simulation tolerance relaxed to achieve convergence from 5.0288067195431710e-03 to 5.0288067195431814e-03 seconds.
Warning: Simulation tolerance relaxed to achieve convergence from 5.0288067195431814e-03 to 5.0288067195431918e-03 seconds.
Warning: Simulation tolerance relaxed to achieve convergence from 5.0288067195431918e-03 to 5.0288067195432230e-03 seconds.
Warning: Simulation tolerance relaxed to achieve convergence from 5.0288067195432230e-03 to 5.0288067195432334e-03 seconds.
Warning: Simulation tolerance relaxed to achieve convergence from 5.0288067195432334e-03 to 5.0288067195432438e-03 seconds.
Warning: Simulation tolerance relaxed to achieve convergence from 5.0288067195432438e-03 to 5.0288067195432542e-03 seconds.
Warning: Simulation tolerance relaxed to achieve convergence from 5.0288067195432542e-03 to 5.0288067195432750e-03 seconds.
Warning: Simulation tolerance relaxed to achieve convergence from 5.0288067195432750e-03 to 5.0288067195432959e-03 seconds.
Warning: Simulation tolerance relaxed to achieve convergence from 5.0288067195432959e-03 to 5.0288067195433167e-03 seconds.
Warning: Simulation tolerance relaxed to achieve convergence from 5.0288067195433167e-03 to 5.0288067195433375e-03 seconds.
Warning: Simulation tolerance relaxed to achieve convergence from 5.0288067195433479e-03 to 5.0288067195433999e-03 seconds.
Warning: Simulation tolerance relaxed to achieve convergence from 5.0288067195433999e-03 to 5.0288067195434520e-03 seconds.
Warning: Simulation tolerance relaxed to achieve convergence from 5.0288067195434520e-03 to 5.0288067195435040e-03 seconds.
Warning: Simulation tolerance relaxed to achieve convergence from 5.0288067195435040e-03 to 5.0288067195435457e-03 seconds.
Warning: Simulation tolerance relaxed to achieve convergence from 5.0288067195435457e-03 to 5.0288067195435665e-03 seconds.
Warning: Simulation tolerance relaxed to achieve convergence from 5.0288067195435665e-03 to 5.0288067195435873e-03 seconds.
Warning: Simulation tolerance relaxed to achieve convergence from 5.0288067195435873e-03 to 5.0288067195436393e-03 seconds.
Warning: Simulation tolerance relaxed to achieve convergence from 5.0288067195436393e-03 to 5.0288067195437018e-03 seconds.
Warning: Simulation tolerance relaxed to achieve convergence from 5.0288067195437018e-03 to 5.0288067195437642e-03 seconds.
Warning: Simulation tolerance relaxed to achieve convergence from 5.0288067195437642e-03 to 5.0288067195437850e-03 seconds.
Warning: Simulation tolerance relaxed to achieve convergence from 5.0288067195437850e-03 to 5.0288067195438371e-03 seconds.
Warning: Simulation tolerance relaxed to achieve convergence from 5.0288067195438371e-03 to 5.0288067195438891e-03 seconds.
Warning: Simulation tolerance relaxed to achieve convergence from 5.0288067195438891e-03 to 5.0288067195439516e-03 seconds.
Warning: Simulation tolerance relaxed to achieve convergence from 5.0288067195439516e-03 to 5.0288067195440036e-03 seconds.
Warning: Simulation tolerance relaxed to achieve convergence from 5.0288067195440036e-03 to 5.0288067195440453e-03 seconds.
Warning: Simulation tolerance relaxed to achieve convergence from 5.0288067195440453e-03 to 5.0288067195440661e-03 seconds.
Warning: Simulation tolerance relaxed to achieve convergence from 5.0288067195440661e-03 to 5.0288067195440973e-03 seconds.
Warning: Simulation tolerance relaxed to achieve convergence from 5.0288067195440973e-03 to 5.0288067195441181e-03 seconds.
Warning: Simulation tolerance relaxed to achieve convergence from 5.0288067195441285e-03 to 5.0288067195441702e-03 seconds.
Warning: Simulation tolerance relaxed to achieve convergence from 5.0288067195441702e-03 to 5.0288067195442430e-03 seconds.
Warning: Simulation tolerance relaxed to achieve convergence from 5.0288067195442430e-03 to 5.0288067195442638e-03 seconds.
Warning: Simulation tolerance relaxed to achieve convergence from 5.0288067195442638e-03 to 5.0288067195443159e-03 seconds.
Warning: Simulation tolerance relaxed to achieve convergence from 5.0288067195443159e-03 to 5.0288067195443367e-03 seconds.
Warning: Simulation tolerance relaxed to achieve convergence from 5.0288067195443367e-03 to 5.0288067195443575e-03 seconds.
Warning: Simulation tolerance relaxed to achieve convergence from 5.0288067195443575e-03 to 5.0288067195444304e-03 seconds.
Warning: Simulation tolerance relaxed to achieve convergence from 5.0288067195444304e-03 to 5.0288067195444512e-03 seconds.
Warning: Simulation tolerance relaxed to achieve convergence from 5.0288067195444512e-03 to 5.0288067195445032e-03 seconds.
Warning: Simulation tolerance relaxed to achieve convergence from 5.0288067195445032e-03 to 5.0288067195445657e-03 seconds.
Warning: Simulation tolerance relaxed to achieve convergence from 5.0288067195445657e-03 to 5.0288067195445761e-03 seconds.
Warning: Simulation tolerance relaxed to achieve convergence from 5.0288067195445761e-03 to 5.0288067195445865e-03 seconds.
Warning: Simulation tolerance relaxed to achieve convergence from 5.0288067195445865e-03 to 5.0288067195446073e-03 seconds.
Warning: Simulation tolerance relaxed to achieve convergence from 5.0288067195446073e-03 to 5.0288067195446281e-03 seconds.
Warning: Simulation tolerance relaxed to achieve convergence from 5.0288067195446281e-03 to 5.0288067195447322e-03 seconds.
Warning: Simulation tolerance relaxed to achieve convergence from 5.0288067195447322e-03 to 5.0288067195447530e-03 seconds.
Warning: Simulation tolerance relaxed to achieve convergence from 5.0288067195447530e-03 to 5.0288067195447738e-03 seconds.
Warning: Simulation tolerance relaxed to achieve convergence from 5.0288067195447738e-03 to 5.0288067195447947e-03 seconds.
Warning: Simulation tolerance relaxed to achieve convergence from 5.0288067195447947e-03 to 5.0288067195448155e-03 seconds.
Warning: Simulation tolerance relaxed to achieve convergence from 5.0288067195448155e-03 to 5.0288067195448779e-03 seconds.
Warning: Simulation tolerance relaxed to achieve convergence from 5.0288067195448779e-03 to 5.0288067195449196e-03 seconds.
Warning: Simulation tolerance relaxed to achieve convergence from 5.0288067195449196e-03 to 5.0288067195449612e-03 seconds.
Warning: Simulation tolerance relaxed to achieve convergence from 5.0288067195449612e-03 to 5.0288067195449820e-03 seconds.
Warning: Simulation tolerance relaxed to achieve convergence from 5.0288067195449820e-03 to 5.0288067195450028e-03 seconds.
Warning: Simulation tolerance relaxed to achieve convergence from 5.0288067195450132e-03 to 5.0288067195450549e-03 seconds.
Warning: Simulation tolerance relaxed to achieve convergence from 5.0288067195450549e-03 to 5.0288067195451485e-03 seconds.
Warning: Simulation tolerance relaxed to achieve convergence from 5.0288067195451485e-03 to 5.0288067195451694e-03 seconds.
Warning: Simulation tolerance relaxed to achieve convergence from 5.0288067195451694e-03 to 5.0288067195451902e-03 seconds.
Warning: Simulation tolerance relaxed to achieve convergence from 5.0288067195451902e-03 to 5.0288067195452214e-03 seconds.
Warning: Simulation tolerance relaxed to achieve convergence from 5.0288067195452214e-03 to 5.0288067195452734e-03 seconds.
Warning: Simulation tolerance relaxed to achieve convergence from 5.0288067195452734e-03 to 5.0288067195453255e-03 seconds.
Warning: Simulation tolerance relaxed to achieve convergence from 5.0288067195453255e-03 to 5.0288067195453567e-03 seconds.
Warning: Simulation tolerance relaxed to achieve convergence from 5.0288067195453567e-03 to 5.0288067195454087e-03 seconds.
Warning: Simulation tolerance relaxed to achieve convergence from 5.0288067195454087e-03 to 5.0288067195454608e-03 seconds.
Warning: Simulation tolerance relaxed to achieve convergence from 5.0288067195454608e-03 to 5.0288067195455024e-03 seconds.
Warning: Simulation tolerance relaxed to achieve convergence from 5.0288067195455024e-03 to 5.0288067195455441e-03 seconds.
Warning: Simulation tolerance relaxed to achieve convergence from 5.0288067195455441e-03 to 5.0288067195455649e-03 seconds.
Warning: Simulation tolerance relaxed to achieve convergence from 5.0288067195455649e-03 to 5.0288067195456169e-03 seconds.
Warning: Simulation tolerance relaxed to achieve convergence from 5.0288067195456169e-03 to 5.0288067195456690e-03 seconds.
Warning: Simulation tolerance relaxed to achieve convergence from 5.0288067195456690e-03 to 5.0288067195456898e-03 seconds.
Warning: Simulation tolerance relaxed to achieve convergence from 5.0288067195456898e-03 to 5.0288067195457626e-03 seconds.
Warning: Simulation tolerance relaxed to achieve convergence from 5.0288067195457626e-03 to 5.0288067195457730e-03 seconds.
Warning: Simulation tolerance relaxed to achieve convergence from 5.0288067195457730e-03 to 5.0288067195457834e-03 seconds.
Warning: Simulation tolerance relaxed to achieve convergence from 5.0288067195457834e-03 to 5.0288067195458147e-03 seconds.
Warning: Simulation tolerance relaxed to achieve convergence from 5.0288067195458147e-03 to 5.0288067195458355e-03 seconds.
Warning: Simulation tolerance relaxed to achieve convergence from 5.0288067195458355e-03 to 5.0288067195458459e-03 seconds.
Warning: Simulation tolerance relaxed to achieve convergence from 5.0288067195458459e-03 to 5.0288067195458771e-03 seconds.
Warning: Simulation tolerance relaxed to achieve convergence from 5.0288067195458771e-03 to 5.0288067195459604e-03 seconds.
Warning: Simulation tolerance relaxed to achieve convergence from 5.0288067195459604e-03 to 5.0288067195459708e-03 seconds.
Warning: Simulation tolerance relaxed to achieve convergence from 5.0288067195459708e-03 to 5.0288067195459916e-03 seconds.
Warning: Simulation tolerance relaxed to achieve convergence from 5.0288067195459916e-03 to 5.0288067195460124e-03 seconds.
Warning: Simulation tolerance relaxed to achieve convergence from 5.0288067195460124e-03 to 5.0288067195460645e-03 seconds.
Warning: Simulation tolerance relaxed to achieve convergence from 5.0288067195460645e-03 to 5.0288067195461165e-03 seconds.
Warning: Simulation tolerance relaxed to achieve convergence from 5.0288067195461165e-03 to 5.0288067195461998e-03 seconds.
Warning: Simulation tolerance relaxed to achieve convergence from 5.0288067195461998e-03 to 5.0288067195462102e-03 seconds.
Warning: Simulation tolerance relaxed to achieve convergence from 5.0288067195462102e-03 to 5.0288067195462310e-03 seconds.
Warning: Simulation tolerance relaxed to achieve convergence from 5.0288067195462310e-03 to 5.0288067195462830e-03 seconds.
Warning: Simulation tolerance relaxed to achieve convergence from 5.0288067195462830e-03 to 5.0288067195463247e-03 seconds.
Warning: Simulation tolerance relaxed to achieve convergence from 5.0288067195463247e-03 to 5.0288067195463559e-03 seconds.
Warning: Simulation tolerance relaxed to achieve convergence from 5.0288067195463559e-03 to 5.0288067195464079e-03 seconds.
Warning: Simulation tolerance relaxed to achieve convergence from 5.0288067195464079e-03 to 5.0288067195464288e-03 seconds.
Warning: Simulation tolerance relaxed to achieve convergence from 5.0288067195464288e-03 to 5.0288067195465120e-03 seconds.
Warning: Simulation tolerance relaxed to achieve convergence from 5.0288067195465120e-03 to 5.0288067195465433e-03 seconds.
Warning: Simulation tolerance relaxed to achieve convergence from 5.0288067195465433e-03 to 5.0288067195465641e-03 seconds.
Warning: Simulation tolerance relaxed to achieve convergence from 5.0288067195465745e-03 to 5.0288067195466161e-03 seconds.
Warning: Simulation tolerance relaxed to achieve convergence from 5.0288067195466161e-03 to 5.0288067195466786e-03 seconds.
Warning: Simulation tolerance relaxed to achieve convergence from 5.0288067195466786e-03 to 5.0288067195467098e-03 seconds.
Warning: Simulation tolerance relaxed to achieve convergence from 5.0288067195467098e-03 to 5.0288067195468139e-03 seconds.
Warning: Simulation tolerance relaxed to achieve convergence from 5.0288067195468139e-03 to 5.0288067195468347e-03 seconds.
Warning: Simulation tolerance relaxed to achieve convergence from 5.0288067195468347e-03 to 5.0288067195468763e-03 seconds.
Warning: Simulation tolerance relaxed to achieve convergence from 5.0288067195468763e-03 to 5.0288067195469180e-03 seconds.
Warning: Simulation tolerance relaxed to achieve convergence from 5.0288067195469180e-03 to 5.0288067195469492e-03 seconds.
Warning: Simulation tolerance relaxed to achieve convergence from 5.0288067195469492e-03 to 5.0288067195470116e-03 seconds.
Warning: Simulation tolerance relaxed to achieve convergence from 5.0288067195470116e-03 to 5.0288067195470533e-03 seconds.
Warning: Simulation tolerance relaxed to achieve convergence from 5.0288067195470533e-03 to 5.0288067195470741e-03 seconds.
Warning: Simulation tolerance relaxed to achieve convergence from 5.0288067195470741e-03 to 5.0288067195471573e-03 seconds.
Warning: Simulation tolerance relaxed to achieve convergence from 5.0288067195471573e-03 to 5.0288067195471782e-03 seconds.
Warning: Simulation tolerance relaxed to achieve convergence from 5.0288067195471782e-03 to 5.0288067195472094e-03 seconds.
Warning: Simulation tolerance relaxed to achieve convergence from 5.0288067195472094e-03 to 5.0288067195472614e-03 seconds.
Warning: Simulation tolerance relaxed to achieve convergence from 5.0288067195472614e-03 to 5.0288067195473239e-03 seconds.
Warning: Simulation tolerance relaxed to achieve convergence from 5.0288067195473239e-03 to 5.0288067195473343e-03 seconds.
Warning: Simulation tolerance relaxed to achieve convergence from 5.0288067195473343e-03 to 5.0288067195473551e-03 seconds.
Warning: Simulation tolerance relaxed to achieve convergence from 5.0288067195473551e-03 to 5.0288067195473759e-03 seconds.
Warning: Simulation tolerance relaxed to achieve convergence from 5.0288067195473759e-03 to 5.0288067195474176e-03 seconds.
Warning: Simulation tolerance relaxed to achieve convergence from 5.0288067195474176e-03 to 5.0288067195474592e-03 seconds.
Warning: Simulation tolerance relaxed to achieve convergence from 5.0288067195474592e-03 to 5.0288067195475320e-03 seconds.
Warning: Simulation tolerance relaxed to achieve convergence from 5.0288067195475320e-03 to 5.0288067195475529e-03 seconds.
Warning: Simulation tolerance relaxed to achieve convergence from 5.0288067195475529e-03 to 5.0288067195475737e-03 seconds.
Warning: Simulation tolerance relaxed to achieve convergence from 5.0288067195475737e-03 to 5.0288067195476049e-03 seconds.
Warning: Simulation tolerance relaxed to achieve convergence from 5.0288067195476049e-03 to 5.0288067195476674e-03 seconds.
Warning: Simulation tolerance relaxed to achieve convergence from 5.0288067195476674e-03 to 5.0288067195476778e-03 seconds.
Warning: Simulation tolerance relaxed to achieve convergence from 5.0288067195476778e-03 to 5.0288067195476882e-03 seconds.
Warning: Simulation tolerance relaxed to achieve convergence from 5.0288067195476882e-03 to 5.0288067195477090e-03 seconds.
Warning: Simulation tolerance relaxed to achieve convergence from 5.0288067195477090e-03 to 5.0288067195477506e-03 seconds.
Warning: Simulation tolerance relaxed to achieve convergence from 5.0288067195477506e-03 to 5.0288067195477610e-03 seconds.
Warning: Simulation tolerance relaxed to achieve convergence from 5.0288067195477610e-03 to 5.0288067195477818e-03 seconds.
Warning: Simulation tolerance relaxed to achieve convergence from 5.0288067195477818e-03 to 5.0288067195478131e-03 seconds.
Warning: Simulation tolerance relaxed to achieve convergence from 5.0288067195478131e-03 to 5.0288067195478755e-03 seconds.
Warning: Simulation tolerance relaxed to achieve convergence from 5.0288067195478755e-03 to 5.0288067195478963e-03 seconds.
Warning: Simulation tolerance relaxed to achieve convergence from 5.0288067195478963e-03 to 5.0288067195479172e-03 seconds.
Warning: Simulation tolerance relaxed to achieve convergence from 5.0288067195479172e-03 to 5.0288067195479692e-03 seconds.
Warning: Simulation tolerance relaxed to achieve convergence from 5.0288067195479692e-03 to 5.0288067195479900e-03 seconds.
Warning: Simulation tolerance relaxed to achieve convergence from 5.0288067195479900e-03 to 5.0288067195480421e-03 seconds.
Warning: Simulation tolerance relaxed to achieve convergence from 5.0288067195480421e-03 to 5.0288067195480629e-03 seconds.
Warning: Simulation tolerance relaxed to achieve convergence from 5.0288067195480629e-03 to 5.0288067195480733e-03 seconds.
Warning: Simulation tolerance relaxed to achieve convergence from 5.0288067195480733e-03 to 5.0288067195480941e-03 seconds.
Warning: Simulation tolerance relaxed to achieve convergence from 5.0288067195480941e-03 to 5.0288067195481565e-03 seconds.
Warning: Simulation tolerance relaxed to achieve convergence from 5.0288067195481565e-03 to 5.0288067195481982e-03 seconds.
Warning: Simulation tolerance relaxed to achieve convergence from 5.0288067195481982e-03 to 5.0288067195482190e-03 seconds.
Warning: Simulation tolerance relaxed to achieve convergence from 5.0288067195482190e-03 to 5.0288067195482710e-03 seconds.
Warning: Simulation tolerance relaxed to achieve convergence from 5.0288067195482710e-03 to 5.0288067195483231e-03 seconds.
Warning: Simulation tolerance relaxed to achieve convergence from 5.0288067195483231e-03 to 5.0288067195483335e-03 seconds.
Warning: Simulation tolerance relaxed to achieve convergence from 5.0288067195483335e-03 to 5.0288067195483543e-03 seconds.
Warning: Simulation tolerance relaxed to achieve convergence from 5.0288067195483543e-03 to 5.0288067195483647e-03 seconds.
Warning: Simulation tolerance relaxed to achieve convergence from 5.0288067195483647e-03 to 5.0288067195483751e-03 seconds.
Warning: Simulation tolerance relaxed to achieve convergence from 5.0288067195483751e-03 to 5.0288067195483959e-03 seconds.
Warning: Simulation tolerance relaxed to achieve convergence from 5.0288067195483959e-03 to 5.0288067195484168e-03 seconds.
Warning: Simulation tolerance relaxed to achieve convergence from 5.0288067195484168e-03 to 5.0288067195484584e-03 seconds.
Warning: Simulation tolerance relaxed to achieve convergence from 5.0288067195484584e-03 to 5.0288067195484792e-03 seconds.
Warning: Simulation tolerance relaxed to achieve convergence from 5.0288067195484792e-03 to 5.0288067195485417e-03 seconds.
Warning: Simulation tolerance relaxed to achieve convergence from 5.0288067195485417e-03 to 5.0288067195485521e-03 seconds.
Warning: Simulation tolerance relaxed to achieve convergence from 5.0288067195485521e-03 to 5.0288067195485625e-03 seconds.
Warning: Simulation tolerance relaxed to achieve convergence from 5.0288067195485625e-03 to 5.0288067195485833e-03 seconds.
Warning: Simulation tolerance relaxed to achieve convergence from 5.0288067195485833e-03 to 5.0288067195486041e-03 seconds.
Warning: Simulation tolerance relaxed to achieve convergence from 5.0288067195486041e-03 to 5.0288067195486978e-03 seconds.
Warning: Simulation tolerance relaxed to achieve convergence from 5.0288067195486978e-03 to 5.0288067195487082e-03 seconds.
Warning: Simulation tolerance relaxed to achieve convergence from 5.0288067195487082e-03 to 5.0288067195487290e-03 seconds.
Warning: Simulation tolerance relaxed to achieve convergence from 5.0288067195487290e-03 to 5.0288067195487498e-03 seconds.
Warning: Simulation tolerance relaxed to achieve convergence from 5.0288067195487498e-03 to 5.0288067195487706e-03 seconds.
Warning: Simulation tolerance relaxed to achieve convergence from 5.0288067195487706e-03 to 5.0288067195487915e-03 seconds.
Warning: Simulation tolerance relaxed to achieve convergence from 5.0288067195487915e-03 to 5.0288067195488539e-03 seconds.
Warning: Simulation tolerance relaxed to achieve convergence from 5.0288067195488539e-03 to 5.0288067195488747e-03 seconds.
Warning: Simulation tolerance relaxed to achieve convergence from 5.0288067195488747e-03 to 5.0288067195488955e-03 seconds.
Warning: Simulation tolerance relaxed to achieve convergence from 5.0288067195488955e-03 to 5.0288067195489684e-03 seconds.
Warning: Simulation tolerance relaxed to achieve convergence from 5.0288067195489684e-03 to 5.0288067195489788e-03 seconds.
Warning: Simulation tolerance relaxed to achieve convergence from 5.0288067195489788e-03 to 5.0288067195489996e-03 seconds.
Warning: Simulation tolerance relaxed to achieve convergence from 5.0288067195489996e-03 to 5.0288067195490204e-03 seconds.
Warning: Simulation tolerance relaxed to achieve convergence from 5.0288067195490204e-03 to 5.0288067195490725e-03 seconds.
Warning: Simulation tolerance relaxed to achieve convergence from 5.0288067195490725e-03 to 5.0288067195490829e-03 seconds.
Warning: Simulation tolerance relaxed to achieve convergence from 5.0288067195490829e-03 to 5.0288067195491037e-03 seconds.
Warning: Simulation tolerance relaxed to achieve convergence from 5.0288067195491037e-03 to 5.0288067195491245e-03 seconds.
Warning: Simulation tolerance relaxed to achieve convergence from 5.0288067195491245e-03 to 5.0288067195491453e-03 seconds.
Warning: Simulation tolerance relaxed to achieve convergence from 5.0288067195491453e-03 to 5.0288067195491974e-03 seconds.
Warning: Simulation tolerance relaxed to achieve convergence from 5.0288067195491974e-03 to 5.0288067195492078e-03 seconds.
Warning: Simulation tolerance relaxed to achieve convergence from 5.0288067195492078e-03 to 5.0288067195492286e-03 seconds.
Warning: Simulation tolerance relaxed to achieve convergence from 5.0288067195492286e-03 to 5.0288067195492911e-03 seconds.
Warning: Simulation tolerance relaxed to achieve convergence from 5.0288067195492911e-03 to 5.0288067195493119e-03 seconds.
Warning: Simulation tolerance relaxed to achieve convergence from 5.0288067195493119e-03 to 5.0288067195493639e-03 seconds.
Warning: Simulation tolerance relaxed to achieve convergence from 5.0288067195493639e-03 to 5.0288067195494160e-03 seconds.
Warning: Simulation tolerance relaxed to achieve convergence from 5.0288067195494160e-03 to 5.0288067195494368e-03 seconds.
Warning: Simulation tolerance relaxed to achieve convergence from 5.0288067195494368e-03 to 5.0288067195494576e-03 seconds.
Warning: Simulation tolerance relaxed to achieve convergence from 5.0288067195494576e-03 to 5.0288067195494784e-03 seconds.
Warning: Simulation tolerance relaxed to achieve convergence from 5.0288067195494784e-03 to 5.0288067195494992e-03 seconds.
Warning: Simulation tolerance relaxed to achieve convergence from 5.0288067195494992e-03 to 5.0288067195495200e-03 seconds.
Warning: Simulation tolerance relaxed to achieve convergence from 5.0288067195495305e-03 to 5.0288067195495721e-03 seconds.
Warning: Simulation tolerance relaxed to achieve convergence from 5.0288067195495721e-03 to 5.0288067195496762e-03 seconds.
Warning: Simulation tolerance relaxed to achieve convergence from 5.0288067195496762e-03 to 5.0288067195496970e-03 seconds.
Warning: Simulation tolerance relaxed to achieve convergence from 5.0288067195496970e-03 to 5.0288067195497594e-03 seconds.
Warning: Simulation tolerance relaxed to achieve convergence from 5.0288067195497594e-03 to 5.0288067195497907e-03 seconds.
Warning: Simulation tolerance relaxed to achieve convergence from 5.0288067195497907e-03 to 5.0288067195498531e-03 seconds.
Warning: Simulation tolerance relaxed to achieve convergence from 5.0288067195498531e-03 to 5.0288067195498739e-03 seconds.
Warning: Simulation tolerance relaxed to achieve convergence from 5.0288067195498739e-03 to 5.0288067195499364e-03 seconds.
Warning: Simulation tolerance relaxed to achieve convergence from 5.0288067195499364e-03 to 5.0288067195499884e-03 seconds.
Warning: Simulation tolerance relaxed to achieve convergence from 5.0288067195499884e-03 to 5.0288067195500196e-03 seconds.
Warning: Simulation tolerance relaxed to achieve convergence from 5.0288067195500196e-03 to 5.0288067195500925e-03 seconds.
Warning: Simulation tolerance relaxed to achieve convergence from 5.0288067195500925e-03 to 5.0288067195501029e-03 seconds.
Warning: Simulation tolerance relaxed to achieve convergence from 5.0288067195501029e-03 to 5.0288067195501654e-03 seconds.
Warning: Simulation tolerance relaxed to achieve convergence from 5.0288067195501654e-03 to 5.0288067195502070e-03 seconds.
Warning: Simulation tolerance relaxed to achieve convergence from 5.0288067195502070e-03 to 5.0288067195502278e-03 seconds.
Warning: Simulation tolerance relaxed to achieve convergence from 5.0288067195502278e-03 to 5.0288067195502486e-03 seconds.
Warning: Simulation tolerance relaxed to achieve convergence from 5.0288067195502486e-03 to 5.0288067195503111e-03 seconds.
Warning: Simulation tolerance relaxed to achieve convergence from 5.0288067195503111e-03 to 5.0288067195503527e-03 seconds.
Warning: Simulation tolerance relaxed to achieve convergence from 5.0288067195503527e-03 to 5.0288067195504048e-03 seconds.
Warning: Simulation tolerance relaxed to achieve convergence from 5.0288067195504048e-03 to 5.0288067195504256e-03 seconds.
Warning: Simulation tolerance relaxed to achieve convergence from 5.0288067195504256e-03 to 5.0288067195504464e-03 seconds.
Warning: Simulation tolerance relaxed to achieve convergence from 5.0288067195504464e-03 to 5.0288067195504984e-03 seconds.
Warning: Simulation tolerance relaxed to achieve convergence from 5.0288067195504984e-03 to 5.0288067195505401e-03 seconds.
Warning: Simulation tolerance relaxed to achieve convergence from 5.0288067195505401e-03 to 5.0288067195505713e-03 seconds.
Warning: Simulation tolerance relaxed to achieve convergence from 5.0288067195505713e-03 to 5.0288067195506233e-03 seconds.
Warning: Simulation tolerance relaxed to achieve convergence from 5.0288067195506233e-03 to 5.0288067195507066e-03 seconds.
Warning: Simulation tolerance relaxed to achieve convergence from 5.0288067195507066e-03 to 5.0288067195507274e-03 seconds.
Warning: Simulation tolerance relaxed to achieve convergence from 5.0288067195507274e-03 to 5.0288067195507795e-03 seconds.
Warning: Simulation tolerance relaxed to achieve convergence from 5.0288067195507795e-03 to 5.0288067195508003e-03 seconds.
Warning: Simulation tolerance relaxed to achieve convergence from 5.0288067195508003e-03 to 5.0288067195508523e-03 seconds.
Warning: Simulation tolerance relaxed to achieve convergence from 5.0288067195508523e-03 to 5.0288067195508627e-03 seconds.
Warning: Simulation tolerance relaxed to achieve convergence from 5.0288067195508627e-03 to 5.0288067195508835e-03 seconds.
Warning: Simulation tolerance relaxed to achieve convergence from 5.0288067195508835e-03 to 5.0288067195509668e-03 seconds.
Warning: Simulation tolerance relaxed to achieve convergence from 5.0288067195509668e-03 to 5.0288067195509772e-03 seconds.
Warning: Simulation tolerance relaxed to achieve convergence from 5.0288067195509772e-03 to 5.0288067195509876e-03 seconds.
Warning: Simulation tolerance relaxed to achieve convergence from 5.0288067195509876e-03 to 5.0288067195510084e-03 seconds.
Warning: Simulation tolerance relaxed to achieve convergence from 5.0288067195510084e-03 to 5.0288067195510397e-03 seconds.
Warning: Simulation tolerance relaxed to achieve convergence from 5.0288067195510397e-03 to 5.0288067195511021e-03 seconds.
Warning: Simulation tolerance relaxed to achieve convergence from 5.0288067195511021e-03 to 5.0288067195511437e-03 seconds.
Warning: Simulation tolerance relaxed to achieve convergence from 5.0288067195511437e-03 to 5.0288067195511646e-03 seconds.
Warning: Simulation tolerance relaxed to achieve convergence from 5.0288067195511646e-03 to 5.0288067195512166e-03 seconds.
Warning: Simulation tolerance relaxed to achieve convergence from 5.0288067195512166e-03 to 5.0288067195512374e-03 seconds.
Warning: Simulation tolerance relaxed to achieve convergence from 5.0288067195512374e-03 to 5.0288067195512999e-03 seconds.
Warning: Simulation tolerance relaxed to achieve convergence from 5.0288067195512999e-03 to 5.0288067195513519e-03 seconds.
Warning: Simulation tolerance relaxed to achieve convergence from 5.0288067195513519e-03 to 5.0288067195513727e-03 seconds.
Warning: Simulation tolerance relaxed to achieve convergence from 5.0288067195513727e-03 to 5.0288067195513935e-03 seconds.
Warning: Simulation tolerance relaxed to achieve convergence from 5.0288067195513935e-03 to 5.0288067195514456e-03 seconds.
Warning: Simulation tolerance relaxed to achieve convergence from 5.0288067195514456e-03 to 5.0288067195515080e-03 seconds.
Warning: Simulation tolerance relaxed to achieve convergence from 5.0288067195515080e-03 to 5.0288067195515184e-03 seconds.
Warning: Simulation tolerance relaxed to achieve convergence from 5.0288067195515184e-03 to 5.0288067195515601e-03 seconds.
Warning: Simulation tolerance relaxed to achieve convergence from 5.0288067195515601e-03 to 5.0288067195515705e-03 seconds.
Warning: Simulation tolerance relaxed to achieve convergence from 5.0288067195515705e-03 to 5.0288067195515913e-03 seconds.
Warning: Simulation tolerance relaxed to achieve convergence from 5.0288067195515913e-03 to 5.0288067195516329e-03 seconds.
Warning: Simulation tolerance relaxed to achieve convergence from 5.0288067195516329e-03 to 5.0288067195516538e-03 seconds.
Warning: Simulation tolerance relaxed to achieve convergence from 5.0288067195516538e-03 to 5.0288067195516746e-03 seconds.
Warning: Simulation tolerance relaxed to achieve convergence from 5.0288067195516746e-03 to 5.0288067195517266e-03 seconds.
Warning: Simulation tolerance relaxed to achieve convergence from 5.0288067195517266e-03 to 5.0288067195517787e-03 seconds.
Warning: Simulation tolerance relaxed to achieve convergence from 5.0288067195517787e-03 to 5.0288067195518099e-03 seconds.
Warning: Simulation tolerance relaxed to achieve convergence from 5.0288067195518099e-03 to 5.0288067195518307e-03 seconds.
Warning: Simulation tolerance relaxed to achieve convergence from 5.0288067195518307e-03 to 5.0288067195518827e-03 seconds.
Warning: Simulation tolerance relaxed to achieve convergence from 5.0288067195518827e-03 to 5.0288067195518931e-03 seconds.
Warning: Simulation tolerance relaxed to achieve convergence from 5.0288067195518931e-03 to 5.0288067195519348e-03 seconds.
Warning: Simulation tolerance relaxed to achieve convergence from 5.0288067195519348e-03 to 5.0288067195519556e-03 seconds.
Warning: Simulation tolerance relaxed to achieve convergence from 5.0288067195519556e-03 to 5.0288067195519868e-03 seconds.
Warning: Simulation tolerance relaxed to achieve convergence from 5.0288067195519868e-03 to 5.0288067195519972e-03 seconds.
Warning: Simulation tolerance relaxed to achieve convergence from 5.0288067195519972e-03 to 5.0288067195520389e-03 seconds.
Warning: Simulation tolerance relaxed to achieve convergence from 5.0288067195520389e-03 to 5.0288067195520909e-03 seconds.
Warning: Simulation tolerance relaxed to achieve convergence from 5.0288067195520909e-03 to 5.0288067195521117e-03 seconds.
Warning: Simulation tolerance relaxed to achieve convergence from 5.0288067195521117e-03 to 5.0288067195521429e-03 seconds.
Warning: Simulation tolerance relaxed to achieve convergence from 5.0288067195521429e-03 to 5.0288067195522158e-03 seconds.
Warning: Simulation tolerance relaxed to achieve convergence from 5.0288067195522158e-03 to 5.0288067195522470e-03 seconds.
Warning: Simulation tolerance relaxed to achieve convergence from 5.0288067195522470e-03 to 5.0288067195522991e-03 seconds.
Warning: Simulation tolerance relaxed to achieve convergence from 5.0288067195522991e-03 to 5.0288067195523199e-03 seconds.
Warning: Simulation tolerance relaxed to achieve convergence from 5.0288067195523199e-03 to 5.0288067195523719e-03 seconds.
Warning: Simulation tolerance relaxed to achieve convergence from 5.0288067195523719e-03 to 5.0288067195524344e-03 seconds.
Warning: Simulation tolerance relaxed to achieve convergence from 5.0288067195524344e-03 to 5.0288067195524864e-03 seconds.
Warning: Simulation tolerance relaxed to achieve convergence from 5.0288067195524864e-03 to 5.0288067195525176e-03 seconds.
Warning: Simulation tolerance relaxed to achieve convergence from 5.0288067195525176e-03 to 5.0288067195526113e-03 seconds.
Warning: Simulation tolerance relaxed to achieve convergence from 5.0288067195526113e-03 to 5.0288067195526217e-03 seconds.
Warning: Simulation tolerance relaxed to achieve convergence from 5.0288067195526217e-03 to 5.0288067195526425e-03 seconds.
Warning: Simulation tolerance relaxed to achieve convergence from 5.0288067195526425e-03 to 5.0288067195526842e-03 seconds.
Warning: Simulation tolerance relaxed to achieve convergence from 5.0288067195526842e-03 to 5.0288067195527050e-03 seconds.
Warning: Simulation tolerance relaxed to achieve convergence from 5.0288067195527050e-03 to 5.0288067195527779e-03 seconds.
Warning: Simulation tolerance relaxed to achieve convergence from 5.0288067195527779e-03 to 5.0288067195528091e-03 seconds.
Warning: Simulation tolerance relaxed to achieve convergence from 5.0288067195528091e-03 to 5.0288067195528507e-03 seconds.
Warning: Simulation tolerance relaxed to achieve convergence from 5.0288067195528507e-03 to 5.0288067195528715e-03 seconds.
Warning: Simulation tolerance relaxed to achieve convergence from 5.0288067195528715e-03 to 5.0288067195529548e-03 seconds.
Warning: Simulation tolerance relaxed to achieve convergence from 5.0288067195529548e-03 to 5.0288067195529652e-03 seconds.
Warning: Simulation tolerance relaxed to achieve convergence from 5.0288067195529652e-03 to 5.0288067195529860e-03 seconds.
Warning: Simulation tolerance relaxed to achieve convergence from 5.0288067195529860e-03 to 5.0288067195530068e-03 seconds.
Warning: Simulation tolerance relaxed to achieve convergence from 5.0288067195530068e-03 to 5.0288067195530172e-03 seconds.
Warning: Simulation tolerance relaxed to achieve convergence from 5.0288067195530172e-03 to 5.0288067195530589e-03 seconds.
Warning: Simulation tolerance relaxed to achieve convergence from 5.0288067195530589e-03 to 5.0288067195530797e-03 seconds.
Warning: Simulation tolerance relaxed to achieve convergence from 5.0288067195530797e-03 to 5.0288067195531526e-03 seconds.
Warning: Simulation tolerance relaxed to achieve convergence from 5.0288067195531526e-03 to 5.0288067195532150e-03 seconds.
Warning: Simulation tolerance relaxed to achieve convergence from 5.0288067195532150e-03 to 5.0288067195532254e-03 seconds.
Warning: Simulation tolerance relaxed to achieve convergence from 5.0288067195532254e-03 to 5.0288067195532462e-03 seconds.
Warning: Simulation tolerance relaxed to achieve convergence from 5.0288067195532462e-03 to 5.0288067195533191e-03 seconds.
Warning: Simulation tolerance relaxed to achieve convergence from 5.0288067195533191e-03 to 5.0288067195533295e-03 seconds.
Warning: Simulation tolerance relaxed to achieve convergence from 5.0288067195533295e-03 to 5.0288067195533607e-03 seconds.
Warning: Simulation tolerance relaxed to achieve convergence from 5.0288067195533607e-03 to 5.0288067195534128e-03 seconds.
Warning: Simulation tolerance relaxed to achieve convergence from 5.0288067195534128e-03 to 5.0288067195534648e-03 seconds.
Warning: Simulation tolerance relaxed to achieve convergence from 5.0288067195534648e-03 to 5.0288067195534856e-03 seconds.
Warning: Simulation tolerance relaxed to achieve convergence from 5.0288067195534856e-03 to 5.0288067195535689e-03 seconds.
Warning: Simulation tolerance relaxed to achieve convergence from 5.0288067195535689e-03 to 5.0288067195536209e-03 seconds.
Warning: Simulation tolerance relaxed to achieve convergence from 5.0288067195536209e-03 to 5.0288067195536417e-03 seconds.
Warning: Simulation tolerance relaxed to achieve convergence from 5.0288067195536417e-03 to 5.0288067195536730e-03 seconds.
Warning: Simulation tolerance relaxed to achieve convergence from 5.0288067195536730e-03 to 5.0288067195537666e-03 seconds.
Warning: Simulation tolerance relaxed to achieve convergence from 5.0288067195537666e-03 to 5.0288067195537771e-03 seconds.
Warning: Simulation tolerance relaxed to achieve convergence from 5.0288067195537771e-03 to 5.0288067195537979e-03 seconds.
Warning: Simulation tolerance relaxed to achieve convergence from 5.0288067195537979e-03 to 5.0288067195538291e-03 seconds.
Warning: Simulation tolerance relaxed to achieve convergence from 5.0288067195538291e-03 to 5.0288067195538915e-03 seconds.
Warning: Simulation tolerance relaxed to achieve convergence from 5.0288067195538915e-03 to 5.0288067195539124e-03 seconds.
Warning: Simulation tolerance relaxed to achieve convergence from 5.0288067195539124e-03 to 5.0288067195539644e-03 seconds.
Warning: Simulation tolerance relaxed to achieve convergence from 5.0288067195539644e-03 to 5.0288067195539852e-03 seconds.
Warning: Simulation tolerance relaxed to achieve convergence from 5.0288067195539852e-03 to 5.0288067195540477e-03 seconds.
Warning: Simulation tolerance relaxed to achieve convergence from 5.0288067195540477e-03 to 5.0288067195540997e-03 seconds.
Warning: Simulation tolerance relaxed to achieve convergence from 5.0288067195540997e-03 to 5.0288067195541309e-03 seconds.
Warning: Simulation tolerance relaxed to achieve convergence from 5.0288067195541309e-03 to 5.0288067195542038e-03 seconds.
Warning: Simulation tolerance relaxed to achieve convergence from 5.0288067195542038e-03 to 5.0288067195542350e-03 seconds.
Warning: Simulation tolerance relaxed to achieve convergence from 5.0288067195542350e-03 to 5.0288067195542662e-03 seconds.
Warning: Simulation tolerance relaxed to achieve convergence from 5.0288067195542662e-03 to 5.0288067195543391e-03 seconds.
Warning: Simulation tolerance relaxed to achieve convergence from 5.0288067195543391e-03 to 5.0288067195543599e-03 seconds.
Warning: Simulation tolerance relaxed to achieve convergence from 5.0288067195543599e-03 to 5.0288067195544328e-03 seconds.
Warning: Simulation tolerance relaxed to achieve convergence from 5.0288067195544328e-03 to 5.0288067195544744e-03 seconds.
Warning: Simulation tolerance relaxed to achieve convergence from 5.0288067195544744e-03 to 5.0288067195545056e-03 seconds.
Warning: Simulation tolerance relaxed to achieve convergence from 5.0288067195545056e-03 to 5.0288067195545889e-03 seconds.
Warning: Simulation tolerance relaxed to achieve convergence from 5.0288067195545889e-03 to 5.0288067195546097e-03 seconds.
Warning: Simulation tolerance relaxed to achieve convergence from 5.0288067195546097e-03 to 5.0288067195546514e-03 seconds.
Warning: Simulation tolerance relaxed to achieve convergence from 5.0288067195546514e-03 to 5.0288067195546930e-03 seconds.
Warning: Simulation tolerance relaxed to achieve convergence from 5.0288067195546930e-03 to 5.0288067195547346e-03 seconds.
Warning: Simulation tolerance relaxed to achieve convergence from 5.0288067195547346e-03 to 5.0288067195547450e-03 seconds.
Warning: Simulation tolerance relaxed to achieve convergence from 5.0288067195547450e-03 to 5.0288067195547763e-03 seconds.
Warning: Simulation tolerance relaxed to achieve convergence from 5.0288067195547763e-03 to 5.0288067195548387e-03 seconds.
Warning: Simulation tolerance relaxed to achieve convergence from 5.0288067195548387e-03 to 5.0288067195548491e-03 seconds.
Warning: Simulation tolerance relaxed to achieve convergence from 5.0288067195548491e-03 to 5.0288067195549012e-03 seconds.
Warning: Simulation tolerance relaxed to achieve convergence from 5.0288067195549012e-03 to 5.0288067195549220e-03 seconds.
Warning: Simulation tolerance relaxed to achieve convergence from 5.0288067195549220e-03 to 5.0288067195549428e-03 seconds.
Warning: Simulation tolerance relaxed to achieve convergence from 5.0288067195549428e-03 to 5.0288067195549532e-03 seconds.
Warning: Simulation tolerance relaxed to achieve convergence from 5.0288067195549532e-03 to 5.0288067195550365e-03 seconds.
Warning: Simulation tolerance relaxed to achieve convergence from 5.0288067195550365e-03 to 5.0288067195550469e-03 seconds.
Warning: Simulation tolerance relaxed to achieve convergence from 5.0288067195550469e-03 to 5.0288067195550677e-03 seconds.
Warning: Simulation tolerance relaxed to achieve convergence from 5.0288067195550677e-03 to 5.0288067195550885e-03 seconds.
Warning: Simulation tolerance relaxed to achieve convergence from 5.0288067195550885e-03 to 5.0288067195551093e-03 seconds.
Warning: Simulation tolerance relaxed to achieve convergence from 5.0288067195551093e-03 to 5.0288067195551926e-03 seconds.
Warning: Simulation tolerance relaxed to achieve convergence from 5.0288067195551926e-03 to 5.0288067195552238e-03 seconds.
Warning: Simulation tolerance relaxed to achieve convergence from 5.0288067195552238e-03 to 5.0288067195552967e-03 seconds.
Warning: Simulation tolerance relaxed to achieve convergence from 5.0288067195552967e-03 to 5.0288067195553175e-03 seconds.
Warning: Simulation tolerance relaxed to achieve convergence from 5.0288067195553175e-03 to 5.0288067195553383e-03 seconds.
Warning: Simulation tolerance relaxed to achieve convergence from 5.0288067195553383e-03 to 5.0288067195553487e-03 seconds.
Warning: Simulation tolerance relaxed to achieve convergence from 5.0288067195553487e-03 to 5.0288067195554008e-03 seconds.
Warning: Simulation tolerance relaxed to achieve convergence from 5.0288067195554008e-03 to 5.0288067195554528e-03 seconds.
Warning: Simulation tolerance relaxed to achieve convergence from 5.0288067195554528e-03 to 5.0288067195554736e-03 seconds.
Warning: Simulation tolerance relaxed to achieve convergence from 5.0288067195554736e-03 to 5.0288067195555257e-03 seconds.
Warning: Simulation tolerance relaxed to achieve convergence from 5.0288067195555257e-03 to 5.0288067195555777e-03 seconds.
Warning: Simulation tolerance relaxed to achieve convergence from 5.0288067195555777e-03 to 5.0288067195556089e-03 seconds.
Warning: Simulation tolerance relaxed to achieve convergence from 5.0288067195556089e-03 to 5.0288067195556610e-03 seconds.
Warning: Simulation tolerance relaxed to achieve convergence from 5.0288067195556610e-03 to 5.0288067195556714e-03 seconds.
Warning: Simulation tolerance relaxed to achieve convergence from 5.0288067195556714e-03 to 5.0288067195556922e-03 seconds.
Warning: Simulation tolerance relaxed to achieve convergence from 5.0288067195556922e-03 to 5.0288067195557130e-03 seconds.
Warning: Simulation tolerance relaxed to achieve convergence from 5.0288067195557130e-03 to 5.0288067195557546e-03 seconds.
Warning: Simulation tolerance relaxed to achieve convergence from 5.0288067195557546e-03 to 5.0288067195557650e-03 seconds.
Warning: Simulation tolerance relaxed to achieve convergence from 5.0288067195557650e-03 to 5.0288067195557859e-03 seconds.
Warning: Simulation tolerance relaxed to achieve convergence from 5.0288067195557859e-03 to 5.0288067195558067e-03 seconds.
Warning: Simulation tolerance relaxed to achieve convergence from 5.0288067195558067e-03 to 5.0288067195558899e-03 seconds.
Warning: Simulation tolerance relaxed to achieve convergence from 5.0288067195558899e-03 to 5.0288067195559420e-03 seconds.
Warning: Simulation tolerance relaxed to achieve convergence from 5.0288067195559420e-03 to 5.0288067195560148e-03 seconds.
Warning: Simulation tolerance relaxed to achieve convergence from 5.0288067195560148e-03 to 5.0288067195560461e-03 seconds.
Warning: Simulation tolerance relaxed to achieve convergence from 5.0288067195560461e-03 to 5.0288067195560669e-03 seconds.
Warning: Simulation tolerance relaxed to achieve convergence from 5.0288067195560669e-03 to 5.0288067195560877e-03 seconds.
Warning: Simulation tolerance relaxed to achieve convergence from 5.0288067195560981e-03 to 5.0288067195561085e-03 seconds.
Warning: Simulation tolerance relaxed to achieve convergence from 5.0288067195561189e-03 to 5.0288067195561606e-03 seconds.
Warning: Simulation tolerance relaxed to achieve convergence from 5.0288067195561606e-03 to 5.0288067195562438e-03 seconds.
Warning: Simulation tolerance relaxed to achieve convergence from 5.0288067195562438e-03 to 5.0288067195562959e-03 seconds.
Warning: Simulation tolerance relaxed to achieve convergence from 5.0288067195562959e-03 to 5.0288067195563167e-03 seconds.
Warning: Simulation tolerance relaxed to achieve convergence from 5.0288067195563167e-03 to 5.0288067195563479e-03 seconds.
Warning: Simulation tolerance relaxed to achieve convergence from 5.0288067195563479e-03 to 5.0288067195563687e-03 seconds.
Warning: Simulation tolerance relaxed to achieve convergence from 5.0288067195563687e-03 to 5.0288067195564208e-03 seconds.
Warning: Simulation tolerance relaxed to achieve convergence from 5.0288067195564208e-03 to 5.0288067195564728e-03 seconds.
Warning: Simulation tolerance relaxed to achieve convergence from 5.0288067195564728e-03 to 5.0288067195564936e-03 seconds.
Warning: Simulation tolerance relaxed to achieve convergence from 5.0288067195564936e-03 to 5.0288067195565561e-03 seconds.
Warning: Simulation tolerance relaxed to achieve convergence from 5.0288067195565561e-03 to 5.0288067195565873e-03 seconds.
Warning: Simulation tolerance relaxed to achieve convergence from 5.0288067195565873e-03 to 5.0288067195566498e-03 seconds.
Warning: Simulation tolerance relaxed to achieve convergence from 5.0288067195566498e-03 to 5.0288067195567018e-03 seconds.
Warning: Simulation tolerance relaxed to achieve convergence from 5.0288067195567018e-03 to 5.0288067195567642e-03 seconds.
Warning: Simulation tolerance relaxed to achieve convergence from 5.0288067195567642e-03 to 5.0288067195567851e-03 seconds.
Warning: Simulation tolerance relaxed to achieve convergence from 5.0288067195567851e-03 to 5.0288067195568267e-03 seconds.
Warning: Simulation tolerance relaxed to achieve convergence from 5.0288067195568267e-03 to 5.0288067195568475e-03 seconds.
Warning: Simulation tolerance relaxed to achieve convergence from 5.0288067195568475e-03 to 5.0288067195568891e-03 seconds.
Warning: Simulation tolerance relaxed to achieve convergence from 5.0288067195568891e-03 to 5.0288067195569100e-03 seconds.
Warning: Simulation tolerance relaxed to achieve convergence from 5.0288067195569100e-03 to 5.0288067195569724e-03 seconds.
Warning: Simulation tolerance relaxed to achieve convergence from 5.0288067195569724e-03 to 5.0288067195569828e-03 seconds.
Warning: Simulation tolerance relaxed to achieve convergence from 5.0288067195569828e-03 to 5.0288067195569932e-03 seconds.
Warning: Simulation tolerance relaxed to achieve convergence from 5.0288067195569932e-03 to 5.0288067195570140e-03 seconds.
Warning: Simulation tolerance relaxed to achieve convergence from 5.0288067195570140e-03 to 5.0288067195570349e-03 seconds.
Warning: Simulation tolerance relaxed to achieve convergence from 5.0288067195570349e-03 to 5.0288067195571077e-03 seconds.
Warning: Simulation tolerance relaxed to achieve convergence from 5.0288067195571077e-03 to 5.0288067195571285e-03 seconds.
Warning: Simulation tolerance relaxed to achieve convergence from 5.0288067195571285e-03 to 5.0288067195571598e-03 seconds.
Warning: Simulation tolerance relaxed to achieve convergence from 5.0288067195571598e-03 to 5.0288067195572118e-03 seconds.
Warning: Simulation tolerance relaxed to achieve convergence from 5.0288067195572118e-03 to 5.0288067195572638e-03 seconds.
Warning: Simulation tolerance relaxed to achieve convergence from 5.0288067195572638e-03 to 5.0288067195573263e-03 seconds.
Warning: Simulation tolerance relaxed to achieve convergence from 5.0288067195573263e-03 to 5.0288067195573367e-03 seconds.
Warning: Simulation tolerance relaxed to achieve convergence from 5.0288067195573367e-03 to 5.0288067195573575e-03 seconds.
Warning: Simulation tolerance relaxed to achieve convergence from 5.0288067195573575e-03 to 5.0288067195573783e-03 seconds.
Warning: Simulation tolerance relaxed to achieve convergence from 5.0288067195573783e-03 to 5.0288067195573992e-03 seconds.
Warning: Simulation tolerance relaxed to achieve convergence from 5.0288067195573992e-03 to 5.0288067195574200e-03 seconds.
Warning: Simulation tolerance relaxed to achieve convergence from 5.0288067195574200e-03 to 5.0288067195574304e-03 seconds.
Warning: Simulation tolerance relaxed to achieve convergence from 5.0288067195574304e-03 to 5.0288067195574408e-03 seconds.
Warning: Simulation tolerance relaxed to achieve convergence from 5.0288067195574408e-03 to 5.0288067195574824e-03 seconds.
Warning: Simulation tolerance relaxed to achieve convergence from 5.0288067195574824e-03 to 5.0288067195575136e-03 seconds.
Warning: Simulation tolerance relaxed to achieve convergence from 5.0288067195575136e-03 to 5.0288067195576281e-03 seconds.
Warning: Simulation tolerance relaxed to achieve convergence from 5.0288067195576281e-03 to 5.0288067195576490e-03 seconds.
Warning: Simulation tolerance relaxed to achieve convergence from 5.0288067195576490e-03 to 5.0288067195576698e-03 seconds.
Warning: Simulation tolerance relaxed to achieve convergence from 5.0288067195576698e-03 to 5.0288067195577530e-03 seconds.
Warning: Simulation tolerance relaxed to achieve convergence from 5.0288067195577530e-03 to 5.0288067195577739e-03 seconds.
Warning: Simulation tolerance relaxed to achieve convergence from 5.0288067195577739e-03 to 5.0288067195577947e-03 seconds.
Warning: Simulation tolerance relaxed to achieve convergence from 5.0288067195577947e-03 to 5.0288067195578571e-03 seconds.
Warning: Simulation tolerance relaxed to achieve convergence from 5.0288067195578571e-03 to 5.0288067195578779e-03 seconds.
Warning: Simulation tolerance relaxed to achieve convergence from 5.0288067195578779e-03 to 5.0288067195578988e-03 seconds.
Warning: Simulation tolerance relaxed to achieve convergence from 5.0288067195578988e-03 to 5.0288067195579404e-03 seconds.
Warning: Simulation tolerance relaxed to achieve convergence from 5.0288067195579404e-03 to 5.0288067195579612e-03 seconds.
Warning: Simulation tolerance relaxed to achieve convergence from 5.0288067195579612e-03 to 5.0288067195579716e-03 seconds.
Warning: Simulation tolerance relaxed to achieve convergence from 5.0288067195579716e-03 to 5.0288067195580237e-03 seconds.
Warning: Simulation tolerance relaxed to achieve convergence from 5.0288067195580237e-03 to 5.0288067195580341e-03 seconds.
Warning: Simulation tolerance relaxed to achieve convergence from 5.0288067195580341e-03 to 5.0288067195580653e-03 seconds.
Warning: Simulation tolerance relaxed to achieve convergence from 5.0288067195580653e-03 to 5.0288067195581173e-03 seconds.
Warning: Simulation tolerance relaxed to achieve convergence from 5.0288067195581173e-03 to 5.0288067195581798e-03 seconds.
Warning: Simulation tolerance relaxed to achieve convergence from 5.0288067195581798e-03 to 5.0288067195582214e-03 seconds.
Warning: Simulation tolerance relaxed to achieve convergence from 5.0288067195582214e-03 to 5.0288067195582422e-03 seconds.
Warning: Simulation tolerance relaxed to achieve convergence from 5.0288067195582422e-03 to 5.0288067195582630e-03 seconds.
Warning: Simulation tolerance relaxed to achieve convergence from 5.0288067195582630e-03 to 5.0288067195583151e-03 seconds.
Warning: Simulation tolerance relaxed to achieve convergence from 5.0288067195583151e-03 to 5.0288067195583359e-03 seconds.
Warning: Simulation tolerance relaxed to achieve convergence from 5.0288067195583463e-03 to 5.0288067195584088e-03 seconds.
Warning: Simulation tolerance relaxed to achieve convergence from 5.0288067195584088e-03 to 5.0288067195584712e-03 seconds.
Warning: Simulation tolerance relaxed to achieve convergence from 5.0288067195584712e-03 to 5.0288067195584920e-03 seconds.
Warning: Simulation tolerance relaxed to achieve convergence from 5.0288067195584920e-03 to 5.0288067195585441e-03 seconds.
Warning: Simulation tolerance relaxed to achieve convergence from 5.0288067195585441e-03 to 5.0288067195585649e-03 seconds.
Warning: Simulation tolerance relaxed to achieve convergence from 5.0288067195585753e-03 to 5.0288067195586377e-03 seconds.
Warning: Simulation tolerance relaxed to achieve convergence from 5.0288067195586377e-03 to 5.0288067195586898e-03 seconds.
Warning: Simulation tolerance relaxed to achieve convergence from 5.0288067195586898e-03 to 5.0288067195587835e-03 seconds.
Warning: Simulation tolerance relaxed to achieve convergence from 5.0288067195587835e-03 to 5.0288067195588043e-03 seconds.
Warning: Simulation tolerance relaxed to achieve convergence from 5.0288067195588043e-03 to 5.0288067195588147e-03 seconds.
Warning: Simulation tolerance relaxed to achieve convergence from 5.0288067195588147e-03 to 5.0288067195588355e-03 seconds.
Warning: Simulation tolerance relaxed to achieve convergence from 5.0288067195588355e-03 to 5.0288067195588667e-03 seconds.
Warning: Simulation tolerance relaxed to achieve convergence from 5.0288067195588667e-03 to 5.0288067195589396e-03 seconds.
Warning: Simulation tolerance relaxed to achieve convergence from 5.0288067195589396e-03 to 5.0288067195589604e-03 seconds.
Warning: Simulation tolerance relaxed to achieve convergence from 5.0288067195589604e-03 to 5.0288067195590124e-03 seconds.
Warning: Simulation tolerance relaxed to achieve convergence from 5.0288067195590124e-03 to 5.0288067195590541e-03 seconds.
Warning: Simulation tolerance relaxed to achieve convergence from 5.0288067195590541e-03 to 5.0288067195591061e-03 seconds.
Warning: Simulation tolerance relaxed to achieve convergence from 5.0288067195591061e-03 to 5.0288067195591269e-03 seconds.
Warning: Simulation tolerance relaxed to achieve convergence from 5.0288067195591269e-03 to 5.0288067195591582e-03 seconds.
Warning: Simulation tolerance relaxed to achieve convergence from 5.0288067195591582e-03 to 5.0288067195592310e-03 seconds.
Warning: Simulation tolerance relaxed to achieve convergence from 5.0288067195592310e-03 to 5.0288067195592831e-03 seconds.
Warning: Simulation tolerance relaxed to achieve convergence from 5.0288067195592831e-03 to 5.0288067195593039e-03 seconds.
Warning: Simulation tolerance relaxed to achieve convergence from 5.0288067195593039e-03 to 5.0288067195593559e-03 seconds.
Warning: Simulation tolerance relaxed to achieve convergence from 5.0288067195593559e-03 to 5.0288067195593976e-03 seconds.
Warning: Simulation tolerance relaxed to achieve convergence from 5.0288067195593976e-03 to 5.0288067195594184e-03 seconds.
Warning: Simulation tolerance relaxed to achieve convergence from 5.0288067195594184e-03 to 5.0288067195594704e-03 seconds.
Warning: Simulation tolerance relaxed to achieve convergence from 5.0288067195594704e-03 to 5.0288067195594912e-03 seconds.
Warning: Simulation tolerance relaxed to achieve convergence from 5.0288067195594912e-03 to 5.0288067195595641e-03 seconds.
Warning: Simulation tolerance relaxed to achieve convergence from 5.0288067195595641e-03 to 5.0288067195595849e-03 seconds.
Warning: Simulation tolerance relaxed to achieve convergence from 5.0288067195595849e-03 to 5.0288067195596057e-03 seconds.
Warning: Simulation tolerance relaxed to achieve convergence from 5.0288067195596057e-03 to 5.0288067195596994e-03 seconds.
Warning: Simulation tolerance relaxed to achieve convergence from 5.0288067195596994e-03 to 5.0288067195597410e-03 seconds.
Warning: Simulation tolerance relaxed to achieve convergence from 5.0288067195597410e-03 to 5.0288067195597618e-03 seconds.
Warning: Simulation tolerance relaxed to achieve convergence from 5.0288067195597618e-03 to 5.0288067195597827e-03 seconds.
Warning: Simulation tolerance relaxed to achieve convergence from 5.0288067195597827e-03 to 5.0288067195598451e-03 seconds.
Warning: Simulation tolerance relaxed to achieve convergence from 5.0288067195598451e-03 to 5.0288067195598763e-03 seconds.
Warning: Simulation tolerance relaxed to achieve convergence from 5.0288067195598763e-03 to 5.0288067195599700e-03 seconds.
Warning: Simulation tolerance relaxed to achieve convergence from 5.0288067195599700e-03 to 5.0288067195599804e-03 seconds.
Warning: Simulation tolerance relaxed to achieve convergence from 5.0288067195599804e-03 to 5.0288067195600012e-03 seconds.
Warning: Simulation tolerance relaxed to achieve convergence from 5.0288067195600012e-03 to 5.0288067195600116e-03 seconds.
Warning: Simulation tolerance relaxed to achieve convergence from 5.0288067195600116e-03 to 5.0288067195600325e-03 seconds.
Warning: Simulation tolerance relaxed to achieve convergence from 5.0288067195600325e-03 to 5.0288067195600429e-03 seconds.
Warning: Simulation tolerance relaxed to achieve convergence from 5.0288067195600429e-03 to 5.0288067195600637e-03 seconds.
Warning: Simulation tolerance relaxed to achieve convergence from 5.0288067195600637e-03 to 5.0288067195600845e-03 seconds.
Warning: Simulation tolerance relaxed to achieve convergence from 5.0288067195600845e-03 to 5.0288067195601053e-03 seconds.
Warning: Simulation tolerance relaxed to achieve convergence from 5.0288067195601053e-03 to 5.0288067195601678e-03 seconds.
Warning: Simulation tolerance relaxed to achieve convergence from 5.0288067195601678e-03 to 5.0288067195601886e-03 seconds.
Warning: Simulation tolerance relaxed to achieve convergence from 5.0288067195601886e-03 to 5.0288067195602198e-03 seconds.
Warning: Simulation tolerance relaxed to achieve convergence from 5.0288067195602198e-03 to 5.0288067195602406e-03 seconds.
Warning: Simulation tolerance relaxed to achieve convergence from 5.0288067195602406e-03 to 5.0288067195602927e-03 seconds.
Warning: Simulation tolerance relaxed to achieve convergence from 5.0288067195602927e-03 to 5.0288067195603551e-03 seconds.
Warning: Simulation tolerance relaxed to achieve convergence from 5.0288067195603551e-03 to 5.0288067195603759e-03 seconds.
Warning: Simulation tolerance relaxed to achieve convergence from 5.0288067195603759e-03 to 5.0288067195603968e-03 seconds.
Warning: Simulation tolerance relaxed to achieve convergence from 5.0288067195603968e-03 to 5.0288067195604488e-03 seconds.
Warning: Simulation tolerance relaxed to achieve convergence from 5.0288067195604488e-03 to 5.0288067195604592e-03 seconds.
Warning: Simulation tolerance relaxed to achieve convergence from 5.0288067195604592e-03 to 5.0288067195604696e-03 seconds.
Warning: Simulation tolerance relaxed to achieve convergence from 5.0288067195604696e-03 to 5.0288067195604904e-03 seconds.
Warning: Simulation tolerance relaxed to achieve convergence from 5.0288067195604904e-03 to 5.0288067195605112e-03 seconds.
Warning: Simulation tolerance relaxed to achieve convergence from 5.0288067195605112e-03 to 5.0288067195605529e-03 seconds.
Warning: Simulation tolerance relaxed to achieve convergence from 5.0288067195605529e-03 to 5.0288067195605737e-03 seconds.
Warning: Simulation tolerance relaxed to achieve convergence from 5.0288067195605737e-03 to 5.0288067195606257e-03 seconds.
Warning: Simulation tolerance relaxed to achieve convergence from 5.0288067195606257e-03 to 5.0288067195606882e-03 seconds.
Warning: Simulation tolerance relaxed to achieve convergence from 5.0288067195606882e-03 to 5.0288067195607194e-03 seconds.
Warning: Simulation tolerance relaxed to achieve convergence from 5.0288067195607194e-03 to 5.0288067195607298e-03 seconds.
Warning: Simulation tolerance relaxed to achieve convergence from 5.0288067195607298e-03 to 5.0288067195607923e-03 seconds.
Warning: Simulation tolerance relaxed to achieve convergence from 5.0288067195607923e-03 to 5.0288067195608131e-03 seconds.
Warning: Simulation tolerance relaxed to achieve convergence from 5.0288067195608131e-03 to 5.0288067195608651e-03 seconds.
Warning: Simulation tolerance relaxed to achieve convergence from 5.0288067195608651e-03 to 5.0288067195609172e-03 seconds.
Warning: Simulation tolerance relaxed to achieve convergence from 5.0288067195609172e-03 to 5.0288067195609380e-03 seconds.
Warning: Simulation tolerance relaxed to achieve convergence from 5.0288067195609380e-03 to 5.0288067195610109e-03 seconds.
Warning: Simulation tolerance relaxed to achieve convergence from 5.0288067195610109e-03 to 5.0288067195610317e-03 seconds.
Warning: Simulation tolerance relaxed to achieve convergence from 5.0288067195610317e-03 to 5.0288067195610941e-03 seconds.
Warning: Simulation tolerance relaxed to achieve convergence from 5.0288067195610941e-03 to 5.0288067195611149e-03 seconds.
Warning: Simulation tolerance relaxed to achieve convergence from 5.0288067195611149e-03 to 5.0288067195611358e-03 seconds.
Warning: Simulation tolerance relaxed to achieve convergence from 5.0288067195611358e-03 to 5.0288067195611982e-03 seconds.
Warning: Simulation tolerance relaxed to achieve convergence from 5.0288067195611982e-03 to 5.0288067195612502e-03 seconds.
Warning: Simulation tolerance relaxed to achieve convergence from 5.0288067195612502e-03 to 5.0288067195612607e-03 seconds.
Warning: Simulation tolerance relaxed to achieve convergence from 5.0288067195612607e-03 to 5.0288067195612711e-03 seconds.
Warning: Simulation tolerance relaxed to achieve convergence from 5.0288067195612711e-03 to 5.0288067195613023e-03 seconds.
Warning: Simulation tolerance relaxed to achieve convergence from 5.0288067195613023e-03 to 5.0288067195613231e-03 seconds.
Warning: Simulation tolerance relaxed to achieve convergence from 5.0288067195613231e-03 to 5.0288067195613751e-03 seconds.
Warning: Simulation tolerance relaxed to achieve convergence from 5.0288067195613751e-03 to 5.0288067195613960e-03 seconds.
Warning: Simulation tolerance relaxed to achieve convergence from 5.0288067195613960e-03 to 5.0288067195614480e-03 seconds.
Warning: Simulation tolerance relaxed to achieve convergence from 5.0288067195614480e-03 to 5.0288067195614688e-03 seconds.
Warning: Simulation tolerance relaxed to achieve convergence from 5.0288067195614688e-03 to 5.0288067195615105e-03 seconds.
Warning: Simulation tolerance relaxed to achieve convergence from 5.0288067195615105e-03 to 5.0288067195615625e-03 seconds.
Warning: Simulation tolerance relaxed to achieve convergence from 5.0288067195615625e-03 to 5.0288067195615833e-03 seconds.
Warning: Simulation tolerance relaxed to achieve convergence from 5.0288067195615833e-03 to 5.0288067195616041e-03 seconds.
Warning: Simulation tolerance relaxed to achieve convergence from 5.0288067195616041e-03 to 5.0288067195616666e-03 seconds.
Warning: Simulation tolerance relaxed to achieve convergence from 5.0288067195616666e-03 to 5.0288067195616978e-03 seconds.
Warning: Simulation tolerance relaxed to achieve convergence from 5.0288067195616978e-03 to 5.0288067195617603e-03 seconds.
Warning: Simulation tolerance relaxed to achieve convergence from 5.0288067195617603e-03 to 5.0288067195618227e-03 seconds.
Warning: Simulation tolerance relaxed to achieve convergence from 5.0288067195618227e-03 to 5.0288067195618747e-03 seconds.
Warning: Simulation tolerance relaxed to achieve convergence from 5.0288067195618747e-03 to 5.0288067195618956e-03 seconds.
Warning: Simulation tolerance relaxed to achieve convergence from 5.0288067195618956e-03 to 5.0288067195619164e-03 seconds.
Warning: Simulation tolerance relaxed to achieve convergence from 5.0288067195619164e-03 to 5.0288067195619372e-03 seconds.
Warning: Simulation tolerance relaxed to achieve convergence from 5.0288067195619476e-03 to 5.0288067195619892e-03 seconds.
Warning: Simulation tolerance relaxed to achieve convergence from 5.0288067195619892e-03 to 5.0288067195620621e-03 seconds.
Warning: Simulation tolerance relaxed to achieve convergence from 5.0288067195620621e-03 to 5.0288067195620725e-03 seconds.
Warning: Simulation tolerance relaxed to achieve convergence from 5.0288067195620725e-03 to 5.0288067195621037e-03 seconds.
Warning: Simulation tolerance relaxed to achieve convergence from 5.0288067195621037e-03 to 5.0288067195621766e-03 seconds.
Warning: Simulation tolerance relaxed to achieve convergence from 5.0288067195621766e-03 to 5.0288067195621974e-03 seconds.
Warning: Simulation tolerance relaxed to achieve convergence from 5.0288067195621974e-03 to 5.0288067195622599e-03 seconds.
Warning: Simulation tolerance relaxed to achieve convergence from 5.0288067195622599e-03 to 5.0288067195622703e-03 seconds.
Warning: Simulation tolerance relaxed to achieve convergence from 5.0288067195622703e-03 to 5.0288067195623015e-03 seconds.
Warning: Simulation tolerance relaxed to achieve convergence from 5.0288067195623015e-03 to 5.0288067195623848e-03 seconds.
Warning: Simulation tolerance relaxed to achieve convergence from 5.0288067195623848e-03 to 5.0288067195623952e-03 seconds.
Warning: Simulation tolerance relaxed to achieve convergence from 5.0288067195623952e-03 to 5.0288067195624160e-03 seconds.
Warning: Simulation tolerance relaxed to achieve convergence from 5.0288067195624160e-03 to 5.0288067195624680e-03 seconds.
Warning: Simulation tolerance relaxed to achieve convergence from 5.0288067195624680e-03 to 5.0288067195625409e-03 seconds.
Warning: Simulation tolerance relaxed to achieve convergence from 5.0288067195625409e-03 to 5.0288067195625513e-03 seconds.
Warning: Simulation tolerance relaxed to achieve convergence from 5.0288067195625513e-03 to 5.0288067195625617e-03 seconds.
Warning: Simulation tolerance relaxed to achieve convergence from 5.0288067195625617e-03 to 5.0288067195625825e-03 seconds.
Warning: Simulation tolerance relaxed to achieve convergence from 5.0288067195625825e-03 to 5.0288067195626033e-03 seconds.
Warning: Simulation tolerance relaxed to achieve convergence from 5.0288067195626033e-03 to 5.0288067195626554e-03 seconds.
Warning: Simulation tolerance relaxed to achieve convergence from 5.0288067195626554e-03 to 5.0288067195626762e-03 seconds.
Warning: Simulation tolerance relaxed to achieve convergence from 5.0288067195626762e-03 to 5.0288067195627282e-03 seconds.
Warning: Simulation tolerance relaxed to achieve convergence from 5.0288067195627282e-03 to 5.0288067195627386e-03 seconds.
Warning: Simulation tolerance relaxed to achieve convergence from 5.0288067195627386e-03 to 5.0288067195627595e-03 seconds.
Warning: Simulation tolerance relaxed to achieve convergence from 5.0288067195627595e-03 to 5.0288067195627803e-03 seconds.
Warning: Simulation tolerance relaxed to achieve convergence from 5.0288067195627803e-03 to 5.0288067195627907e-03 seconds.
Warning: Simulation tolerance relaxed to achieve convergence from 5.0288067195627907e-03 to 5.0288067195628115e-03 seconds.
Warning: Simulation tolerance relaxed to achieve convergence from 5.0288067195628115e-03 to 5.0288067195628219e-03 seconds.
Warning: Simulation tolerance relaxed to achieve convergence from 5.0288067195628219e-03 to 5.0288067195628427e-03 seconds.
Warning: Simulation tolerance relaxed to achieve convergence from 5.0288067195628427e-03 to 5.0288067195628635e-03 seconds.
Warning: Simulation tolerance relaxed to achieve convergence from 5.0288067195628635e-03 to 5.0288067195629260e-03 seconds.
Warning: Simulation tolerance relaxed to achieve convergence from 5.0288067195629260e-03 to 5.0288067195629572e-03 seconds.
Warning: Simulation tolerance relaxed to achieve convergence from 5.0288067195629572e-03 to 5.0288067195630197e-03 seconds.
Warning: Simulation tolerance relaxed to achieve convergence from 5.0288067195630197e-03 to 5.0288067195630613e-03 seconds.
Warning: Simulation tolerance relaxed to achieve convergence from 5.0288067195630613e-03 to 5.0288067195630821e-03 seconds.
Warning: Simulation tolerance relaxed to achieve convergence from 5.0288067195630821e-03 to 5.0288067195631133e-03 seconds.
Warning: Simulation tolerance relaxed to achieve convergence from 5.0288067195631133e-03 to 5.0288067195631550e-03 seconds.
Warning: Simulation tolerance relaxed to achieve convergence from 5.0288067195631550e-03 to 5.0288067195631758e-03 seconds.
Warning: Simulation tolerance relaxed to achieve convergence from 5.0288067195631758e-03 to 5.0288067195631862e-03 seconds.
Warning: Simulation tolerance relaxed to achieve convergence from 5.0288067195631862e-03 to 5.0288067195632174e-03 seconds.
Warning: Simulation tolerance relaxed to achieve convergence from 5.0288067195632174e-03 to 5.0288067195632903e-03 seconds.
Warning: Simulation tolerance relaxed to achieve convergence from 5.0288067195632903e-03 to 5.0288067195633527e-03 seconds.
Warning: Simulation tolerance relaxed to achieve convergence from 5.0288067195633527e-03 to 5.0288067195633944e-03 seconds.
Warning: Simulation tolerance relaxed to achieve convergence from 5.0288067195633944e-03 to 5.0288067195634152e-03 seconds.
Warning: Simulation tolerance relaxed to achieve convergence from 5.0288067195634152e-03 to 5.0288067195634256e-03 seconds.
Warning: Simulation tolerance relaxed to achieve convergence from 5.0288067195634256e-03 to 5.0288067195634776e-03 seconds.
Warning: Simulation tolerance relaxed to achieve convergence from 5.0288067195634776e-03 to 5.0288067195634880e-03 seconds.
Warning: Simulation tolerance relaxed to achieve convergence from 5.0288067195634880e-03 to 5.0288067195635089e-03 seconds.
Warning: Simulation tolerance relaxed to achieve convergence from 5.0288067195635089e-03 to 5.0288067195635401e-03 seconds.
Warning: Simulation tolerance relaxed to achieve convergence from 5.0288067195635401e-03 to 5.0288067195636338e-03 seconds.
Warning: Simulation tolerance relaxed to achieve convergence from 5.0288067195636338e-03 to 5.0288067195636754e-03 seconds.
Warning: Simulation tolerance relaxed to achieve convergence from 5.0288067195636754e-03 to 5.0288067195636858e-03 seconds.
Warning: Simulation tolerance relaxed to achieve convergence from 5.0288067195636858e-03 to 5.0288067195636962e-03 seconds.
Warning: Simulation tolerance relaxed to achieve convergence from 5.0288067195636962e-03 to 5.0288067195637170e-03 seconds.
Warning: Simulation tolerance relaxed to achieve convergence from 5.0288067195637170e-03 to 5.0288067195637378e-03 seconds.
Warning: Simulation tolerance relaxed to achieve convergence from 5.0288067195637378e-03 to 5.0288067195637899e-03 seconds.
Warning: Simulation tolerance relaxed to achieve convergence from 5.0288067195637899e-03 to 5.0288067195638419e-03 seconds.
Warning: Simulation tolerance relaxed to achieve convergence from 5.0288067195638419e-03 to 5.0288067195638940e-03 seconds.
Warning: Simulation tolerance relaxed to achieve convergence from 5.0288067195638940e-03 to 5.0288067195639148e-03 seconds.
Warning: Simulation tolerance relaxed to achieve convergence from 5.0288067195639148e-03 to 5.0288067195639564e-03 seconds.
Warning: Simulation tolerance relaxed to achieve convergence from 5.0288067195639564e-03 to 5.0288067195639668e-03 seconds.
Warning: Simulation tolerance relaxed to achieve convergence from 5.0288067195639668e-03 to 5.0288067195639876e-03 seconds.
Warning: Simulation tolerance relaxed to achieve convergence from 5.0288067195639876e-03 to 5.0288067195640189e-03 seconds.
Warning: Simulation tolerance relaxed to achieve convergence from 5.0288067195640189e-03 to 5.0288067195640813e-03 seconds.
Warning: Simulation tolerance relaxed to achieve convergence from 5.0288067195640813e-03 to 5.0288067195641334e-03 seconds.
Warning: Simulation tolerance relaxed to achieve convergence from 5.0288067195641334e-03 to 5.0288067195641542e-03 seconds.
Warning: Simulation tolerance relaxed to achieve convergence from 5.0288067195641542e-03 to 5.0288067195641958e-03 seconds.
Warning: Simulation tolerance relaxed to achieve convergence from 5.0288067195641958e-03 to 5.0288067195642478e-03 seconds.
Warning: Simulation tolerance relaxed to achieve convergence from 5.0288067195642478e-03 to 5.0288067195642583e-03 seconds.
Warning: Simulation tolerance relaxed to achieve convergence from 5.0288067195642583e-03 to 5.0288067195642791e-03 seconds.
Warning: Simulation tolerance relaxed to achieve convergence from 5.0288067195642791e-03 to 5.0288067195643207e-03 seconds.
Warning: Simulation tolerance relaxed to achieve convergence from 5.0288067195643207e-03 to 5.0288067195643519e-03 seconds.
Warning: Simulation tolerance relaxed to achieve convergence from 5.0288067195643519e-03 to 5.0288067195644248e-03 seconds.
Warning: Simulation tolerance relaxed to achieve convergence from 5.0288067195644248e-03 to 5.0288067195644352e-03 seconds.
Warning: Simulation tolerance relaxed to achieve convergence from 5.0288067195644352e-03 to 5.0288067195644560e-03 seconds.
Warning: Simulation tolerance relaxed to achieve convergence from 5.0288067195644560e-03 to 5.0288067195644872e-03 seconds.
Warning: Simulation tolerance relaxed to achieve convergence from 5.0288067195644872e-03 to 5.0288067195645497e-03 seconds.
Warning: Simulation tolerance relaxed to achieve convergence from 5.0288067195645497e-03 to 5.0288067195645913e-03 seconds.
Warning: Simulation tolerance relaxed to achieve convergence from 5.0288067195645913e-03 to 5.0288067195646017e-03 seconds.
Warning: Simulation tolerance relaxed to achieve convergence from 5.0288067195646017e-03 to 5.0288067195646225e-03 seconds.
Warning: Simulation tolerance relaxed to achieve convergence from 5.0288067195646225e-03 to 5.0288067195646642e-03 seconds.
Warning: Simulation tolerance relaxed to achieve convergence from 5.0288067195646642e-03 to 5.0288067195647058e-03 seconds.
Warning: Simulation tolerance relaxed to achieve convergence from 5.0288067195647058e-03 to 5.0288067195647266e-03 seconds.
Warning: Simulation tolerance relaxed to achieve convergence from 5.0288067195647266e-03 to 5.0288067195647683e-03 seconds.
Warning: Simulation tolerance relaxed to achieve convergence from 5.0288067195647683e-03 to 5.0288067195647787e-03 seconds.
Warning: Simulation tolerance relaxed to achieve convergence from 5.0288067195647787e-03 to 5.0288067195647995e-03 seconds.
Warning: Simulation tolerance relaxed to achieve convergence from 5.0288067195647995e-03 to 5.0288067195648203e-03 seconds.
Warning: Simulation tolerance relaxed to achieve convergence from 5.0288067195648203e-03 to 5.0288067195648411e-03 seconds.
Warning: Simulation tolerance relaxed to achieve convergence from 5.0288067195648411e-03 to 5.0288067195648932e-03 seconds.
Warning: Simulation tolerance relaxed to achieve convergence from 5.0288067195648932e-03 to 5.0288067195649140e-03 seconds.
Warning: Simulation tolerance relaxed to achieve convergence from 5.0288067195649140e-03 to 5.0288067195649348e-03 seconds.
Warning: Simulation tolerance relaxed to achieve convergence from 5.0288067195649348e-03 to 5.0288067195649556e-03 seconds.
Warning: Simulation tolerance relaxed to achieve convergence from 5.0288067195649556e-03 to 5.0288067195650181e-03 seconds.
Warning: Simulation tolerance relaxed to achieve convergence from 5.0288067195650181e-03 to 5.0288067195650389e-03 seconds.
Warning: Simulation tolerance relaxed to achieve convergence from 5.0288067195650389e-03 to 5.0288067195651117e-03 seconds.
Warning: Simulation tolerance relaxed to achieve convergence from 5.0288067195651117e-03 to 5.0288067195651326e-03 seconds.
Warning: Simulation tolerance relaxed to achieve convergence from 5.0288067195651326e-03 to 5.0288067195652054e-03 seconds.
Warning: Simulation tolerance relaxed to achieve convergence from 5.0288067195652054e-03 to 5.0288067195652575e-03 seconds.
Warning: Simulation tolerance relaxed to achieve convergence from 5.0288067195652575e-03 to 5.0288067195652679e-03 seconds.
Warning: Simulation tolerance relaxed to achieve convergence from 5.0288067195652679e-03 to 5.0288067195652783e-03 seconds.
Warning: Simulation tolerance relaxed to achieve convergence from 5.0288067195652783e-03 to 5.0288067195652887e-03 seconds.
Warning: Simulation tolerance relaxed to achieve convergence from 5.0288067195652887e-03 to 5.0288067195653095e-03 seconds.
Warning: Simulation tolerance relaxed to achieve convergence from 5.0288067195653095e-03 to 5.0288067195653511e-03 seconds.
Warning: Simulation tolerance relaxed to achieve convergence from 5.0288067195653511e-03 to 5.0288067195654032e-03 seconds.
Warning: Simulation tolerance relaxed to achieve convergence from 5.0288067195654032e-03 to 5.0288067195654448e-03 seconds.
Warning: Simulation tolerance relaxed to achieve convergence from 5.0288067195654448e-03 to 5.0288067195654656e-03 seconds.
Warning: Simulation tolerance relaxed to achieve convergence from 5.0288067195654656e-03 to 5.0288067195655177e-03 seconds.
Warning: Simulation tolerance relaxed to achieve convergence from 5.0288067195655177e-03 to 5.0288067195655801e-03 seconds.
Warning: Simulation tolerance relaxed to achieve convergence from 5.0288067195655801e-03 to 5.0288067195656009e-03 seconds.
Warning: Simulation tolerance relaxed to achieve convergence from 5.0288067195656009e-03 to 5.0288067195657050e-03 seconds.
Warning: Simulation tolerance relaxed to achieve convergence from 5.0288067195657050e-03 to 5.0288067195657258e-03 seconds.
Warning: Simulation tolerance relaxed to achieve convergence from 5.0288067195657258e-03 to 5.0288067195657362e-03 seconds.
Warning: Simulation tolerance relaxed to achieve convergence from 5.0288067195657362e-03 to 5.0288067195657571e-03 seconds.
Warning: Simulation tolerance relaxed to achieve convergence from 5.0288067195657571e-03 to 5.0288067195657779e-03 seconds.
Warning: Simulation tolerance relaxed to achieve convergence from 5.0288067195657779e-03 to 5.0288067195657987e-03 seconds.
Warning: Simulation tolerance relaxed to achieve convergence from 5.0288067195657987e-03 to 5.0288067195658091e-03 seconds.
Warning: Simulation tolerance relaxed to achieve convergence from 5.0288067195658091e-03 to 5.0288067195658611e-03 seconds.
Warning: Simulation tolerance relaxed to achieve convergence from 5.0288067195658611e-03 to 5.0288067195658820e-03 seconds.
Warning: Simulation tolerance relaxed to achieve convergence from 5.0288067195658820e-03 to 5.0288067195659444e-03 seconds.
Warning: Simulation tolerance relaxed to achieve convergence from 5.0288067195659444e-03 to 5.0288067195659652e-03 seconds.
Warning: Simulation tolerance relaxed to achieve convergence from 5.0288067195659652e-03 to 5.0288067195660381e-03 seconds.
Warning: Simulation tolerance relaxed to achieve convergence from 5.0288067195660381e-03 to 5.0288067195660693e-03 seconds.
Warning: Simulation tolerance relaxed to achieve convergence from 5.0288067195660693e-03 to 5.0288067195661005e-03 seconds.
Warning: Simulation tolerance relaxed to achieve convergence from 5.0288067195661005e-03 to 5.0288067195661838e-03 seconds.
Warning: Simulation tolerance relaxed to achieve convergence from 5.0288067195661838e-03 to 5.0288067195662358e-03 seconds.
Warning: Simulation tolerance relaxed to achieve convergence from 5.0288067195662358e-03 to 5.0288067195662983e-03 seconds.
Warning: Simulation tolerance relaxed to achieve convergence from 5.0288067195662983e-03 to 5.0288067195663399e-03 seconds.
Warning: Simulation tolerance relaxed to achieve convergence from 5.0288067195663399e-03 to 5.0288067195663920e-03 seconds.
Warning: Simulation tolerance relaxed to achieve convergence from 5.0288067195663920e-03 to 5.0288067195664440e-03 seconds.
Warning: Simulation tolerance relaxed to achieve convergence from 5.0288067195664440e-03 to 5.0288067195664544e-03 seconds.
Warning: Simulation tolerance relaxed to achieve convergence from 5.0288067195664544e-03 to 5.0288067195664752e-03 seconds.
Warning: Simulation tolerance relaxed to achieve convergence from 5.0288067195664752e-03 to 5.0288067195664856e-03 seconds.
Warning: Simulation tolerance relaxed to achieve convergence from 5.0288067195664856e-03 to 5.0288067195665169e-03 seconds.
Warning: Simulation tolerance relaxed to achieve convergence from 5.0288067195665169e-03 to 5.0288067195665689e-03 seconds.
Warning: Simulation tolerance relaxed to achieve convergence from 5.0288067195665689e-03 to 5.0288067195666001e-03 seconds.
Warning: Simulation tolerance relaxed to achieve convergence from 5.0288067195666001e-03 to 5.0288067195666522e-03 seconds.
Warning: Simulation tolerance relaxed to achieve convergence from 5.0288067195666522e-03 to 5.0288067195667250e-03 seconds.
Warning: Simulation tolerance relaxed to achieve convergence from 5.0288067195667250e-03 to 5.0288067195667875e-03 seconds.
Warning: Simulation tolerance relaxed to achieve convergence from 5.0288067195667875e-03 to 5.0288067195668395e-03 seconds.
Warning: Simulation tolerance relaxed to achieve convergence from 5.0288067195668395e-03 to 5.0288067195668499e-03 seconds.
Warning: Simulation tolerance relaxed to achieve convergence from 5.0288067195668499e-03 to 5.0288067195668603e-03 seconds.
Warning: Simulation tolerance relaxed to achieve convergence from 5.0288067195668603e-03 to 5.0288067195668812e-03 seconds.
Warning: Simulation tolerance relaxed to achieve convergence from 5.0288067195668812e-03 to 5.0288067195669124e-03 seconds.
Warning: Simulation tolerance relaxed to achieve convergence from 5.0288067195669124e-03 to 5.0288067195669332e-03 seconds.
Warning: Simulation tolerance relaxed to achieve convergence from 5.0288067195669436e-03 to 5.0288067195670373e-03 seconds.
Warning: Simulation tolerance relaxed to achieve convergence from 5.0288067195670373e-03 to 5.0288067195671101e-03 seconds.
Warning: Simulation tolerance relaxed to achieve convergence from 5.0288067195671101e-03 to 5.0288067195671310e-03 seconds.
Warning: Simulation tolerance relaxed to achieve convergence from 5.0288067195671310e-03 to 5.0288067195671622e-03 seconds.
Warning: Simulation tolerance relaxed to achieve convergence from 5.0288067195671622e-03 to 5.0288067195671934e-03 seconds.
Warning: Simulation tolerance relaxed to achieve convergence from 5.0288067195671934e-03 to 5.0288067195672454e-03 seconds.
Warning: Simulation tolerance relaxed to achieve convergence from 5.0288067195672454e-03 to 5.0288067195673391e-03 seconds.
Warning: Simulation tolerance relaxed to achieve convergence from 5.0288067195673391e-03 to 5.0288067195673495e-03 seconds.
Warning: Simulation tolerance relaxed to achieve convergence from 5.0288067195673495e-03 to 5.0288067195673599e-03 seconds.
Warning: Simulation tolerance relaxed to achieve convergence from 5.0288067195673599e-03 to 5.0288067195673703e-03 seconds.
Warning: Simulation tolerance relaxed to achieve convergence from 5.0288067195673703e-03 to 5.0288067195673808e-03 seconds.
Warning: Simulation tolerance relaxed to achieve convergence from 5.0288067195673808e-03 to 5.0288067195674016e-03 seconds.
Warning: Simulation tolerance relaxed to achieve convergence from 5.0288067195674016e-03 to 5.0288067195674120e-03 seconds.
Warning: Simulation tolerance relaxed to achieve convergence from 5.0288067195674120e-03 to 5.0288067195674432e-03 seconds.
Warning: Simulation tolerance relaxed to achieve convergence from 5.0288067195674432e-03 to 5.0288067195674952e-03 seconds.
Warning: Simulation tolerance relaxed to achieve convergence from 5.0288067195674952e-03 to 5.0288067195675057e-03 seconds.
Warning: Simulation tolerance relaxed to achieve convergence from 5.0288067195675057e-03 to 5.0288067195675161e-03 seconds.
Warning: Simulation tolerance relaxed to achieve convergence from 5.0288067195675161e-03 to 5.0288067195675369e-03 seconds.
Warning: Simulation tolerance relaxed to achieve convergence from 5.0288067195675369e-03 to 5.0288067195675993e-03 seconds.
Warning: Simulation tolerance relaxed to achieve convergence from 5.0288067195675993e-03 to 5.0288067195676097e-03 seconds.
Warning: Simulation tolerance relaxed to achieve convergence from 5.0288067195676097e-03 to 5.0288067195676201e-03 seconds.
Warning: Simulation tolerance relaxed to achieve convergence from 5.0288067195676201e-03 to 5.0288067195676410e-03 seconds.
Warning: Simulation tolerance relaxed to achieve convergence from 5.0288067195676410e-03 to 5.0288067195677034e-03 seconds.
Warning: Simulation tolerance relaxed to achieve convergence from 5.0288067195677034e-03 to 5.0288067195677138e-03 seconds.
Warning: Simulation tolerance relaxed to achieve convergence from 5.0288067195677138e-03 to 5.0288067195677450e-03 seconds.
Warning: Simulation tolerance relaxed to achieve convergence from 5.0288067195677450e-03 to 5.0288067195678075e-03 seconds.
Warning: Simulation tolerance relaxed to achieve convergence from 5.0288067195678075e-03 to 5.0288067195678283e-03 seconds.
Warning: Simulation tolerance relaxed to achieve convergence from 5.0288067195678283e-03 to 5.0288067195678908e-03 seconds.
Warning: Simulation tolerance relaxed to achieve convergence from 5.0288067195678908e-03 to 5.0288067195679116e-03 seconds.
Warning: Simulation tolerance relaxed to achieve convergence from 5.0288067195679116e-03 to 5.0288067195679532e-03 seconds.
Warning: Simulation tolerance relaxed to achieve convergence from 5.0288067195679532e-03 to 5.0288067195679740e-03 seconds.
Warning: Simulation tolerance relaxed to achieve convergence from 5.0288067195679740e-03 to 5.0288067195679844e-03 seconds.
Warning: Simulation tolerance relaxed to achieve convergence from 5.0288067195679844e-03 to 5.0288067195680053e-03 seconds.
Warning: Simulation tolerance relaxed to achieve convergence from 5.0288067195680053e-03 to 5.0288067195680573e-03 seconds.
Warning: Simulation tolerance relaxed to achieve convergence from 5.0288067195680573e-03 to 5.0288067195681093e-03 seconds.
Warning: Simulation tolerance relaxed to achieve convergence from 5.0288067195681093e-03 to 5.0288067195681614e-03 seconds.
Warning: Simulation tolerance relaxed to achieve convergence from 5.0288067195681614e-03 to 5.0288067195682030e-03 seconds.
Warning: Simulation tolerance relaxed to achieve convergence from 5.0288067195682030e-03 to 5.0288067195682238e-03 seconds.
Warning: Simulation tolerance relaxed to achieve convergence from 5.0288067195682238e-03 to 5.0288067195682446e-03 seconds.
Warning: Simulation tolerance relaxed to achieve convergence from 5.0288067195682446e-03 to 5.0288067195682655e-03 seconds.
Warning: Simulation tolerance relaxed to achieve convergence from 5.0288067195682655e-03 to 5.0288067195683175e-03 seconds.
Warning: Simulation tolerance relaxed to achieve convergence from 5.0288067195683175e-03 to 5.0288067195683904e-03 seconds.
Warning: Simulation tolerance relaxed to achieve convergence from 5.0288067195683904e-03 to 5.0288067195684008e-03 seconds.
Warning: Simulation tolerance relaxed to achieve convergence from 5.0288067195684008e-03 to 5.0288067195684216e-03 seconds.
Warning: Simulation tolerance relaxed to achieve convergence from 5.0288067195684216e-03 to 5.0288067195684632e-03 seconds.
Warning: Simulation tolerance relaxed to achieve convergence from 5.0288067195684632e-03 to 5.0288067195684944e-03 seconds.
Warning: Simulation tolerance relaxed to achieve convergence from 5.0288067195684944e-03 to 5.0288067195685153e-03 seconds.
Warning: Simulation tolerance relaxed to achieve convergence from 5.0288067195685153e-03 to 5.0288067195685777e-03 seconds.
Warning: Simulation tolerance relaxed to achieve convergence from 5.0288067195685777e-03 to 5.0288067195686610e-03 seconds.
Warning: Simulation tolerance relaxed to achieve convergence from 5.0288067195686610e-03 to 5.0288067195686714e-03 seconds.
Warning: Simulation tolerance relaxed to achieve convergence from 5.0288067195686714e-03 to 5.0288067195687026e-03 seconds.
Warning: Simulation tolerance relaxed to achieve convergence from 5.0288067195687026e-03 to 5.0288067195687338e-03 seconds.
Warning: Simulation tolerance relaxed to achieve convergence from 5.0288067195687338e-03 to 5.0288067195687859e-03 seconds.
Warning: Simulation tolerance relaxed to achieve convergence from 5.0288067195687859e-03 to 5.0288067195688379e-03 seconds.
Warning: Simulation tolerance relaxed to achieve convergence from 5.0288067195688379e-03 to 5.0288067195688900e-03 seconds.
Warning: Simulation tolerance relaxed to achieve convergence from 5.0288067195688900e-03 to 5.0288067195689004e-03 seconds.
Warning: Simulation tolerance relaxed to achieve convergence from 5.0288067195689004e-03 to 5.0288067195689212e-03 seconds.
Warning: Simulation tolerance relaxed to achieve convergence from 5.0288067195689212e-03 to 5.0288067195689732e-03 seconds.
Warning: Simulation tolerance relaxed to achieve convergence from 5.0288067195689732e-03 to 5.0288067195689836e-03 seconds.
Warning: Simulation tolerance relaxed to achieve convergence from 5.0288067195689836e-03 to 5.0288067195690045e-03 seconds.
Warning: Simulation tolerance relaxed to achieve convergence from 5.0288067195690045e-03 to 5.0288067195690565e-03 seconds.
Warning: Simulation tolerance relaxed to achieve convergence from 5.0288067195690565e-03 to 5.0288067195690669e-03 seconds.
Warning: Simulation tolerance relaxed to achieve convergence from 5.0288067195690669e-03 to 5.0288067195690877e-03 seconds.
Warning: Simulation tolerance relaxed to achieve convergence from 5.0288067195690877e-03 to 5.0288067195691085e-03 seconds.
Warning: Simulation tolerance relaxed to achieve convergence from 5.0288067195691085e-03 to 5.0288067195691606e-03 seconds.
Warning: Simulation tolerance relaxed to achieve convergence from 5.0288067195691606e-03 to 5.0288067195691814e-03 seconds.
Warning: Simulation tolerance relaxed to achieve convergence from 5.0288067195691814e-03 to 5.0288067195692022e-03 seconds.
Warning: Simulation tolerance relaxed to achieve convergence from 5.0288067195692022e-03 to 5.0288067195692751e-03 seconds.
Warning: Simulation tolerance relaxed to achieve convergence from 5.0288067195692751e-03 to 5.0288067195693063e-03 seconds.
Warning: Simulation tolerance relaxed to achieve convergence from 5.0288067195693063e-03 to 5.0288067195693687e-03 seconds.
Warning: Simulation tolerance relaxed to achieve convergence from 5.0288067195693687e-03 to 5.0288067195694000e-03 seconds.
Warning: Simulation tolerance relaxed to achieve convergence from 5.0288067195694000e-03 to 5.0288067195694416e-03 seconds.
Warning: Simulation tolerance relaxed to achieve convergence from 5.0288067195694416e-03 to 5.0288067195694624e-03 seconds.
Warning: Simulation tolerance relaxed to achieve convergence from 5.0288067195694624e-03 to 5.0288067195695145e-03 seconds.
Warning: Simulation tolerance relaxed to achieve convergence from 5.0288067195695145e-03 to 5.0288067195695249e-03 seconds.
Warning: Simulation tolerance relaxed to achieve convergence from 5.0288067195695249e-03 to 5.0288067195695457e-03 seconds.
Warning: Simulation tolerance relaxed to achieve convergence from 5.0288067195695457e-03 to 5.0288067195695665e-03 seconds.
Warning: Simulation tolerance relaxed to achieve convergence from 5.0288067195695665e-03 to 5.0288067195696290e-03 seconds.
Warning: Simulation tolerance relaxed to achieve convergence from 5.0288067195696290e-03 to 5.0288067195696706e-03 seconds.
Warning: Simulation tolerance relaxed to achieve convergence from 5.0288067195696706e-03 to 5.0288067195696914e-03 seconds.
Warning: Simulation tolerance relaxed to achieve convergence from 5.0288067195696914e-03 to 5.0288067195697434e-03 seconds.
Warning: Simulation tolerance relaxed to achieve convergence from 5.0288067195697434e-03 to 5.0288067195697955e-03 seconds.
Warning: Simulation tolerance relaxed to achieve convergence from 5.0288067195697955e-03 to 5.0288067195698267e-03 seconds.
Warning: Simulation tolerance relaxed to achieve convergence from 5.0288067195698267e-03 to 5.0288067195698996e-03 seconds.
Warning: Simulation tolerance relaxed to achieve convergence from 5.0288067195698996e-03 to 5.0288067195699308e-03 seconds.
Warning: Simulation tolerance relaxed to achieve convergence from 5.0288067195699308e-03 to 5.0288067195699932e-03 seconds.
Warning: Simulation tolerance relaxed to achieve convergence from 5.0288067195699932e-03 to 5.0288067195700453e-03 seconds.
Warning: Simulation tolerance relaxed to achieve convergence from 5.0288067195700453e-03 to 5.0288067195700661e-03 seconds.
Warning: Simulation tolerance relaxed to achieve convergence from 5.0288067195700661e-03 to 5.0288067195700973e-03 seconds.
Warning: Simulation tolerance relaxed to achieve convergence from 5.0288067195701077e-03 to 5.0288067195701494e-03 seconds.
Warning: Simulation tolerance relaxed to achieve convergence from 5.0288067195701494e-03 to 5.0288067195701806e-03 seconds.
Warning: Simulation tolerance relaxed to achieve convergence from 5.0288067195701806e-03 to 5.0288067195701910e-03 seconds.
Warning: Simulation tolerance relaxed to achieve convergence from 5.0288067195701910e-03 to 5.0288067195702118e-03 seconds.
Warning: Simulation tolerance relaxed to achieve convergence from 5.0288067195702118e-03 to 5.0288067195702639e-03 seconds.
Warning: Simulation tolerance relaxed to achieve convergence from 5.0288067195702639e-03 to 5.0288067195702847e-03 seconds.
Warning: Simulation tolerance relaxed to achieve convergence from 5.0288067195702847e-03 to 5.0288067195703471e-03 seconds.
Warning: Simulation tolerance relaxed to achieve convergence from 5.0288067195703471e-03 to 5.0288067195704096e-03 seconds.
Warning: Simulation tolerance relaxed to achieve convergence from 5.0288067195704096e-03 to 5.0288067195704200e-03 seconds.
Warning: Simulation tolerance relaxed to achieve convergence from 5.0288067195704200e-03 to 5.0288067195704512e-03 seconds.
Warning: Simulation tolerance relaxed to achieve convergence from 5.0288067195704512e-03 to 5.0288067195704824e-03 seconds.
Warning: Simulation tolerance relaxed to achieve convergence from 5.0288067195704824e-03 to 5.0288067195705033e-03 seconds.
Warning: Simulation tolerance relaxed to achieve convergence from 5.0288067195705033e-03 to 5.0288067195705553e-03 seconds.
Warning: Simulation tolerance relaxed to achieve convergence from 5.0288067195705553e-03 to 5.0288067195706282e-03 seconds.
Warning: Simulation tolerance relaxed to achieve convergence from 5.0288067195706282e-03 to 5.0288067195706490e-03 seconds.
Warning: Simulation tolerance relaxed to achieve convergence from 5.0288067195706490e-03 to 5.0288067195706906e-03 seconds.
Warning: Simulation tolerance relaxed to achieve convergence from 5.0288067195706906e-03 to 5.0288067195707010e-03 seconds.
Warning: Simulation tolerance relaxed to achieve convergence from 5.0288067195707010e-03 to 5.0288067195707739e-03 seconds.
Warning: Simulation tolerance relaxed to achieve convergence from 5.0288067195707739e-03 to 5.0288067195707947e-03 seconds.
Warning: Simulation tolerance relaxed to achieve convergence from 5.0288067195707947e-03 to 5.0288067195708363e-03 seconds.
Warning: Simulation tolerance relaxed to achieve convergence from 5.0288067195708363e-03 to 5.0288067195708571e-03 seconds.
Warning: Simulation tolerance relaxed to achieve convergence from 5.0288067195708571e-03 to 5.0288067195709196e-03 seconds.
Warning: Simulation tolerance relaxed to achieve convergence from 5.0288067195709196e-03 to 5.0288067195709300e-03 seconds.
Warning: Simulation tolerance relaxed to achieve convergence from 5.0288067195709300e-03 to 5.0288067195709508e-03 seconds.
Warning: Simulation tolerance relaxed to achieve convergence from 5.0288067195709508e-03 to 5.0288067195709716e-03 seconds.
Warning: Simulation tolerance relaxed to achieve convergence from 5.0288067195709716e-03 to 5.0288067195709820e-03 seconds.
Warning: Simulation tolerance relaxed to achieve convergence from 5.0288067195709820e-03 to 5.0288067195710029e-03 seconds.
Warning: Simulation tolerance relaxed to achieve convergence from 5.0288067195710029e-03 to 5.0288067195710549e-03 seconds.
Warning: Simulation tolerance relaxed to achieve convergence from 5.0288067195710549e-03 to 5.0288067195710653e-03 seconds.
Warning: Simulation tolerance relaxed to achieve convergence from 5.0288067195710653e-03 to 5.0288067195710861e-03 seconds.
Warning: Simulation tolerance relaxed to achieve convergence from 5.0288067195710861e-03 to 5.0288067195711382e-03 seconds.
Warning: Simulation tolerance relaxed to achieve convergence from 5.0288067195711382e-03 to 5.0288067195711798e-03 seconds.
Warning: Simulation tolerance relaxed to achieve convergence from 5.0288067195711798e-03 to 5.0288067195712214e-03 seconds.
Warning: Simulation tolerance relaxed to achieve convergence from 5.0288067195712214e-03 to 5.0288067195712422e-03 seconds.
Warning: Simulation tolerance relaxed to achieve convergence from 5.0288067195712422e-03 to 5.0288067195712631e-03 seconds.
Warning: Simulation tolerance relaxed to achieve convergence from 5.0288067195712631e-03 to 5.0288067195712839e-03 seconds.
Warning: Simulation tolerance relaxed to achieve convergence from 5.0288067195712839e-03 to 5.0288067195713047e-03 seconds.
Warning: Simulation tolerance relaxed to achieve convergence from 5.0288067195713047e-03 to 5.0288067195713255e-03 seconds.
Warning: Simulation tolerance relaxed to achieve convergence from 5.0288067195713255e-03 to 5.0288067195713984e-03 seconds.
Warning: Simulation tolerance relaxed to achieve convergence from 5.0288067195713984e-03 to 5.0288067195714608e-03 seconds.
Warning: Simulation tolerance relaxed to achieve convergence from 5.0288067195714608e-03 to 5.0288067195714816e-03 seconds.
Warning: Simulation tolerance relaxed to achieve convergence from 5.0288067195714816e-03 to 5.0288067195715337e-03 seconds.
Warning: Simulation tolerance relaxed to achieve convergence from 5.0288067195715337e-03 to 5.0288067195715753e-03 seconds.
Warning: Simulation tolerance relaxed to achieve convergence from 5.0288067195715753e-03 to 5.0288067195716274e-03 seconds.
Warning: Simulation tolerance relaxed to achieve convergence from 5.0288067195716274e-03 to 5.0288067195716378e-03 seconds.
Warning: Simulation tolerance relaxed to achieve convergence from 5.0288067195716378e-03 to 5.0288067195716586e-03 seconds.
Warning: Simulation tolerance relaxed to achieve convergence from 5.0288067195716586e-03 to 5.0288067195716794e-03 seconds.
Warning: Simulation tolerance relaxed to achieve convergence from 5.0288067195716794e-03 to 5.0288067195717418e-03 seconds.
Warning: Simulation tolerance relaxed to achieve convergence from 5.0288067195717418e-03 to 5.0288067195717835e-03 seconds.
Warning: Simulation tolerance relaxed to achieve convergence from 5.0288067195717835e-03 to 5.0288067195718043e-03 seconds.
Warning: Simulation tolerance relaxed to achieve convergence from 5.0288067195718043e-03 to 5.0288067195718667e-03 seconds.
Warning: Simulation tolerance relaxed to achieve convergence from 5.0288067195718667e-03 to 5.0288067195718876e-03 seconds.
Warning: Simulation tolerance relaxed to achieve convergence from 5.0288067195718876e-03 to 5.0288067195719604e-03 seconds.
Warning: Simulation tolerance relaxed to achieve convergence from 5.0288067195719604e-03 to 5.0288067195720021e-03 seconds.
Warning: Simulation tolerance relaxed to achieve convergence from 5.0288067195720021e-03 to 5.0288067195720541e-03 seconds.
Warning: Simulation tolerance relaxed to achieve convergence from 5.0288067195720541e-03 to 5.0288067195720749e-03 seconds.
Warning: Simulation tolerance relaxed to achieve convergence from 5.0288067195720749e-03 to 5.0288067195720957e-03 seconds.
Warning: Simulation tolerance relaxed to achieve convergence from 5.0288067195720957e-03 to 5.0288067195721061e-03 seconds.
Warning: Simulation tolerance relaxed to achieve convergence from 5.0288067195721061e-03 to 5.0288067195721270e-03 seconds.
Warning: Simulation tolerance relaxed to achieve convergence from 5.0288067195721270e-03 to 5.0288067195721998e-03 seconds.
Warning: Simulation tolerance relaxed to achieve convergence from 5.0288067195721998e-03 to 5.0288067195722206e-03 seconds.
Warning: Simulation tolerance relaxed to achieve convergence from 5.0288067195722206e-03 to 5.0288067195722831e-03 seconds.
Warning: Simulation tolerance relaxed to achieve convergence from 5.0288067195722831e-03 to 5.0288067195723039e-03 seconds.
Warning: Simulation tolerance relaxed to achieve convergence from 5.0288067195723039e-03 to 5.0288067195723247e-03 seconds.
Warning: Simulation tolerance relaxed to achieve convergence from 5.0288067195723247e-03 to 5.0288067195723768e-03 seconds.
Warning: Simulation tolerance relaxed to achieve convergence from 5.0288067195723768e-03 to 5.0288067195723976e-03 seconds.
Warning: Simulation tolerance relaxed to achieve convergence from 5.0288067195723976e-03 to 5.0288067195724392e-03 seconds.
Warning: Simulation tolerance relaxed to achieve convergence from 5.0288067195724392e-03 to 5.0288067195724808e-03 seconds.
Warning: Simulation tolerance relaxed to achieve convergence from 5.0288067195724808e-03 to 5.0288067195725433e-03 seconds.
Warning: Simulation tolerance relaxed to achieve convergence from 5.0288067195725433e-03 to 5.0288067195725641e-03 seconds.
Warning: Simulation tolerance relaxed to achieve convergence from 5.0288067195725641e-03 to 5.0288067195726057e-03 seconds.
Warning: Simulation tolerance relaxed to achieve convergence from 5.0288067195726057e-03 to 5.0288067195726474e-03 seconds.
Warning: Simulation tolerance relaxed to achieve convergence from 5.0288067195726474e-03 to 5.0288067195726682e-03 seconds.
Warning: Simulation tolerance relaxed to achieve convergence from 5.0288067195726682e-03 to 5.0288067195727202e-03 seconds.
Warning: Simulation tolerance relaxed to achieve convergence from 5.0288067195727202e-03 to 5.0288067195727515e-03 seconds.
Warning: Simulation tolerance relaxed to achieve convergence from 5.0288067195727515e-03 to 5.0288067195727827e-03 seconds.
Warning: Simulation tolerance relaxed to achieve convergence from 5.0288067195727931e-03 to 5.0288067195728347e-03 seconds.
Warning: Simulation tolerance relaxed to achieve convergence from 5.0288067195728347e-03 to 5.0288067195728868e-03 seconds.
Warning: Simulation tolerance relaxed to achieve convergence from 5.0288067195728868e-03 to 5.0288067195729388e-03 seconds.
Warning: Simulation tolerance relaxed to achieve convergence from 5.0288067195729388e-03 to 5.0288067195729596e-03 seconds.
Warning: Simulation tolerance relaxed to achieve convergence from 5.0288067195729596e-03 to 5.0288067195729804e-03 seconds.
Warning: Simulation tolerance relaxed to achieve convergence from 5.0288067195729804e-03 to 5.0288067195730117e-03 seconds.
Warning: Simulation tolerance relaxed to achieve convergence from 5.0288067195730221e-03 to 5.0288067195730637e-03 seconds.
Warning: Simulation tolerance relaxed to achieve convergence from 5.0288067195730637e-03 to 5.0288067195730845e-03 seconds.
Warning: Simulation tolerance relaxed to achieve convergence from 5.0288067195730845e-03 to 5.0288067195731366e-03 seconds.
Warning: Simulation tolerance relaxed to achieve convergence from 5.0288067195731366e-03 to 5.0288067195731990e-03 seconds.
Warning: Simulation tolerance relaxed to achieve convergence from 5.0288067195731990e-03 to 5.0288067195732511e-03 seconds.
Warning: Simulation tolerance relaxed to achieve convergence from 5.0288067195732511e-03 to 5.0288067195732719e-03 seconds.
Warning: Simulation tolerance relaxed to achieve convergence from 5.0288067195732719e-03 to 5.0288067195732927e-03 seconds.
Warning: Simulation tolerance relaxed to achieve convergence from 5.0288067195732927e-03 to 5.0288067195733447e-03 seconds.
Warning: Simulation tolerance relaxed to achieve convergence from 5.0288067195733447e-03 to 5.0288067195733551e-03 seconds.
Warning: Simulation tolerance relaxed to achieve convergence from 5.0288067195733551e-03 to 5.0288067195733760e-03 seconds.
Warning: Simulation tolerance relaxed to achieve convergence from 5.0288067195733760e-03 to 5.0288067195733864e-03 seconds.
Warning: Simulation tolerance relaxed to achieve convergence from 5.0288067195733864e-03 to 5.0288067195734280e-03 seconds.
Warning: Simulation tolerance relaxed to achieve convergence from 5.0288067195734280e-03 to 5.0288067195734696e-03 seconds.
Warning: Simulation tolerance relaxed to achieve convergence from 5.0288067195734696e-03 to 5.0288067195734800e-03 seconds.
Warning: Simulation tolerance relaxed to achieve convergence from 5.0288067195734800e-03 to 5.0288067195735009e-03 seconds.
Warning: Simulation tolerance relaxed to achieve convergence from 5.0288067195735009e-03 to 5.0288067195735633e-03 seconds.
Warning: Simulation tolerance relaxed to achieve convergence from 5.0288067195735633e-03 to 5.0288067195735945e-03 seconds.
Warning: Simulation tolerance relaxed to achieve convergence from 5.0288067195735945e-03 to 5.0288067195736466e-03 seconds.
Warning: Simulation tolerance relaxed to achieve convergence from 5.0288067195736466e-03 to 5.0288067195736674e-03 seconds.
Warning: Simulation tolerance relaxed to achieve convergence from 5.0288067195736674e-03 to 5.0288067195737090e-03 seconds.
Warning: Simulation tolerance relaxed to achieve convergence from 5.0288067195737090e-03 to 5.0288067195737298e-03 seconds.
Warning: Simulation tolerance relaxed to achieve convergence from 5.0288067195737298e-03 to 5.0288067195737923e-03 seconds.
Warning: Simulation tolerance relaxed to achieve convergence from 5.0288067195737923e-03 to 5.0288067195738339e-03 seconds.
Warning: Simulation tolerance relaxed to achieve convergence from 5.0288067195738339e-03 to 5.0288067195738756e-03 seconds.
Warning: Simulation tolerance relaxed to achieve convergence from 5.0288067195738756e-03 to 5.0288067195738964e-03 seconds.
Warning: Simulation tolerance relaxed to achieve convergence from 5.0288067195738964e-03 to 5.0288067195739172e-03 seconds.
Warning: Simulation tolerance relaxed to achieve convergence from 5.0288067195739172e-03 to 5.0288067195739692e-03 seconds.
Warning: Simulation tolerance relaxed to achieve convergence from 5.0288067195739692e-03 to 5.0288067195740109e-03 seconds.
Warning: Simulation tolerance relaxed to achieve convergence from 5.0288067195740109e-03 to 5.0288067195740317e-03 seconds.
Warning: Simulation tolerance relaxed to achieve convergence from 5.0288067195740317e-03 to 5.0288067195740525e-03 seconds.
Warning: Simulation tolerance relaxed to achieve convergence from 5.0288067195740525e-03 to 5.0288067195741045e-03 seconds.
Warning: Simulation tolerance relaxed to achieve convergence from 5.0288067195741045e-03 to 5.0288067195741254e-03 seconds.
Warning: Simulation tolerance relaxed to achieve convergence from 5.0288067195741254e-03 to 5.0288067195741878e-03 seconds.
Warning: Simulation tolerance relaxed to achieve convergence from 5.0288067195741878e-03 to 5.0288067195741982e-03 seconds.
Warning: Simulation tolerance relaxed to achieve convergence from 5.0288067195741982e-03 to 5.0288067195742294e-03 seconds.
Warning: Simulation tolerance relaxed to achieve convergence from 5.0288067195742294e-03 to 5.0288067195742815e-03 seconds.
Warning: Simulation tolerance relaxed to achieve convergence from 5.0288067195742815e-03 to 5.0288067195743023e-03 seconds.
Warning: Simulation tolerance relaxed to achieve convergence from 5.0288067195743023e-03 to 5.0288067195743543e-03 seconds.
Warning: Simulation tolerance relaxed to achieve convergence from 5.0288067195743543e-03 to 5.0288067195743752e-03 seconds.
Warning: Simulation tolerance relaxed to achieve convergence from 5.0288067195743752e-03 to 5.0288067195744376e-03 seconds.
Warning: Simulation tolerance relaxed to achieve convergence from 5.0288067195744376e-03 to 5.0288067195745001e-03 seconds.
Warning: Simulation tolerance relaxed to achieve convergence from 5.0288067195745001e-03 to 5.0288067195745105e-03 seconds.
Warning: Simulation tolerance relaxed to achieve convergence from 5.0288067195745105e-03 to 5.0288067195745313e-03 seconds.
Warning: Simulation tolerance relaxed to achieve convergence from 5.0288067195745313e-03 to 5.0288067195745417e-03 seconds.
Warning: Simulation tolerance relaxed to achieve convergence from 5.0288067195745417e-03 to 5.0288067195745521e-03 seconds.
Warning: Simulation tolerance relaxed to achieve convergence from 5.0288067195745521e-03 to 5.0288067195745729e-03 seconds.
Warning: Simulation tolerance relaxed to achieve convergence from 5.0288067195745729e-03 to 5.0288067195745937e-03 seconds.
Warning: Simulation tolerance relaxed to achieve convergence from 5.0288067195745937e-03 to 5.0288067195746666e-03 seconds.
Warning: Simulation tolerance relaxed to achieve convergence from 5.0288067195746666e-03 to 5.0288067195746874e-03 seconds.
Warning: Simulation tolerance relaxed to achieve convergence from 5.0288067195746874e-03 to 5.0288067195747603e-03 seconds.
Warning: Simulation tolerance relaxed to achieve convergence from 5.0288067195747603e-03 to 5.0288067195747707e-03 seconds.
Warning: Simulation tolerance relaxed to achieve convergence from 5.0288067195747707e-03 to 5.0288067195747811e-03 seconds.
Warning: Simulation tolerance relaxed to achieve convergence from 5.0288067195747811e-03 to 5.0288067195747915e-03 seconds.
Warning: Simulation tolerance relaxed to achieve convergence from 5.0288067195747915e-03 to 5.0288067195748227e-03 seconds.
Warning: Simulation tolerance relaxed to achieve convergence from 5.0288067195748227e-03 to 5.0288067195748539e-03 seconds.
Warning: Simulation tolerance relaxed to achieve convergence from 5.0288067195748539e-03 to 5.0288067195749060e-03 seconds.
Warning: Simulation tolerance relaxed to achieve convergence from 5.0288067195749060e-03 to 5.0288067195749580e-03 seconds.
Warning: Simulation tolerance relaxed to achieve convergence from 5.0288067195749580e-03 to 5.0288067195750101e-03 seconds.
Warning: Simulation tolerance relaxed to achieve convergence from 5.0288067195750101e-03 to 5.0288067195750725e-03 seconds.
Warning: Simulation tolerance relaxed to achieve convergence from 5.0288067195750725e-03 to 5.0288067195751142e-03 seconds.
Warning: Simulation tolerance relaxed to achieve convergence from 5.0288067195751142e-03 to 5.0288067195751558e-03 seconds.
Warning: Simulation tolerance relaxed to achieve convergence from 5.0288067195751558e-03 to 5.0288067195751974e-03 seconds.
Warning: Simulation tolerance relaxed to achieve convergence from 5.0288067195751974e-03 to 5.0288067195752182e-03 seconds.
Warning: Simulation tolerance relaxed to achieve convergence from 5.0288067195752182e-03 to 5.0288067195752495e-03 seconds.
Warning: Simulation tolerance relaxed to achieve convergence from 5.0288067195752495e-03 to 5.0288067195753327e-03 seconds.
Warning: Simulation tolerance relaxed to achieve convergence from 5.0288067195753327e-03 to 5.0288067195753535e-03 seconds.
Warning: Simulation tolerance relaxed to achieve convergence from 5.0288067195753535e-03 to 5.0288067195754056e-03 seconds.
Warning: Simulation tolerance relaxed to achieve convergence from 5.0288067195754056e-03 to 5.0288067195754784e-03 seconds.
Warning: Simulation tolerance relaxed to achieve convergence from 5.0288067195754784e-03 to 5.0288067195754993e-03 seconds.
Warning: Simulation tolerance relaxed to achieve convergence from 5.0288067195754993e-03 to 5.0288067195755513e-03 seconds.
Warning: Simulation tolerance relaxed to achieve convergence from 5.0288067195755513e-03 to 5.0288067195755617e-03 seconds.
Warning: Simulation tolerance relaxed to achieve convergence from 5.0288067195755617e-03 to 5.0288067195755929e-03 seconds.
Warning: Simulation tolerance relaxed to achieve convergence from 5.0288067195755929e-03 to 5.0288067195756346e-03 seconds.
Warning: Simulation tolerance relaxed to achieve convergence from 5.0288067195756346e-03 to 5.0288067195756762e-03 seconds.
Warning: Simulation tolerance relaxed to achieve convergence from 5.0288067195756762e-03 to 5.0288067195757282e-03 seconds.
Warning: Simulation tolerance relaxed to achieve convergence from 5.0288067195757282e-03 to 5.0288067195757387e-03 seconds.
Warning: Simulation tolerance relaxed to achieve convergence from 5.0288067195757387e-03 to 5.0288067195757699e-03 seconds.
Warning: Simulation tolerance relaxed to achieve convergence from 5.0288067195757699e-03 to 5.0288067195758740e-03 seconds.
Warning: Simulation tolerance relaxed to achieve convergence from 5.0288067195758740e-03 to 5.0288067195758844e-03 seconds.
Warning: Simulation tolerance relaxed to achieve convergence from 5.0288067195758844e-03 to 5.0288067195759156e-03 seconds.
Warning: Simulation tolerance relaxed to achieve convergence from 5.0288067195759156e-03 to 5.0288067195759364e-03 seconds.
Warning: Simulation tolerance relaxed to achieve convergence from 5.0288067195759364e-03 to 5.0288067195759885e-03 seconds.
Warning: Simulation tolerance relaxed to achieve convergence from 5.0288067195759885e-03 to 5.0288067195760093e-03 seconds.
Warning: Simulation tolerance relaxed to achieve convergence from 5.0288067195760093e-03 to 5.0288067195760405e-03 seconds.
Warning: Simulation tolerance relaxed to achieve convergence from 5.0288067195760405e-03 to 5.0288067195760925e-03 seconds.
Warning: Simulation tolerance relaxed to achieve convergence from 5.0288067195760925e-03 to 5.0288067195761446e-03 seconds.
Warning: Simulation tolerance relaxed to achieve convergence from 5.0288067195761550e-03 to 5.0288067195762070e-03 seconds.
Warning: Simulation tolerance relaxed to achieve convergence from 5.0288067195762070e-03 to 5.0288067195762591e-03 seconds.
Warning: Simulation tolerance relaxed to achieve convergence from 5.0288067195762591e-03 to 5.0288067195763111e-03 seconds.
Warning: Simulation tolerance relaxed to achieve convergence from 5.0288067195763111e-03 to 5.0288067195763736e-03 seconds.
Warning: Simulation tolerance relaxed to achieve convergence from 5.0288067195763736e-03 to 5.0288067195764256e-03 seconds.
Warning: Simulation tolerance relaxed to achieve convergence from 5.0288067195764256e-03 to 5.0288067195764568e-03 seconds.
Warning: Simulation tolerance relaxed to achieve convergence from 5.0288067195764568e-03 to 5.0288067195765089e-03 seconds.
Warning: Simulation tolerance relaxed to achieve convergence from 5.0288067195765089e-03 to 5.0288067195765609e-03 seconds.
Warning: Simulation tolerance relaxed to achieve convergence from 5.0288067195765609e-03 to 5.0288067195766234e-03 seconds.
Warning: Simulation tolerance relaxed to achieve convergence from 5.0288067195766234e-03 to 5.0288067195766858e-03 seconds.
Warning: Simulation tolerance relaxed to achieve convergence from 5.0288067195766858e-03 to 5.0288067195766962e-03 seconds.
Warning: Simulation tolerance relaxed to achieve convergence from 5.0288067195766962e-03 to 5.0288067195767170e-03 seconds.
Warning: Simulation tolerance relaxed to achieve convergence from 5.0288067195767170e-03 to 5.0288067195767379e-03 seconds.
Warning: Simulation tolerance relaxed to achieve convergence from 5.0288067195767379e-03 to 5.0288067195767899e-03 seconds.
Warning: Simulation tolerance relaxed to achieve convergence from 5.0288067195767899e-03 to 5.0288067195768419e-03 seconds.
Warning: Simulation tolerance relaxed to achieve convergence from 5.0288067195768419e-03 to 5.0288067195768628e-03 seconds.
Warning: Simulation tolerance relaxed to achieve convergence from 5.0288067195768628e-03 to 5.0288067195768836e-03 seconds.
Warning: Simulation tolerance relaxed to achieve convergence from 5.0288067195768836e-03 to 5.0288067195769356e-03 seconds.
Warning: Simulation tolerance relaxed to achieve convergence from 5.0288067195769356e-03 to 5.0288067195769564e-03 seconds.
Warning: Simulation tolerance relaxed to achieve convergence from 5.0288067195769668e-03 to 5.0288067195770085e-03 seconds.
Warning: Simulation tolerance relaxed to achieve convergence from 5.0288067195770085e-03 to 5.0288067195770605e-03 seconds.
Warning: Simulation tolerance relaxed to achieve convergence from 5.0288067195770605e-03 to 5.0288067195771334e-03 seconds.
Warning: Simulation tolerance relaxed to achieve convergence from 5.0288067195771334e-03 to 5.0288067195771542e-03 seconds.
Warning: Simulation tolerance relaxed to achieve convergence from 5.0288067195771542e-03 to 5.0288067195771854e-03 seconds.
Warning: Simulation tolerance relaxed to achieve convergence from 5.0288067195771854e-03 to 5.0288067195772583e-03 seconds.
Warning: Simulation tolerance relaxed to achieve convergence from 5.0288067195772583e-03 to 5.0288067195772687e-03 seconds.
Warning: Simulation tolerance relaxed to achieve convergence from 5.0288067195772687e-03 to 5.0288067195772791e-03 seconds.
Warning: Simulation tolerance relaxed to achieve convergence from 5.0288067195772791e-03 to 5.0288067195772999e-03 seconds.
Warning: Simulation tolerance relaxed to achieve convergence from 5.0288067195772999e-03 to 5.0288067195773207e-03 seconds.
Warning: Simulation tolerance relaxed to achieve convergence from 5.0288067195773207e-03 to 5.0288067195773519e-03 seconds.
Warning: Simulation tolerance relaxed to achieve convergence from 5.0288067195773519e-03 to 5.0288067195774144e-03 seconds.
Warning: Simulation tolerance relaxed to achieve convergence from 5.0288067195774144e-03 to 5.0288067195774352e-03 seconds.
Warning: Simulation tolerance relaxed to achieve convergence from 5.0288067195774352e-03 to 5.0288067195774873e-03 seconds.
Warning: Simulation tolerance relaxed to achieve convergence from 5.0288067195774873e-03 to 5.0288067195775289e-03 seconds.
Warning: Simulation tolerance relaxed to achieve convergence from 5.0288067195775289e-03 to 5.0288067195775497e-03 seconds.
Warning: Simulation tolerance relaxed to achieve convergence from 5.0288067195775497e-03 to 5.0288067195775913e-03 seconds.
Warning: Simulation tolerance relaxed to achieve convergence from 5.0288067195775913e-03 to 5.0288067195776330e-03 seconds.
Warning: Simulation tolerance relaxed to achieve convergence from 5.0288067195776330e-03 to 5.0288067195776746e-03 seconds.
Warning: Simulation tolerance relaxed to achieve convergence from 5.0288067195776746e-03 to 5.0288067195776954e-03 seconds.
Warning: Simulation tolerance relaxed to achieve convergence from 5.0288067195776954e-03 to 5.0288067195777162e-03 seconds.
Warning: Simulation tolerance relaxed to achieve convergence from 5.0288067195777162e-03 to 5.0288067195777683e-03 seconds.
Warning: Simulation tolerance relaxed to achieve convergence from 5.0288067195777683e-03 to 5.0288067195778203e-03 seconds.
Warning: Simulation tolerance relaxed to achieve convergence from 5.0288067195778203e-03 to 5.0288067195778307e-03 seconds.
Warning: Simulation tolerance relaxed to achieve convergence from 5.0288067195778307e-03 to 5.0288067195778724e-03 seconds.
Warning: Simulation tolerance relaxed to achieve convergence from 5.0288067195778724e-03 to 5.0288067195779140e-03 seconds.
Warning: Simulation tolerance relaxed to achieve convergence from 5.0288067195779140e-03 to 5.0288067195779452e-03 seconds.
Warning: Simulation tolerance relaxed to achieve convergence from 5.0288067195779452e-03 to 5.0288067195779660e-03 seconds.
Warning: Simulation tolerance relaxed to achieve convergence from 5.0288067195779660e-03 to 5.0288067195780389e-03 seconds.
Warning: Simulation tolerance relaxed to achieve convergence from 5.0288067195780389e-03 to 5.0288067195781118e-03 seconds.
Warning: Simulation tolerance relaxed to achieve convergence from 5.0288067195781118e-03 to 5.0288067195781638e-03 seconds.
Warning: Simulation tolerance relaxed to achieve convergence from 5.0288067195781638e-03 to 5.0288067195781846e-03 seconds.
Warning: Simulation tolerance relaxed to achieve convergence from 5.0288067195781846e-03 to 5.0288067195782367e-03 seconds.
Warning: Simulation tolerance relaxed to achieve convergence from 5.0288067195782367e-03 to 5.0288067195782575e-03 seconds.
Warning: Simulation tolerance relaxed to achieve convergence from 5.0288067195782575e-03 to 5.0288067195782783e-03 seconds.
Warning: Simulation tolerance relaxed to achieve convergence from 5.0288067195782783e-03 to 5.0288067195783303e-03 seconds.
Warning: Simulation tolerance relaxed to achieve convergence from 5.0288067195783303e-03 to 5.0288067195784032e-03 seconds.
Warning: Simulation tolerance relaxed to achieve convergence from 5.0288067195784032e-03 to 5.0288067195784552e-03 seconds.
Warning: Simulation tolerance relaxed to achieve convergence from 5.0288067195784552e-03 to 5.0288067195784760e-03 seconds.
Warning: Simulation tolerance relaxed to achieve convergence from 5.0288067195784760e-03 to 5.0288067195784865e-03 seconds.
Warning: Simulation tolerance relaxed to achieve convergence from 5.0288067195784865e-03 to 5.0288067195785073e-03 seconds.
Warning: Simulation tolerance relaxed to achieve convergence from 5.0288067195785073e-03 to 5.0288067195785281e-03 seconds.
Warning: Simulation tolerance relaxed to achieve convergence from 5.0288067195785281e-03 to 5.0288067195785489e-03 seconds.
Warning: Simulation tolerance relaxed to achieve convergence from 5.0288067195785489e-03 to 5.0288067195786114e-03 seconds.
Warning: Simulation tolerance relaxed to achieve convergence from 5.0288067195786114e-03 to 5.0288067195786322e-03 seconds.
Warning: Simulation tolerance relaxed to achieve convergence from 5.0288067195786322e-03 to 5.0288067195786842e-03 seconds.
Warning: Simulation tolerance relaxed to achieve convergence from 5.0288067195786842e-03 to 5.0288067195787363e-03 seconds.
Warning: Simulation tolerance relaxed to achieve convergence from 5.0288067195787363e-03 to 5.0288067195787571e-03 seconds.
Warning: Simulation tolerance relaxed to achieve convergence from 5.0288067195787571e-03 to 5.0288067195788195e-03 seconds.
Warning: Simulation tolerance relaxed to achieve convergence from 5.0288067195788195e-03 to 5.0288067195788403e-03 seconds.
Warning: Simulation tolerance relaxed to achieve convergence from 5.0288067195788403e-03 to 5.0288067195788924e-03 seconds.
Warning: Simulation tolerance relaxed to achieve convergence from 5.0288067195788924e-03 to 5.0288067195789132e-03 seconds.
Warning: Simulation tolerance relaxed to achieve convergence from 5.0288067195789132e-03 to 5.0288067195789652e-03 seconds.
Warning: Simulation tolerance relaxed to achieve convergence from 5.0288067195789652e-03 to 5.0288067195789756e-03 seconds.
Warning: Simulation tolerance relaxed to achieve convergence from 5.0288067195789756e-03 to 5.0288067195790277e-03 seconds.
Warning: Simulation tolerance relaxed to achieve convergence from 5.0288067195790277e-03 to 5.0288067195790381e-03 seconds.
Warning: Simulation tolerance relaxed to achieve convergence from 5.0288067195790381e-03 to 5.0288067195790589e-03 seconds.
Warning: Simulation tolerance relaxed to achieve convergence from 5.0288067195790589e-03 to 5.0288067195791005e-03 seconds.
Warning: Simulation tolerance relaxed to achieve convergence from 5.0288067195791005e-03 to 5.0288067195791110e-03 seconds.
Warning: Simulation tolerance relaxed to achieve convergence from 5.0288067195791110e-03 to 5.0288067195791526e-03 seconds.
Warning: Simulation tolerance relaxed to achieve convergence from 5.0288067195791526e-03 to 5.0288067195791734e-03 seconds.
Warning: Simulation tolerance relaxed to achieve convergence from 5.0288067195791734e-03 to 5.0288067195792254e-03 seconds.
Warning: Simulation tolerance relaxed to achieve convergence from 5.0288067195792254e-03 to 5.0288067195792463e-03 seconds.
Warning: Simulation tolerance relaxed to achieve convergence from 5.0288067195792463e-03 to 5.0288067195792671e-03 seconds.
Warning: Simulation tolerance relaxed to achieve convergence from 5.0288067195792671e-03 to 5.0288067195792879e-03 seconds.
Warning: Simulation tolerance relaxed to achieve convergence from 5.0288067195792879e-03 to 5.0288067195793399e-03 seconds.
Warning: Simulation tolerance relaxed to achieve convergence from 5.0288067195793399e-03 to 5.0288067195794024e-03 seconds.
Warning: Simulation tolerance relaxed to achieve convergence from 5.0288067195794024e-03 to 5.0288067195794440e-03 seconds.
Warning: Simulation tolerance relaxed to achieve convergence from 5.0288067195794440e-03 to 5.0288067195794544e-03 seconds.
Warning: Simulation tolerance relaxed to achieve convergence from 5.0288067195794544e-03 to 5.0288067195794648e-03 seconds.
Warning: Simulation tolerance relaxed to achieve convergence from 5.0288067195794648e-03 to 5.0288067195795065e-03 seconds.
Warning: Simulation tolerance relaxed to achieve convergence from 5.0288067195795065e-03 to 5.0288067195795169e-03 seconds.
Warning: Simulation tolerance relaxed to achieve convergence from 5.0288067195795169e-03 to 5.0288067195795481e-03 seconds.
Warning: Simulation tolerance relaxed to achieve convergence from 5.0288067195795481e-03 to 5.0288067195796418e-03 seconds.
Warning: Simulation tolerance relaxed to achieve convergence from 5.0288067195796418e-03 to 5.0288067195796834e-03 seconds.
Warning: Simulation tolerance relaxed to achieve convergence from 5.0288067195796834e-03 to 5.0288067195797250e-03 seconds.
Warning: Simulation tolerance relaxed to achieve convergence from 5.0288067195797250e-03 to 5.0288067195797355e-03 seconds.
Warning: Simulation tolerance relaxed to achieve convergence from 5.0288067195797355e-03 to 5.0288067195797459e-03 seconds.
Warning: Simulation tolerance relaxed to achieve convergence from 5.0288067195797459e-03 to 5.0288067195797875e-03 seconds.
Warning: Simulation tolerance relaxed to achieve convergence from 5.0288067195797875e-03 to 5.0288067195798083e-03 seconds.
Warning: Simulation tolerance relaxed to achieve convergence from 5.0288067195798083e-03 to 5.0288067195798604e-03 seconds.
Warning: Simulation tolerance relaxed to achieve convergence from 5.0288067195798604e-03 to 5.0288067195798812e-03 seconds.
Warning: Simulation tolerance relaxed to achieve convergence from 5.0288067195798812e-03 to 5.0288067195798916e-03 seconds.
Warning: Simulation tolerance relaxed to achieve convergence from 5.0288067195798916e-03 to 5.0288067195799228e-03 seconds.
Warning: Simulation tolerance relaxed to achieve convergence from 5.0288067195799228e-03 to 5.0288067195799853e-03 seconds.
Warning: Simulation tolerance relaxed to achieve convergence from 5.0288067195799853e-03 to 5.0288067195800061e-03 seconds.
Warning: Simulation tolerance relaxed to achieve convergence from 5.0288067195800061e-03 to 5.0288067195800581e-03 seconds.
Warning: Simulation tolerance relaxed to achieve convergence from 5.0288067195800581e-03 to 5.0288067195801310e-03 seconds.
Warning: Simulation tolerance relaxed to achieve convergence from 5.0288067195801310e-03 to 5.0288067195801518e-03 seconds.
Warning: Simulation tolerance relaxed to achieve convergence from 5.0288067195801518e-03 to 5.0288067195801726e-03 seconds.
Warning: Simulation tolerance relaxed to achieve convergence from 5.0288067195801726e-03 to 5.0288067195801830e-03 seconds.
Warning: Simulation tolerance relaxed to achieve convergence from 5.0288067195801830e-03 to 5.0288067195802038e-03 seconds.
Warning: Simulation tolerance relaxed to achieve convergence from 5.0288067195802038e-03 to 5.0288067195802663e-03 seconds.
Warning: Simulation tolerance relaxed to achieve convergence from 5.0288067195802663e-03 to 5.0288067195802767e-03 seconds.
Warning: Simulation tolerance relaxed to achieve convergence from 5.0288067195802767e-03 to 5.0288067195802975e-03 seconds.
Warning: Simulation tolerance relaxed to achieve convergence from 5.0288067195802975e-03 to 5.0288067195803600e-03 seconds.
Warning: Simulation tolerance relaxed to achieve convergence from 5.0288067195803600e-03 to 5.0288067195804016e-03 seconds.
Warning: Simulation tolerance relaxed to achieve convergence from 5.0288067195804016e-03 to 5.0288067195804432e-03 seconds.
Warning: Simulation tolerance relaxed to achieve convergence from 5.0288067195804432e-03 to 5.0288067195804849e-03 seconds.
Warning: Simulation tolerance relaxed to achieve convergence from 5.0288067195804849e-03 to 5.0288067195805265e-03 seconds.
Warning: Simulation tolerance relaxed to achieve convergence from 5.0288067195805265e-03 to 5.0288067195805785e-03 seconds.
Warning: Simulation tolerance relaxed to achieve convergence from 5.0288067195805785e-03 to 5.0288067195806098e-03 seconds.
Warning: Simulation tolerance relaxed to achieve convergence from 5.0288067195806098e-03 to 5.0288067195806202e-03 seconds.
Warning: Simulation tolerance relaxed to achieve convergence from 5.0288067195806202e-03 to 5.0288067195806514e-03 seconds.
Warning: Simulation tolerance relaxed to achieve convergence from 5.0288067195806514e-03 to 5.0288067195806618e-03 seconds.
Warning: Simulation tolerance relaxed to achieve convergence from 5.0288067195806618e-03 to 5.0288067195806826e-03 seconds.
Warning: Simulation tolerance relaxed to achieve convergence from 5.0288067195806826e-03 to 5.0288067195807347e-03 seconds.
Warning: Simulation tolerance relaxed to achieve convergence from 5.0288067195807347e-03 to 5.0288067195808179e-03 seconds.
Warning: Simulation tolerance relaxed to achieve convergence from 5.0288067195808179e-03 to 5.0288067195808283e-03 seconds.
Warning: Simulation tolerance relaxed to achieve convergence from 5.0288067195808283e-03 to 5.0288067195808908e-03 seconds.
Warning: Simulation tolerance relaxed to achieve convergence from 5.0288067195808908e-03 to 5.0288067195809324e-03 seconds.
Warning: Simulation tolerance relaxed to achieve convergence from 5.0288067195809324e-03 to 5.0288067195809532e-03 seconds.
Warning: Simulation tolerance relaxed to achieve convergence from 5.0288067195809532e-03 to 5.0288067195809845e-03 seconds.
Warning: Simulation tolerance relaxed to achieve convergence from 5.0288067195809845e-03 to 5.0288067195810365e-03 seconds.
Warning: Simulation tolerance relaxed to achieve convergence from 5.0288067195810365e-03 to 5.0288067195810677e-03 seconds.
Warning: Simulation tolerance relaxed to achieve convergence from 5.0288067195810677e-03 to 5.0288067195811406e-03 seconds.
Warning: Simulation tolerance relaxed to achieve convergence from 5.0288067195811406e-03 to 5.0288067195811614e-03 seconds.
Warning: Simulation tolerance relaxed to achieve convergence from 5.0288067195811614e-03 to 5.0288067195812343e-03 seconds.
Warning: Simulation tolerance relaxed to achieve convergence from 5.0288067195812343e-03 to 5.0288067195812447e-03 seconds.
Warning: Simulation tolerance relaxed to achieve convergence from 5.0288067195812447e-03 to 5.0288067195812759e-03 seconds.
Warning: Simulation tolerance relaxed to achieve convergence from 5.0288067195812759e-03 to 5.0288067195812967e-03 seconds.
Warning: Simulation tolerance relaxed to achieve convergence from 5.0288067195812967e-03 to 5.0288067195813383e-03 seconds.
Warning: Simulation tolerance relaxed to achieve convergence from 5.0288067195813383e-03 to 5.0288067195813800e-03 seconds.
Warning: Simulation tolerance relaxed to achieve convergence from 5.0288067195813800e-03 to 5.0288067195814216e-03 seconds.
Warning: Simulation tolerance relaxed to achieve convergence from 5.0288067195814216e-03 to 5.0288067195814424e-03 seconds.
Warning: Simulation tolerance relaxed to achieve convergence from 5.0288067195814424e-03 to 5.0288067195815049e-03 seconds.
Warning: Simulation tolerance relaxed to achieve convergence from 5.0288067195815049e-03 to 5.0288067195815465e-03 seconds.
Warning: Simulation tolerance relaxed to achieve convergence from 5.0288067195815465e-03 to 5.0288067195815881e-03 seconds.
Warning: Simulation tolerance relaxed to achieve convergence from 5.0288067195815881e-03 to 5.0288067195816090e-03 seconds.
Warning: Simulation tolerance relaxed to achieve convergence from 5.0288067195816090e-03 to 5.0288067195816714e-03 seconds.
Warning: Simulation tolerance relaxed to achieve convergence from 5.0288067195816714e-03 to 5.0288067195816818e-03 seconds.
Warning: Simulation tolerance relaxed to achieve convergence from 5.0288067195816818e-03 to 5.0288067195817026e-03 seconds.
Warning: Simulation tolerance relaxed to achieve convergence from 5.0288067195817026e-03 to 5.0288067195817234e-03 seconds.
Warning: Simulation tolerance relaxed to achieve convergence from 5.0288067195817234e-03 to 5.0288067195817547e-03 seconds.
Warning: Simulation tolerance relaxed to achieve convergence from 5.0288067195817547e-03 to 5.0288067195818379e-03 seconds.
Warning: Simulation tolerance relaxed to achieve convergence from 5.0288067195818379e-03 to 5.0288067195818483e-03 seconds.
Warning: Simulation tolerance relaxed to achieve convergence from 5.0288067195818483e-03 to 5.0288067195818796e-03 seconds.
Warning: Simulation tolerance relaxed to achieve convergence from 5.0288067195818796e-03 to 5.0288067195819316e-03 seconds.
Warning: Simulation tolerance relaxed to achieve convergence from 5.0288067195819316e-03 to 5.0288067195819837e-03 seconds.
Warning: Simulation tolerance relaxed to achieve convergence from 5.0288067195819837e-03 to 5.0288067195820045e-03 seconds.
Warning: Simulation tolerance relaxed to achieve convergence from 5.0288067195820045e-03 to 5.0288067195820253e-03 seconds.
Warning: Simulation tolerance relaxed to achieve convergence from 5.0288067195820253e-03 to 5.0288067195820461e-03 seconds.
Warning: Simulation tolerance relaxed to achieve convergence from 5.0288067195820461e-03 to 5.0288067195820981e-03 seconds.
Warning: Simulation tolerance relaxed to achieve convergence from 5.0288067195820981e-03 to 5.0288067195821502e-03 seconds.
Warning: Simulation tolerance relaxed to achieve convergence from 5.0288067195821502e-03 to 5.0288067195821710e-03 seconds.
Warning: Simulation tolerance relaxed to achieve convergence from 5.0288067195821710e-03 to 5.0288067195822230e-03 seconds.
Warning: Simulation tolerance relaxed to achieve convergence from 5.0288067195822230e-03 to 5.0288067195822647e-03 seconds.
Warning: Simulation tolerance relaxed to achieve convergence from 5.0288067195822647e-03 to 5.0288067195823063e-03 seconds.
Warning: Simulation tolerance relaxed to achieve convergence from 5.0288067195823063e-03 to 5.0288067195823167e-03 seconds.
Warning: Simulation tolerance relaxed to achieve convergence from 5.0288067195823167e-03 to 5.0288067195823271e-03 seconds.
Warning: Simulation tolerance relaxed to achieve convergence from 5.0288067195823271e-03 to 5.0288067195823688e-03 seconds.
Warning: Simulation tolerance relaxed to achieve convergence from 5.0288067195823688e-03 to 5.0288067195823792e-03 seconds.
Warning: Simulation tolerance relaxed to achieve convergence from 5.0288067195823792e-03 to 5.0288067195824000e-03 seconds.
Warning: Simulation tolerance relaxed to achieve convergence from 5.0288067195824000e-03 to 5.0288067195824624e-03 seconds.
Warning: Simulation tolerance relaxed to achieve convergence from 5.0288067195824624e-03 to 5.0288067195824937e-03 seconds.
Warning: Simulation tolerance relaxed to achieve convergence from 5.0288067195824937e-03 to 5.0288067195825561e-03 seconds.
Warning: Simulation tolerance relaxed to achieve convergence from 5.0288067195825561e-03 to 5.0288067195825665e-03 seconds.
Warning: Simulation tolerance relaxed to achieve convergence from 5.0288067195825665e-03 to 5.0288067195826082e-03 seconds.
Warning: Simulation tolerance relaxed to achieve convergence from 5.0288067195826082e-03 to 5.0288067195826498e-03 seconds.
Warning: Simulation tolerance relaxed to achieve convergence from 5.0288067195826498e-03 to 5.0288067195826810e-03 seconds.
Warning: Simulation tolerance relaxed to achieve convergence from 5.0288067195826810e-03 to 5.0288067195827331e-03 seconds.
Warning: Simulation tolerance relaxed to achieve convergence from 5.0288067195827331e-03 to 5.0288067195828163e-03 seconds.
Warning: Simulation tolerance relaxed to achieve convergence from 5.0288067195828163e-03 to 5.0288067195828371e-03 seconds.
Warning: Simulation tolerance relaxed to achieve convergence from 5.0288067195828371e-03 to 5.0288067195828580e-03 seconds.
Warning: Simulation tolerance relaxed to achieve convergence from 5.0288067195828580e-03 to 5.0288067195828892e-03 seconds.
Warning: Simulation tolerance relaxed to achieve convergence from 5.0288067195828892e-03 to 5.0288067195829412e-03 seconds.
Warning: Simulation tolerance relaxed to achieve convergence from 5.0288067195829412e-03 to 5.0288067195829933e-03 seconds.
Warning: Simulation tolerance relaxed to achieve convergence from 5.0288067195829933e-03 to 5.0288067195830453e-03 seconds.
Warning: Simulation tolerance relaxed to achieve convergence from 5.0288067195830453e-03 to 5.0288067195830973e-03 seconds.
Warning: Simulation tolerance relaxed to achieve convergence from 5.0288067195830973e-03 to 5.0288067195831182e-03 seconds.
Warning: Simulation tolerance relaxed to achieve convergence from 5.0288067195831182e-03 to 5.0288067195831390e-03 seconds.
Warning: Simulation tolerance relaxed to achieve convergence from 5.0288067195831390e-03 to 5.0288067195831702e-03 seconds.
Warning: Simulation tolerance relaxed to achieve convergence from 5.0288067195831702e-03 to 5.0288067195831806e-03 seconds.
Warning: Simulation tolerance relaxed to achieve convergence from 5.0288067195831806e-03 to 5.0288067195831910e-03 seconds.
Warning: Simulation tolerance relaxed to achieve convergence from 5.0288067195832014e-03 to 5.0288067195832118e-03 seconds.
Warning: Simulation tolerance relaxed to achieve convergence from 5.0288067195832118e-03 to 5.0288067195832222e-03 seconds.
Warning: Simulation tolerance relaxed to achieve convergence from 5.0288067195832734e-03 to 5.0288067195833255e-03 seconds.
Warning: Simulation tolerance relaxed to achieve convergence from 5.0288067195833255e-03 to 5.0288067195833567e-03 seconds.
Warning: Simulation tolerance relaxed to achieve convergence from 5.0288067195833567e-03 to 5.0288067195833775e-03 seconds.
Warning: Simulation tolerance relaxed to achieve convergence from 5.0288067195833775e-03 to 5.0288067195833983e-03 seconds.
Warning: Simulation tolerance relaxed to achieve convergence from 5.0288067195833983e-03 to 5.0288067195834191e-03 seconds.
Warning: Simulation tolerance relaxed to achieve convergence from 5.0288067195834191e-03 to 5.0288067195834400e-03 seconds.
Warning: Simulation tolerance relaxed to achieve convergence from 5.0288067195834400e-03 to 5.0288067195834504e-03 seconds.
Warning: Simulation tolerance relaxed to achieve convergence from 5.0288067195834504e-03 to 5.0288067195835024e-03 seconds.
Warning: Simulation tolerance relaxed to achieve convergence from 5.0288067195835024e-03 to 5.0288067195835753e-03 seconds.
Warning: Simulation tolerance relaxed to achieve convergence from 5.0288067195835753e-03 to 5.0288067195835961e-03 seconds.
Warning: Simulation tolerance relaxed to achieve convergence from 5.0288067195835961e-03 to 5.0288067195836481e-03 seconds.
Warning: Simulation tolerance relaxed to achieve convergence from 5.0288067195836481e-03 to 5.0288067195836585e-03 seconds.
Warning: Simulation tolerance relaxed to achieve convergence from 5.0288067195836585e-03 to 5.0288067195836793e-03 seconds.
Warning: Simulation tolerance relaxed to achieve convergence from 5.0288067195836793e-03 to 5.0288067195837210e-03 seconds.
Warning: Simulation tolerance relaxed to achieve convergence from 5.0288067195837210e-03 to 5.0288067195837418e-03 seconds.
Warning: Simulation tolerance relaxed to achieve convergence from 5.0288067195837418e-03 to 5.0288067195838251e-03 seconds.
Warning: Simulation tolerance relaxed to achieve convergence from 5.0288067195838251e-03 to 5.0288067195838355e-03 seconds.
Warning: Simulation tolerance relaxed to achieve convergence from 5.0288067195838355e-03 to 5.0288067195838459e-03 seconds.
Warning: Simulation tolerance relaxed to achieve convergence from 5.0288067195838459e-03 to 5.0288067195838771e-03 seconds.
Warning: Simulation tolerance relaxed to achieve convergence from 5.0288067195838771e-03 to 5.0288067195839604e-03 seconds.
Warning: Simulation tolerance relaxed to achieve convergence from 5.0288067195839604e-03 to 5.0288067195840020e-03 seconds.
Warning: Simulation tolerance relaxed to achieve convergence from 5.0288067195840020e-03 to 5.0288067195840436e-03 seconds.
Warning: Simulation tolerance relaxed to achieve convergence from 5.0288067195840436e-03 to 5.0288067195840540e-03 seconds.
Warning: Simulation tolerance relaxed to achieve convergence from 5.0288067195840540e-03 to 5.0288067195840957e-03 seconds.
Warning: Simulation tolerance relaxed to achieve convergence from 5.0288067195840957e-03 to 5.0288067195841373e-03 seconds.
Warning: Simulation tolerance relaxed to achieve convergence from 5.0288067195841373e-03 to 5.0288067195841581e-03 seconds.
Warning: Simulation tolerance relaxed to achieve convergence from 5.0288067195841581e-03 to 5.0288067195842310e-03 seconds.
Warning: Simulation tolerance relaxed to achieve convergence from 5.0288067195842310e-03 to 5.0288067195842414e-03 seconds.
Warning: Simulation tolerance relaxed to achieve convergence from 5.0288067195842414e-03 to 5.0288067195842622e-03 seconds.
Warning: Simulation tolerance relaxed to achieve convergence from 5.0288067195842622e-03 to 5.0288067195842830e-03 seconds.
Warning: Simulation tolerance relaxed to achieve convergence from 5.0288067195842830e-03 to 5.0288067195843247e-03 seconds.
Warning: Simulation tolerance relaxed to achieve convergence from 5.0288067195843247e-03 to 5.0288067195843455e-03 seconds.
Warning: Simulation tolerance relaxed to achieve convergence from 5.0288067195843455e-03 to 5.0288067195843663e-03 seconds.
Warning: Simulation tolerance relaxed to achieve convergence from 5.0288067195843663e-03 to 5.0288067195844183e-03 seconds.
Warning: Simulation tolerance relaxed to achieve convergence from 5.0288067195844183e-03 to 5.0288067195844912e-03 seconds.
Warning: Simulation tolerance relaxed to achieve convergence from 5.0288067195844912e-03 to 5.0288067195845120e-03 seconds.
Warning: Simulation tolerance relaxed to achieve convergence from 5.0288067195845120e-03 to 5.0288067195845745e-03 seconds.
Warning: Simulation tolerance relaxed to achieve convergence from 5.0288067195845745e-03 to 5.0288067195845849e-03 seconds.
Warning: Simulation tolerance relaxed to achieve convergence from 5.0288067195845849e-03 to 5.0288067195845953e-03 seconds.
Warning: Simulation tolerance relaxed to achieve convergence from 5.0288067195845953e-03 to 5.0288067195846057e-03 seconds.
Warning: Simulation tolerance relaxed to achieve convergence from 5.0288067195846057e-03 to 5.0288067195846369e-03 seconds.
Warning: Simulation tolerance relaxed to achieve convergence from 5.0288067195846369e-03 to 5.0288067195846994e-03 seconds.
Warning: Simulation tolerance relaxed to achieve convergence from 5.0288067195846994e-03 to 5.0288067195847202e-03 seconds.
Warning: Simulation tolerance relaxed to achieve convergence from 5.0288067195847202e-03 to 5.0288067195847826e-03 seconds.
Warning: Simulation tolerance relaxed to achieve convergence from 5.0288067195847826e-03 to 5.0288067195847930e-03 seconds.
Warning: Simulation tolerance relaxed to achieve convergence from 5.0288067195847930e-03 to 5.0288067195848243e-03 seconds.
Warning: Simulation tolerance relaxed to achieve convergence from 5.0288067195848243e-03 to 5.0288067195848451e-03 seconds.
Warning: Simulation tolerance relaxed to achieve convergence from 5.0288067195848451e-03 to 5.0288067195848971e-03 seconds.
Warning: Simulation tolerance relaxed to achieve convergence from 5.0288067195848971e-03 to 5.0288067195849075e-03 seconds.
Warning: Simulation tolerance relaxed to achieve convergence from 5.0288067195849075e-03 to 5.0288067195849284e-03 seconds.
Warning: Simulation tolerance relaxed to achieve convergence from 5.0288067195849284e-03 to 5.0288067195849492e-03 seconds.
Warning: Simulation tolerance relaxed to achieve convergence from 5.0288067195849492e-03 to 5.0288067195850012e-03 seconds.
Warning: Simulation tolerance relaxed to achieve convergence from 5.0288067195850012e-03 to 5.0288067195850116e-03 seconds.
Warning: Simulation tolerance relaxed to achieve convergence from 5.0288067195850116e-03 to 5.0288067195850324e-03 seconds.
Warning: Simulation tolerance relaxed to achieve convergence from 5.0288067195850324e-03 to 5.0288067195850637e-03 seconds.
Warning: Simulation tolerance relaxed to achieve convergence from 5.0288067195850637e-03 to 5.0288067195851365e-03 seconds.
Warning: Simulation tolerance relaxed to achieve convergence from 5.0288067195851365e-03 to 5.0288067195851573e-03 seconds.
Warning: Simulation tolerance relaxed to achieve convergence from 5.0288067195851573e-03 to 5.0288067195852510e-03 seconds.
Warning: Simulation tolerance relaxed to achieve convergence from 5.0288067195852510e-03 to 5.0288067195852718e-03 seconds.
Warning: Simulation tolerance relaxed to achieve convergence from 5.0288067195852718e-03 to 5.0288067195853135e-03 seconds.
Warning: Simulation tolerance relaxed to achieve convergence from 5.0288067195853135e-03 to 5.0288067195853551e-03 seconds.
Warning: Simulation tolerance relaxed to achieve convergence from 5.0288067195853551e-03 to 5.0288067195853967e-03 seconds.
Warning: Simulation tolerance relaxed to achieve convergence from 5.0288067195853967e-03 to 5.0288067195854175e-03 seconds.
Warning: Simulation tolerance relaxed to achieve convergence from 5.0288067195854175e-03 to 5.0288067195854384e-03 seconds.
Warning: Simulation tolerance relaxed to achieve convergence from 5.0288067195854384e-03 to 5.0288067195854488e-03 seconds.
Warning: Simulation tolerance relaxed to achieve convergence from 5.0288067195854488e-03 to 5.0288067195855008e-03 seconds.
Warning: Simulation tolerance relaxed to achieve convergence from 5.0288067195855008e-03 to 5.0288067195855216e-03 seconds.
Warning: Simulation tolerance relaxed to achieve convergence from 5.0288067195855216e-03 to 5.0288067195855737e-03 seconds.
Warning: Simulation tolerance relaxed to achieve convergence from 5.0288067195855737e-03 to 5.0288067195855841e-03 seconds.
Warning: Simulation tolerance relaxed to achieve convergence from 5.0288067195855841e-03 to 5.0288067195856257e-03 seconds.
Warning: Simulation tolerance relaxed to achieve convergence from 5.0288067195856257e-03 to 5.0288067195856465e-03 seconds.
Warning: Simulation tolerance relaxed to achieve convergence from 5.0288067195856465e-03 to 5.0288067195856673e-03 seconds.
Warning: Simulation tolerance relaxed to achieve convergence from 5.0288067195856673e-03 to 5.0288067195857090e-03 seconds.
Warning: Simulation tolerance relaxed to achieve convergence from 5.0288067195857090e-03 to 5.0288067195857506e-03 seconds.
Warning: Simulation tolerance relaxed to achieve convergence from 5.0288067195857506e-03 to 5.0288067195857922e-03 seconds.
Warning: Simulation tolerance relaxed to achieve convergence from 5.0288067195857922e-03 to 5.0288067195858027e-03 seconds.
Warning: Simulation tolerance relaxed to achieve convergence from 5.0288067195858027e-03 to 5.0288067195858131e-03 seconds.
Warning: Simulation tolerance relaxed to achieve convergence from 5.0288067195858131e-03 to 5.0288067195858547e-03 seconds.
Warning: Simulation tolerance relaxed to achieve convergence from 5.0288067195858547e-03 to 5.0288067195858755e-03 seconds.
Warning: Simulation tolerance relaxed to achieve convergence from 5.0288067195858755e-03 to 5.0288067195858963e-03 seconds.
Warning: Simulation tolerance relaxed to achieve convergence from 5.0288067195858963e-03 to 5.0288067195859796e-03 seconds.
Warning: Simulation tolerance relaxed to achieve convergence from 5.0288067195859796e-03 to 5.0288067195860212e-03 seconds.
Warning: Simulation tolerance relaxed to achieve convergence from 5.0288067195860212e-03 to 5.0288067195860733e-03 seconds.
Warning: Simulation tolerance relaxed to achieve convergence from 5.0288067195860733e-03 to 5.0288067195860941e-03 seconds.
Warning: Simulation tolerance relaxed to achieve convergence from 5.0288067195860941e-03 to 5.0288067195861253e-03 seconds.
Warning: Simulation tolerance relaxed to achieve convergence from 5.0288067195861253e-03 to 5.0288067195861461e-03 seconds.
Warning: Simulation tolerance relaxed to achieve convergence from 5.0288067195861461e-03 to 5.0288067195861982e-03 seconds.
Warning: Simulation tolerance relaxed to achieve convergence from 5.0288067195861982e-03 to 5.0288067195862190e-03 seconds.
Warning: Simulation tolerance relaxed to achieve convergence from 5.0288067195862190e-03 to 5.0288067195862710e-03 seconds.
Warning: Simulation tolerance relaxed to achieve convergence from 5.0288067195862710e-03 to 5.0288067195862918e-03 seconds.
Warning: Simulation tolerance relaxed to achieve convergence from 5.0288067195862918e-03 to 5.0288067195863439e-03 seconds.
Warning: Simulation tolerance relaxed to achieve convergence from 5.0288067195863439e-03 to 5.0288067195863959e-03 seconds.
Warning: Simulation tolerance relaxed to achieve convergence from 5.0288067195863959e-03 to 5.0288067195864896e-03 seconds.
Warning: Simulation tolerance relaxed to achieve convergence from 5.0288067195864896e-03 to 5.0288067195865104e-03 seconds.
Warning: Simulation tolerance relaxed to achieve convergence from 5.0288067195865104e-03 to 5.0288067195865729e-03 seconds.
Warning: Simulation tolerance relaxed to achieve convergence from 5.0288067195865729e-03 to 5.0288067195865833e-03 seconds.
Warning: Simulation tolerance relaxed to achieve convergence from 5.0288067195865833e-03 to 5.0288067195865937e-03 seconds.
Warning: Simulation tolerance relaxed to achieve convergence from 5.0288067195865937e-03 to 5.0288067195866145e-03 seconds.
Warning: Simulation tolerance relaxed to achieve convergence from 5.0288067195866145e-03 to 5.0288067195866561e-03 seconds.
Warning: Simulation tolerance relaxed to achieve convergence from 5.0288067195866561e-03 to 5.0288067195866665e-03 seconds.
Warning: Simulation tolerance relaxed to achieve convergence from 5.0288067195866665e-03 to 5.0288067195866874e-03 seconds.
Warning: Simulation tolerance relaxed to achieve convergence from 5.0288067195866874e-03 to 5.0288067195867082e-03 seconds.
Warning: Simulation tolerance relaxed to achieve convergence from 5.0288067195867082e-03 to 5.0288067195867290e-03 seconds.
Warning: Simulation tolerance relaxed to achieve convergence from 5.0288067195867290e-03 to 5.0288067195867498e-03 seconds.
Warning: Simulation tolerance relaxed to achieve convergence from 5.0288067195867498e-03 to 5.0288067195867810e-03 seconds.
Warning: Simulation tolerance relaxed to achieve convergence from 5.0288067195867810e-03 to 5.0288067195868019e-03 seconds.
Warning: Simulation tolerance relaxed to achieve convergence from 5.0288067195868019e-03 to 5.0288067195868851e-03 seconds.
Warning: Simulation tolerance relaxed to achieve convergence from 5.0288067195868851e-03 to 5.0288067195869476e-03 seconds.
Warning: Simulation tolerance relaxed to achieve convergence from 5.0288067195869476e-03 to 5.0288067195869684e-03 seconds.
Warning: Simulation tolerance relaxed to achieve convergence from 5.0288067195869684e-03 to 5.0288067195870100e-03 seconds.
Warning: Simulation tolerance relaxed to achieve convergence from 5.0288067195870100e-03 to 5.0288067195870308e-03 seconds.
Warning: Simulation tolerance relaxed to achieve convergence from 5.0288067195870308e-03 to 5.0288067195870412e-03 seconds.
Warning: Simulation tolerance relaxed to achieve convergence from 5.0288067195870412e-03 to 5.0288067195870621e-03 seconds.
Warning: Simulation tolerance relaxed to achieve convergence from 5.0288067195870621e-03 to 5.0288067195870933e-03 seconds.
Warning: Simulation tolerance relaxed to achieve convergence from 5.0288067195870933e-03 to 5.0288067195871141e-03 seconds.
Warning: Simulation tolerance relaxed to achieve convergence from 5.0288067195871141e-03 to 5.0288067195871870e-03 seconds.
Warning: Simulation tolerance relaxed to achieve convergence from 5.0288067195871870e-03 to 5.0288067195872286e-03 seconds.
Warning: Simulation tolerance relaxed to achieve convergence from 5.0288067195872286e-03 to 5.0288067195872702e-03 seconds.
Warning: Simulation tolerance relaxed to achieve convergence from 5.0288067195872702e-03 to 5.0288067195872910e-03 seconds.
Warning: Simulation tolerance relaxed to achieve convergence from 5.0288067195872910e-03 to 5.0288067195873119e-03 seconds.
Warning: Simulation tolerance relaxed to achieve convergence from 5.0288067195873119e-03 to 5.0288067195873639e-03 seconds.
Warning: Simulation tolerance relaxed to achieve convergence from 5.0288067195873639e-03 to 5.0288067195873847e-03 seconds.
Warning: Simulation tolerance relaxed to achieve convergence from 5.0288067195873847e-03 to 5.0288067195874368e-03 seconds.
Warning: Simulation tolerance relaxed to achieve convergence from 5.0288067195874368e-03 to 5.0288067195874992e-03 seconds.
Warning: Simulation tolerance relaxed to achieve convergence from 5.0288067195874992e-03 to 5.0288067195875200e-03 seconds.
Warning: Simulation tolerance relaxed to achieve convergence from 5.0288067195875200e-03 to 5.0288067195875825e-03 seconds.
Warning: Simulation tolerance relaxed to achieve convergence from 5.0288067195875825e-03 to 5.0288067195876033e-03 seconds.
Warning: Simulation tolerance relaxed to achieve convergence from 5.0288067195876033e-03 to 5.0288067195876657e-03 seconds.
Warning: Simulation tolerance relaxed to achieve convergence from 5.0288067195876657e-03 to 5.0288067195876970e-03 seconds.
Warning: Simulation tolerance relaxed to achieve convergence from 5.0288067195876970e-03 to 5.0288067195877490e-03 seconds.
Warning: Simulation tolerance relaxed to achieve convergence from 5.0288067195877490e-03 to 5.0288067195877698e-03 seconds.
Warning: Simulation tolerance relaxed to achieve convergence from 5.0288067195877698e-03 to 5.0288067195878115e-03 seconds.
Warning: Simulation tolerance relaxed to achieve convergence from 5.0288067195878115e-03 to 5.0288067195878323e-03 seconds.
Warning: Simulation tolerance relaxed to achieve convergence from 5.0288067195878323e-03 to 5.0288067195879155e-03 seconds.
Warning: Simulation tolerance relaxed to achieve convergence from 5.0288067195879155e-03 to 5.0288067195879260e-03 seconds.
Warning: Simulation tolerance relaxed to achieve convergence from 5.0288067195879260e-03 to 5.0288067195879468e-03 seconds.
Warning: Simulation tolerance relaxed to achieve convergence from 5.0288067195879468e-03 to 5.0288067195879676e-03 seconds.
Warning: Simulation tolerance relaxed to achieve convergence from 5.0288067195879676e-03 to 5.0288067195879988e-03 seconds.
Warning: Simulation tolerance relaxed to achieve convergence from 5.0288067195879988e-03 to 5.0288067195880717e-03 seconds.
Warning: Simulation tolerance relaxed to achieve convergence from 5.0288067195880717e-03 to 5.0288067195881237e-03 seconds.
Warning: Simulation tolerance relaxed to achieve convergence from 5.0288067195881237e-03 to 5.0288067195881862e-03 seconds.
Warning: Simulation tolerance relaxed to achieve convergence from 5.0288067195881862e-03 to 5.0288067195882070e-03 seconds.
Warning: Simulation tolerance relaxed to achieve convergence from 5.0288067195882070e-03 to 5.0288067195882278e-03 seconds.
Warning: Simulation tolerance relaxed to achieve convergence from 5.0288067195882278e-03 to 5.0288067195883111e-03 seconds.
Warning: Simulation tolerance relaxed to achieve convergence from 5.0288067195883111e-03 to 5.0288067195883527e-03 seconds.
Warning: Simulation tolerance relaxed to achieve convergence from 5.0288067195883527e-03 to 5.0288067195883839e-03 seconds.
Warning: Simulation tolerance relaxed to achieve convergence from 5.0288067195883839e-03 to 5.0288067195884047e-03 seconds.
Warning: Simulation tolerance relaxed to achieve convergence from 5.0288067195884047e-03 to 5.0288067195884568e-03 seconds.
Warning: Simulation tolerance relaxed to achieve convergence from 5.0288067195884568e-03 to 5.0288067195884984e-03 seconds.
Warning: Simulation tolerance relaxed to achieve convergence from 5.0288067195884984e-03 to 5.0288067195885296e-03 seconds.
Warning: Simulation tolerance relaxed to achieve convergence from 5.0288067195885296e-03 to 5.0288067195885817e-03 seconds.
Warning: Simulation tolerance relaxed to achieve convergence from 5.0288067195885817e-03 to 5.0288067195886441e-03 seconds.
Warning: Simulation tolerance relaxed to achieve convergence from 5.0288067195886441e-03 to 5.0288067195886962e-03 seconds.
Warning: Simulation tolerance relaxed to achieve convergence from 5.0288067195886962e-03 to 5.0288067195887586e-03 seconds.
Warning: Simulation tolerance relaxed to achieve convergence from 5.0288067195887586e-03 to 5.0288067195888003e-03 seconds.
Warning: Simulation tolerance relaxed to achieve convergence from 5.0288067195888003e-03 to 5.0288067195888315e-03 seconds.
Warning: Simulation tolerance relaxed to achieve convergence from 5.0288067195888315e-03 to 5.0288067195888731e-03 seconds.
Warning: Simulation tolerance relaxed to achieve convergence from 5.0288067195888731e-03 to 5.0288067195889356e-03 seconds.
Warning: Simulation tolerance relaxed to achieve convergence from 5.0288067195889356e-03 to 5.0288067195889460e-03 seconds.
Warning: Simulation tolerance relaxed to achieve convergence from 5.0288067195889460e-03 to 5.0288067195889668e-03 seconds.
Warning: Simulation tolerance relaxed to achieve convergence from 5.0288067195889668e-03 to 5.0288067195889876e-03 seconds.
Warning: Simulation tolerance relaxed to achieve convergence from 5.0288067195889876e-03 to 5.0288067195890501e-03 seconds.
Warning: Simulation tolerance relaxed to achieve convergence from 5.0288067195890501e-03 to 5.0288067195891021e-03 seconds.
Warning: Simulation tolerance relaxed to achieve convergence from 5.0288067195891021e-03 to 5.0288067195891229e-03 seconds.
Warning: Simulation tolerance relaxed to achieve convergence from 5.0288067195891229e-03 to 5.0288067195891750e-03 seconds.
Warning: Simulation tolerance relaxed to achieve convergence from 5.0288067195891750e-03 to 5.0288067195891958e-03 seconds.
Warning: Simulation tolerance relaxed to achieve convergence from 5.0288067195891958e-03 to 5.0288067195892062e-03 seconds.
Warning: Simulation tolerance relaxed to achieve convergence from 5.0288067195892062e-03 to 5.0288067195892270e-03 seconds.
Warning: Simulation tolerance relaxed to achieve convergence from 5.0288067195892270e-03 to 5.0288067195892478e-03 seconds.
Warning: Simulation tolerance relaxed to achieve convergence from 5.0288067195892478e-03 to 5.0288067195892999e-03 seconds.
Warning: Simulation tolerance relaxed to achieve convergence from 5.0288067195892999e-03 to 5.0288067195893519e-03 seconds.
Warning: Simulation tolerance relaxed to achieve convergence from 5.0288067195893519e-03 to 5.0288067195893727e-03 seconds.
Warning: Simulation tolerance relaxed to achieve convergence from 5.0288067195893727e-03 to 5.0288067195894248e-03 seconds.
Warning: Simulation tolerance relaxed to achieve convergence from 5.0288067195894248e-03 to 5.0288067195894560e-03 seconds.
Warning: Simulation tolerance relaxed to achieve convergence from 5.0288067195894560e-03 to 5.0288067195894768e-03 seconds.
Warning: Simulation tolerance relaxed to achieve convergence from 5.0288067195894768e-03 to 5.0288067195895601e-03 seconds.
Warning: Simulation tolerance relaxed to achieve convergence from 5.0288067195895601e-03 to 5.0288067195895705e-03 seconds.
Warning: Simulation tolerance relaxed to achieve convergence from 5.0288067195895705e-03 to 5.0288067195895913e-03 seconds.
Warning: Simulation tolerance relaxed to achieve convergence from 5.0288067195895913e-03 to 5.0288067195896329e-03 seconds.
Warning: Simulation tolerance relaxed to achieve convergence from 5.0288067195896329e-03 to 5.0288067195896537e-03 seconds.
Warning: Simulation tolerance relaxed to achieve convergence from 5.0288067195896537e-03 to 5.0288067195897058e-03 seconds.
Warning: Simulation tolerance relaxed to achieve convergence from 5.0288067195897058e-03 to 5.0288067195897370e-03 seconds.
Warning: Simulation tolerance relaxed to achieve convergence from 5.0288067195897370e-03 to 5.0288067195897995e-03 seconds.
Warning: Simulation tolerance relaxed to achieve convergence from 5.0288067195897995e-03 to 5.0288067195898099e-03 seconds.
Warning: Simulation tolerance relaxed to achieve convergence from 5.0288067195898099e-03 to 5.0288067195898307e-03 seconds.
Warning: Simulation tolerance relaxed to achieve convergence from 5.0288067195898307e-03 to 5.0288067195898411e-03 seconds.
Warning: Simulation tolerance relaxed to achieve convergence from 5.0288067195898411e-03 to 5.0288067195898619e-03 seconds.
Warning: Simulation tolerance relaxed to achieve convergence from 5.0288067195898619e-03 to 5.0288067195898827e-03 seconds.
Warning: Simulation tolerance relaxed to achieve convergence from 5.0288067195898827e-03 to 5.0288067195899348e-03 seconds.
Warning: Simulation tolerance relaxed to achieve convergence from 5.0288067195899348e-03 to 5.0288067195899972e-03 seconds.
Warning: Simulation tolerance relaxed to achieve convergence from 5.0288067195899972e-03 to 5.0288067195900493e-03 seconds.
Warning: Simulation tolerance relaxed to achieve convergence from 5.0288067195900493e-03 to 5.0288067195900701e-03 seconds.
Warning: Simulation tolerance relaxed to achieve convergence from 5.0288067195900701e-03 to 5.0288067195901013e-03 seconds.
Warning: Simulation tolerance relaxed to achieve convergence from 5.0288067195901013e-03 to 5.0288067195901117e-03 seconds.
Warning: Simulation tolerance relaxed to achieve convergence from 5.0288067195901117e-03 to 5.0288067195901637e-03 seconds.
Warning: Simulation tolerance relaxed to achieve convergence from 5.0288067195901637e-03 to 5.0288067195901846e-03 seconds.
Warning: Simulation tolerance relaxed to achieve convergence from 5.0288067195901846e-03 to 5.0288067195902262e-03 seconds.
Warning: Simulation tolerance relaxed to achieve convergence from 5.0288067195902262e-03 to 5.0288067195902574e-03 seconds.
Warning: Simulation tolerance relaxed to achieve convergence from 5.0288067195902574e-03 to 5.0288067195903407e-03 seconds.
Warning: Simulation tolerance relaxed to achieve convergence from 5.0288067195903407e-03 to 5.0288067195903615e-03 seconds.
Warning: Simulation tolerance relaxed to achieve convergence from 5.0288067195903615e-03 to 5.0288067195904031e-03 seconds.
Warning: Simulation tolerance relaxed to achieve convergence from 5.0288067195904031e-03 to 5.0288067195904552e-03 seconds.
Warning: Simulation tolerance relaxed to achieve convergence from 5.0288067195904552e-03 to 5.0288067195904760e-03 seconds.
Warning: Simulation tolerance relaxed to achieve convergence from 5.0288067195904760e-03 to 5.0288067195905072e-03 seconds.
Warning: Simulation tolerance relaxed to achieve convergence from 5.0288067195905072e-03 to 5.0288067195905384e-03 seconds.
Warning: Simulation tolerance relaxed to achieve convergence from 5.0288067195905384e-03 to 5.0288067195905905e-03 seconds.
Warning: Simulation tolerance relaxed to achieve convergence from 5.0288067195905905e-03 to 5.0288067195906529e-03 seconds.
Warning: Simulation tolerance relaxed to achieve convergence from 5.0288067195906529e-03 to 5.0288067195907050e-03 seconds.
Warning: Simulation tolerance relaxed to achieve convergence from 5.0288067195907050e-03 to 5.0288067195907154e-03 seconds.
Warning: Simulation tolerance relaxed to achieve convergence from 5.0288067195907154e-03 to 5.0288067195907258e-03 seconds.
Warning: Simulation tolerance relaxed to achieve convergence from 5.0288067195907258e-03 to 5.0288067195907466e-03 seconds.
Warning: Simulation tolerance relaxed to achieve convergence from 5.0288067195907466e-03 to 5.0288067195907674e-03 seconds.
Warning: Simulation tolerance relaxed to achieve convergence from 5.0288067195907674e-03 to 5.0288067195908195e-03 seconds.
Warning: Simulation tolerance relaxed to achieve convergence from 5.0288067195908195e-03 to 5.0288067195908403e-03 seconds.
Warning: Simulation tolerance relaxed to achieve convergence from 5.0288067195908403e-03 to 5.0288067195909027e-03 seconds.
Warning: Simulation tolerance relaxed to achieve convergence from 5.0288067195909027e-03 to 5.0288067195909236e-03 seconds.
Warning: Simulation tolerance relaxed to achieve convergence from 5.0288067195909236e-03 to 5.0288067195909860e-03 seconds.
Warning: Simulation tolerance relaxed to achieve convergence from 5.0288067195909860e-03 to 5.0288067195910172e-03 seconds.
Warning: Simulation tolerance relaxed to achieve convergence from 5.0288067195910172e-03 to 5.0288067195910901e-03 seconds.
Warning: Simulation tolerance relaxed to achieve convergence from 5.0288067195910901e-03 to 5.0288067195911421e-03 seconds.
Warning: Simulation tolerance relaxed to achieve convergence from 5.0288067195911421e-03 to 5.0288067195911629e-03 seconds.
Warning: Simulation tolerance relaxed to achieve convergence from 5.0288067195911629e-03 to 5.0288067195911838e-03 seconds.
Warning: Simulation tolerance relaxed to achieve convergence from 5.0288067195911838e-03 to 5.0288067195912358e-03 seconds.
Warning: Simulation tolerance relaxed to achieve convergence from 5.0288067195912358e-03 to 5.0288067195912878e-03 seconds.
Warning: Simulation tolerance relaxed to achieve convergence from 5.0288067195912878e-03 to 5.0288067195912983e-03 seconds.
Warning: Simulation tolerance relaxed to achieve convergence from 5.0288067195912983e-03 to 5.0288067195913191e-03 seconds.
Warning: Simulation tolerance relaxed to achieve convergence from 5.0288067195913191e-03 to 5.0288067195913399e-03 seconds.
Warning: Simulation tolerance relaxed to achieve convergence from 5.0288067195913399e-03 to 5.0288067195913607e-03 seconds.
Warning: Simulation tolerance relaxed to achieve convergence from 5.0288067195913607e-03 to 5.0288067195914232e-03 seconds.
Warning: Simulation tolerance relaxed to achieve convergence from 5.0288067195914232e-03 to 5.0288067195914648e-03 seconds.
Warning: Simulation tolerance relaxed to achieve convergence from 5.0288067195914648e-03 to 5.0288067195914856e-03 seconds.
Warning: Simulation tolerance relaxed to achieve convergence from 5.0288067195914856e-03 to 5.0288067195915481e-03 seconds.
Warning: Simulation tolerance relaxed to achieve convergence from 5.0288067195915481e-03 to 5.0288067195915689e-03 seconds.
Warning: Simulation tolerance relaxed to achieve convergence from 5.0288067195915689e-03 to 5.0288067195916417e-03 seconds.
Warning: Simulation tolerance relaxed to achieve convergence from 5.0288067195916417e-03 to 5.0288067195916938e-03 seconds.
Warning: Simulation tolerance relaxed to achieve convergence from 5.0288067195916938e-03 to 5.0288067195917042e-03 seconds.
Warning: Simulation tolerance relaxed to achieve convergence from 5.0288067195917042e-03 to 5.0288067195917562e-03 seconds.
Warning: Simulation tolerance relaxed to achieve convergence from 5.0288067195917562e-03 to 5.0288067195917666e-03 seconds.
Warning: Simulation tolerance relaxed to achieve convergence from 5.0288067195917666e-03 to 5.0288067195917874e-03 seconds.
Warning: Simulation tolerance relaxed to achieve convergence from 5.0288067195917874e-03 to 5.0288067195918083e-03 seconds.
Warning: Simulation tolerance relaxed to achieve convergence from 5.0288067195918083e-03 to 5.0288067195918395e-03 seconds.
Warning: Simulation tolerance relaxed to achieve convergence from 5.0288067195918395e-03 to 5.0288067195919019e-03 seconds.
Warning: Simulation tolerance relaxed to achieve convergence from 5.0288067195919019e-03 to 5.0288067195919644e-03 seconds.
Warning: Simulation tolerance relaxed to achieve convergence from 5.0288067195919644e-03 to 5.0288067195920268e-03 seconds.
Warning: Simulation tolerance relaxed to achieve convergence from 5.0288067195920268e-03 to 5.0288067195920477e-03 seconds.
Warning: Simulation tolerance relaxed to achieve convergence from 5.0288067195920477e-03 to 5.0288067195920581e-03 seconds.
Warning: Simulation tolerance relaxed to achieve convergence from 5.0288067195920581e-03 to 5.0288067195921205e-03 seconds.
Warning: Simulation tolerance relaxed to achieve convergence from 5.0288067195921205e-03 to 5.0288067195921413e-03 seconds.
Warning: Simulation tolerance relaxed to achieve convergence from 5.0288067195921413e-03 to 5.0288067195921934e-03 seconds.
Warning: Simulation tolerance relaxed to achieve convergence from 5.0288067195921934e-03 to 5.0288067195922142e-03 seconds.
Warning: Simulation tolerance relaxed to achieve convergence from 5.0288067195922142e-03 to 5.0288067195922454e-03 seconds.
Warning: Simulation tolerance relaxed to achieve convergence from 5.0288067195922454e-03 to 5.0288067195922975e-03 seconds.
Warning: Simulation tolerance relaxed to achieve convergence from 5.0288067195922975e-03 to 5.0288067195923495e-03 seconds.
Warning: Simulation tolerance relaxed to achieve convergence from 5.0288067195923495e-03 to 5.0288067195923911e-03 seconds.
Warning: Simulation tolerance relaxed to achieve convergence from 5.0288067195923911e-03 to 5.0288067195924224e-03 seconds.
Warning: Simulation tolerance relaxed to achieve convergence from 5.0288067195924224e-03 to 5.0288067195924848e-03 seconds.
Warning: Simulation tolerance relaxed to achieve convergence from 5.0288067195924848e-03 to 5.0288067195925056e-03 seconds.
Warning: Simulation tolerance relaxed to achieve convergence from 5.0288067195925056e-03 to 5.0288067195925264e-03 seconds.
Warning: Simulation tolerance relaxed to achieve convergence from 5.0288067195925264e-03 to 5.0288067195925473e-03 seconds.
Warning: Simulation tolerance relaxed to achieve convergence from 5.0288067195925473e-03 to 5.0288067195925681e-03 seconds.
Warning: Simulation tolerance relaxed to achieve convergence from 5.0288067195925681e-03 to 5.0288067195925785e-03 seconds.
Warning: Simulation tolerance relaxed to achieve convergence from 5.0288067195925785e-03 to 5.0288067195925889e-03 seconds.
Warning: Simulation tolerance relaxed to achieve convergence from 5.0288067195925889e-03 to 5.0288067195925993e-03 seconds.
Warning: Simulation tolerance relaxed to achieve convergence from 5.0288067195926097e-03 to 5.0288067195926201e-03 seconds.
Warning: Simulation tolerance relaxed to achieve convergence from 5.0288067195926305e-03 to 5.0288067195926722e-03 seconds.
Warning: Simulation tolerance relaxed to achieve convergence from 5.0288067195926722e-03 to 5.0288067195927242e-03 seconds.
Warning: Simulation tolerance relaxed to achieve convergence from 5.0288067195927242e-03 to 5.0288067195927762e-03 seconds.
Warning: Simulation tolerance relaxed to achieve convergence from 5.0288067195927762e-03 to 5.0288067195928283e-03 seconds.
Warning: Simulation tolerance relaxed to achieve convergence from 5.0288067195928283e-03 to 5.0288067195928491e-03 seconds.
Warning: Simulation tolerance relaxed to achieve convergence from 5.0288067195928491e-03 to 5.0288067195928699e-03 seconds.
Warning: Simulation tolerance relaxed to achieve convergence from 5.0288067195928699e-03 to 5.0288067195929220e-03 seconds.
Warning: Simulation tolerance relaxed to achieve convergence from 5.0288067195929220e-03 to 5.0288067195929428e-03 seconds.
Warning: Simulation tolerance relaxed to achieve convergence from 5.0288067195929428e-03 to 5.0288067195930052e-03 seconds.
Warning: Simulation tolerance relaxed to achieve convergence from 5.0288067195930052e-03 to 5.0288067195930156e-03 seconds.
Warning: Simulation tolerance relaxed to achieve convergence from 5.0288067195930156e-03 to 5.0288067195930364e-03 seconds.
Warning: Simulation tolerance relaxed to achieve convergence from 5.0288067195930364e-03 to 5.0288067195930573e-03 seconds.
Warning: Simulation tolerance relaxed to achieve convergence from 5.0288067195930573e-03 to 5.0288067195931197e-03 seconds.
Warning: Simulation tolerance relaxed to achieve convergence from 5.0288067195931197e-03 to 5.0288067195931405e-03 seconds.
Warning: Simulation tolerance relaxed to achieve convergence from 5.0288067195931405e-03 to 5.0288067195932238e-03 seconds.
Warning: Simulation tolerance relaxed to achieve convergence from 5.0288067195932238e-03 to 5.0288067195932342e-03 seconds.
Warning: Simulation tolerance relaxed to achieve convergence from 5.0288067195932342e-03 to 5.0288067195932550e-03 seconds.
Warning: Simulation tolerance relaxed to achieve convergence from 5.0288067195932550e-03 to 5.0288067195932967e-03 seconds.
Warning: Simulation tolerance relaxed to achieve convergence from 5.0288067195932967e-03 to 5.0288067195933175e-03 seconds.
Warning: Simulation tolerance relaxed to achieve convergence from 5.0288067195933175e-03 to 5.0288067195933799e-03 seconds.
Warning: Simulation tolerance relaxed to achieve convergence from 5.0288067195933799e-03 to 5.0288067195934320e-03 seconds.
Warning: Simulation tolerance relaxed to achieve convergence from 5.0288067195934320e-03 to 5.0288067195934528e-03 seconds.
Warning: Simulation tolerance relaxed to achieve convergence from 5.0288067195934528e-03 to 5.0288067195935048e-03 seconds.
Warning: Simulation tolerance relaxed to achieve convergence from 5.0288067195935048e-03 to 5.0288067195935777e-03 seconds.
Warning: Simulation tolerance relaxed to achieve convergence from 5.0288067195935777e-03 to 5.0288067195935985e-03 seconds.
Warning: Simulation tolerance relaxed to achieve convergence from 5.0288067195935985e-03 to 5.0288067195936818e-03 seconds.
Warning: Simulation tolerance relaxed to achieve convergence from 5.0288067195936818e-03 to 5.0288067195937026e-03 seconds.
Warning: Simulation tolerance relaxed to achieve convergence from 5.0288067195937026e-03 to 5.0288067195937234e-03 seconds.
Warning: Simulation tolerance relaxed to achieve convergence from 5.0288067195937234e-03 to 5.0288067195937858e-03 seconds.
Warning: Simulation tolerance relaxed to achieve convergence from 5.0288067195937858e-03 to 5.0288067195938379e-03 seconds.
Warning: Simulation tolerance relaxed to achieve convergence from 5.0288067195938379e-03 to 5.0288067195938483e-03 seconds.
Warning: Simulation tolerance relaxed to achieve convergence from 5.0288067195938483e-03 to 5.0288067195938587e-03 seconds.
Warning: Simulation tolerance relaxed to achieve convergence from 5.0288067195938587e-03 to 5.0288067195938795e-03 seconds.
Warning: Simulation tolerance relaxed to achieve convergence from 5.0288067195938795e-03 to 5.0288067195939003e-03 seconds.
Warning: Simulation tolerance relaxed to achieve convergence from 5.0288067195939003e-03 to 5.0288067195939212e-03 seconds.
Warning: Simulation tolerance relaxed to achieve convergence from 5.0288067195939212e-03 to 5.0288067195939732e-03 seconds.
Warning: Simulation tolerance relaxed to achieve convergence from 5.0288067195939732e-03 to 5.0288067195940252e-03 seconds.
Warning: Simulation tolerance relaxed to achieve convergence from 5.0288067195940252e-03 to 5.0288067195940565e-03 seconds.
Warning: Simulation tolerance relaxed to achieve convergence from 5.0288067195940565e-03 to 5.0288067195940981e-03 seconds.
Warning: Simulation tolerance relaxed to achieve convergence from 5.0288067195940981e-03 to 5.0288067195941293e-03 seconds.
Warning: Simulation tolerance relaxed to achieve convergence from 5.0288067195941293e-03 to 5.0288067195941605e-03 seconds.
Warning: Simulation tolerance relaxed to achieve convergence from 5.0288067195941605e-03 to 5.0288067195942230e-03 seconds.
Warning: Simulation tolerance relaxed to achieve convergence from 5.0288067195942230e-03 to 5.0288067195942750e-03 seconds.
Warning: Simulation tolerance relaxed to achieve convergence from 5.0288067195942750e-03 to 5.0288067195943375e-03 seconds.
Warning: Simulation tolerance relaxed to achieve convergence from 5.0288067195943375e-03 to 5.0288067195943999e-03 seconds.
Warning: Simulation tolerance relaxed to achieve convergence from 5.0288067195943999e-03 to 5.0288067195944416e-03 seconds.
Warning: Simulation tolerance relaxed to achieve convergence from 5.0288067195944416e-03 to 5.0288067195944832e-03 seconds.
Warning: Simulation tolerance relaxed to achieve convergence from 5.0288067195944832e-03 to 5.0288067195945040e-03 seconds.
Warning: Simulation tolerance relaxed to achieve convergence from 5.0288067195945040e-03 to 5.0288067195945769e-03 seconds.
Warning: Simulation tolerance relaxed to achieve convergence from 5.0288067195945769e-03 to 5.0288067195945873e-03 seconds.
Warning: Simulation tolerance relaxed to achieve convergence from 5.0288067195945873e-03 to 5.0288067195946081e-03 seconds.
Warning: Simulation tolerance relaxed to achieve convergence from 5.0288067195946081e-03 to 5.0288067195946393e-03 seconds.
Warning: Simulation tolerance relaxed to achieve convergence from 5.0288067195946393e-03 to 5.0288067195947122e-03 seconds.
Warning: Simulation tolerance relaxed to achieve convergence from 5.0288067195947122e-03 to 5.0288067195947746e-03 seconds.
Warning: Simulation tolerance relaxed to achieve convergence from 5.0288067195947746e-03 to 5.0288067195948267e-03 seconds.
Warning: Simulation tolerance relaxed to achieve convergence from 5.0288067195948267e-03 to 5.0288067195948787e-03 seconds.
Warning: Simulation tolerance relaxed to achieve convergence from 5.0288067195948787e-03 to 5.0288067195949412e-03 seconds.
Warning: Simulation tolerance relaxed to achieve convergence from 5.0288067195949412e-03 to 5.0288067195949620e-03 seconds.
Warning: Simulation tolerance relaxed to achieve convergence from 5.0288067195949620e-03 to 5.0288067195949828e-03 seconds.
Warning: Simulation tolerance relaxed to achieve convergence from 5.0288067195949828e-03 to 5.0288067195950036e-03 seconds.
Warning: Simulation tolerance relaxed to achieve convergence from 5.0288067195950036e-03 to 5.0288067195950244e-03 seconds.
Warning: Simulation tolerance relaxed to achieve convergence from 5.0288067195950244e-03 to 5.0288067195950348e-03 seconds.
Warning: Simulation tolerance relaxed to achieve convergence from 5.0288067195950348e-03 to 5.0288067195950557e-03 seconds.
Warning: Simulation tolerance relaxed to achieve convergence from 5.0288067195950557e-03 to 5.0288067195951493e-03 seconds.
Warning: Simulation tolerance relaxed to achieve convergence from 5.0288067195951493e-03 to 5.0288067195951702e-03 seconds.
Warning: Simulation tolerance relaxed to achieve convergence from 5.0288067195951702e-03 to 5.0288067195952534e-03 seconds.
Warning: Simulation tolerance relaxed to achieve convergence from 5.0288067195952534e-03 to 5.0288067195952742e-03 seconds.
Warning: Simulation tolerance relaxed to achieve convergence from 5.0288067195952742e-03 to 5.0288067195953159e-03 seconds.
Warning: Simulation tolerance relaxed to achieve convergence from 5.0288067195953159e-03 to 5.0288067195953471e-03 seconds.
Warning: Simulation tolerance relaxed to achieve convergence from 5.0288067195953471e-03 to 5.0288067195953679e-03 seconds.
Warning: Simulation tolerance relaxed to achieve convergence from 5.0288067195953679e-03 to 5.0288067195954095e-03 seconds.
Warning: Simulation tolerance relaxed to achieve convergence from 5.0288067195954095e-03 to 5.0288067195954304e-03 seconds.
Warning: Simulation tolerance relaxed to achieve convergence from 5.0288067195954304e-03 to 5.0288067195954824e-03 seconds.
Warning: Simulation tolerance relaxed to achieve convergence from 5.0288067195954824e-03 to 5.0288067195954928e-03 seconds.
Warning: Simulation tolerance relaxed to achieve convergence from 5.0288067195954928e-03 to 5.0288067195955136e-03 seconds.
Warning: Simulation tolerance relaxed to achieve convergence from 5.0288067195955136e-03 to 5.0288067195955344e-03 seconds.
Warning: Simulation tolerance relaxed to achieve convergence from 5.0288067195955344e-03 to 5.0288067195955761e-03 seconds.
Warning: Simulation tolerance relaxed to achieve convergence from 5.0288067195955761e-03 to 5.0288067195955969e-03 seconds.
Warning: Simulation tolerance relaxed to achieve convergence from 5.0288067195955969e-03 to 5.0288067195956698e-03 seconds.
Warning: Simulation tolerance relaxed to achieve convergence from 5.0288067195956698e-03 to 5.0288067195956906e-03 seconds.
Warning: Simulation tolerance relaxed to achieve convergence from 5.0288067195956906e-03 to 5.0288067195957426e-03 seconds.
Warning: Simulation tolerance relaxed to achieve convergence from 5.0288067195957426e-03 to 5.0288067195957947e-03 seconds.
Warning: Simulation tolerance relaxed to achieve convergence from 5.0288067195957947e-03 to 5.0288067195958155e-03 seconds.
Warning: Simulation tolerance relaxed to achieve convergence from 5.0288067195958155e-03 to 5.0288067195958779e-03 seconds.
Warning: Simulation tolerance relaxed to achieve convergence from 5.0288067195958779e-03 to 5.0288067195958883e-03 seconds.
Warning: Simulation tolerance relaxed to achieve convergence from 5.0288067195958883e-03 to 5.0288067195958987e-03 seconds.
Warning: Simulation tolerance relaxed to achieve convergence from 5.0288067195958987e-03 to 5.0288067195959196e-03 seconds.
Warning: Simulation tolerance relaxed to achieve convergence from 5.0288067195959196e-03 to 5.0288067195959404e-03 seconds.
Warning: Simulation tolerance relaxed to achieve convergence from 5.0288067195959404e-03 to 5.0288067195959612e-03 seconds.
Warning: Simulation tolerance relaxed to achieve convergence from 5.0288067195959612e-03 to 5.0288067195960340e-03 seconds.
Warning: Simulation tolerance relaxed to achieve convergence from 5.0288067195960340e-03 to 5.0288067195960549e-03 seconds.
Warning: Simulation tolerance relaxed to achieve convergence from 5.0288067195960549e-03 to 5.0288067195960861e-03 seconds.
Warning: Simulation tolerance relaxed to achieve convergence from 5.0288067195960861e-03 to 5.0288067195961485e-03 seconds.
Warning: Simulation tolerance relaxed to achieve convergence from 5.0288067195961485e-03 to 5.0288067195961694e-03 seconds.
Warning: Simulation tolerance relaxed to achieve convergence from 5.0288067195961694e-03 to 5.0288067195962214e-03 seconds.
Warning: Simulation tolerance relaxed to achieve convergence from 5.0288067195962214e-03 to 5.0288067195962422e-03 seconds.
Warning: Simulation tolerance relaxed to achieve convergence from 5.0288067195962422e-03 to 5.0288067195962734e-03 seconds.
Warning: Simulation tolerance relaxed to achieve convergence from 5.0288067195962734e-03 to 5.0288067195962943e-03 seconds.
Warning: Simulation tolerance relaxed to achieve convergence from 5.0288067195962943e-03 to 5.0288067195963463e-03 seconds.
Warning: Simulation tolerance relaxed to achieve convergence from 5.0288067195963463e-03 to 5.0288067195964296e-03 seconds.
Warning: Simulation tolerance relaxed to achieve convergence from 5.0288067195964296e-03 to 5.0288067195964608e-03 seconds.
Warning: Simulation tolerance relaxed to achieve convergence from 5.0288067195964608e-03 to 5.0288067195964920e-03 seconds.
Warning: Simulation tolerance relaxed to achieve convergence from 5.0288067195964920e-03 to 5.0288067195965024e-03 seconds.
Warning: Simulation tolerance relaxed to achieve convergence from 5.0288067195965024e-03 to 5.0288067195965128e-03 seconds.
Warning: Simulation tolerance relaxed to achieve convergence from 5.0288067195965128e-03 to 5.0288067195965441e-03 seconds.
Warning: Simulation tolerance relaxed to achieve convergence from 5.0288067195965441e-03 to 5.0288067195965649e-03 seconds.
Warning: Simulation tolerance relaxed to achieve convergence from 5.0288067195965649e-03 to 5.0288067195965857e-03 seconds.
Warning: Simulation tolerance relaxed to achieve convergence from 5.0288067195965857e-03 to 5.0288067195966794e-03 seconds.
Warning: Simulation tolerance relaxed to achieve convergence from 5.0288067195966794e-03 to 5.0288067195967106e-03 seconds.
Warning: Simulation tolerance relaxed to achieve convergence from 5.0288067195967106e-03 to 5.0288067195967626e-03 seconds.
Warning: Simulation tolerance relaxed to achieve convergence from 5.0288067195967626e-03 to 5.0288067195967730e-03 seconds.
Warning: Simulation tolerance relaxed to achieve convergence from 5.0288067195967730e-03 to 5.0288067195967939e-03 seconds.
Warning: Simulation tolerance relaxed to achieve convergence from 5.0288067195967939e-03 to 5.0288067195968563e-03 seconds.
Warning: Simulation tolerance relaxed to achieve convergence from 5.0288067195968563e-03 to 5.0288067195968667e-03 seconds.
Warning: Simulation tolerance relaxed to achieve convergence from 5.0288067195968667e-03 to 5.0288067195968875e-03 seconds.
Warning: Simulation tolerance relaxed to achieve convergence from 5.0288067195968875e-03 to 5.0288067195969188e-03 seconds.
Warning: Simulation tolerance relaxed to achieve convergence from 5.0288067195969188e-03 to 5.0288067195969812e-03 seconds.
Warning: Simulation tolerance relaxed to achieve convergence from 5.0288067195969812e-03 to 5.0288067195970020e-03 seconds.
Warning: Simulation tolerance relaxed to achieve convergence from 5.0288067195970020e-03 to 5.0288067195970333e-03 seconds.
Warning: Simulation tolerance relaxed to achieve convergence from 5.0288067195970333e-03 to 5.0288067195970853e-03 seconds.
Warning: Simulation tolerance relaxed to achieve convergence from 5.0288067195970853e-03 to 5.0288067195971477e-03 seconds.
Warning: Simulation tolerance relaxed to achieve convergence from 5.0288067195971477e-03 to 5.0288067195971790e-03 seconds.
Warning: Simulation tolerance relaxed to achieve convergence from 5.0288067195971790e-03 to 5.0288067195972310e-03 seconds.
Warning: Simulation tolerance relaxed to achieve convergence from 5.0288067195972310e-03 to 5.0288067195972518e-03 seconds.
Warning: Simulation tolerance relaxed to achieve convergence from 5.0288067195972518e-03 to 5.0288067195973247e-03 seconds.
Warning: Simulation tolerance relaxed to achieve convergence from 5.0288067195973247e-03 to 5.0288067195973455e-03 seconds.
Warning: Simulation tolerance relaxed to achieve convergence from 5.0288067195973455e-03 to 5.0288067195973767e-03 seconds.
Warning: Simulation tolerance relaxed to achieve convergence from 5.0288067195973767e-03 to 5.0288067195974288e-03 seconds.
Warning: Simulation tolerance relaxed to achieve convergence from 5.0288067195974288e-03 to 5.0288067195974808e-03 seconds.
Warning: Simulation tolerance relaxed to achieve convergence from 5.0288067195974808e-03 to 5.0288067195975016e-03 seconds.
Warning: Simulation tolerance relaxed to achieve convergence from 5.0288067195975016e-03 to 5.0288067195975537e-03 seconds.
Warning: Simulation tolerance relaxed to achieve convergence from 5.0288067195975537e-03 to 5.0288067195975745e-03 seconds.
Warning: Simulation tolerance relaxed to achieve convergence from 5.0288067195975745e-03 to 5.0288067195976057e-03 seconds.
Warning: Simulation tolerance relaxed to achieve convergence from 5.0288067195976057e-03 to 5.0288067195976161e-03 seconds.
Warning: Simulation tolerance relaxed to achieve convergence from 5.0288067195976161e-03 to 5.0288067195976578e-03 seconds.
Warning: Simulation tolerance relaxed to achieve convergence from 5.0288067195976578e-03 to 5.0288067195976890e-03 seconds.
Warning: Simulation tolerance relaxed to achieve convergence from 5.0288067195976890e-03 to 5.0288067195977098e-03 seconds.
Warning: Simulation tolerance relaxed to achieve convergence from 5.0288067195977098e-03 to 5.0288067195977722e-03 seconds.
Warning: Simulation tolerance relaxed to achieve convergence from 5.0288067195977722e-03 to 5.0288067195978347e-03 seconds.
Warning: Simulation tolerance relaxed to achieve convergence from 5.0288067195978347e-03 to 5.0288067195978867e-03 seconds.
Warning: Simulation tolerance relaxed to achieve convergence from 5.0288067195978867e-03 to 5.0288067195978971e-03 seconds.
Warning: Simulation tolerance relaxed to achieve convergence from 5.0288067195978971e-03 to 5.0288067195979180e-03 seconds.
Warning: Simulation tolerance relaxed to achieve convergence from 5.0288067195979180e-03 to 5.0288067195979388e-03 seconds.
Warning: Simulation tolerance relaxed to achieve convergence from 5.0288067195979388e-03 to 5.0288067195979492e-03 seconds.
Warning: Simulation tolerance relaxed to achieve convergence from 5.0288067195979492e-03 to 5.0288067195979700e-03 seconds.
Warning: Simulation tolerance relaxed to achieve convergence from 5.0288067195979700e-03 to 5.0288067195980220e-03 seconds.
Warning: Simulation tolerance relaxed to achieve convergence from 5.0288067195980220e-03 to 5.0288067195980741e-03 seconds.
Warning: Simulation tolerance relaxed to achieve convergence from 5.0288067195980741e-03 to 5.0288067195981365e-03 seconds.
Warning: Simulation tolerance relaxed to achieve convergence from 5.0288067195981365e-03 to 5.0288067195981990e-03 seconds.
Warning: Simulation tolerance relaxed to achieve convergence from 5.0288067195981990e-03 to 5.0288067195982406e-03 seconds.
Warning: Simulation tolerance relaxed to achieve convergence from 5.0288067195982406e-03 to 5.0288067195982614e-03 seconds.
Warning: Simulation tolerance relaxed to achieve convergence from 5.0288067195982614e-03 to 5.0288067195982927e-03 seconds.
Warning: Simulation tolerance relaxed to achieve convergence from 5.0288067195983031e-03 to 5.0288067195983551e-03 seconds.
Warning: Simulation tolerance relaxed to achieve convergence from 5.0288067195983551e-03 to 5.0288067195984176e-03 seconds.
Warning: Simulation tolerance relaxed to achieve convergence from 5.0288067195984176e-03 to 5.0288067195984384e-03 seconds.
Warning: Simulation tolerance relaxed to achieve convergence from 5.0288067195984384e-03 to 5.0288067195984592e-03 seconds.
Warning: Simulation tolerance relaxed to achieve convergence from 5.0288067195984592e-03 to 5.0288067195984800e-03 seconds.
Warning: Simulation tolerance relaxed to achieve convergence from 5.0288067195984800e-03 to 5.0288067195985321e-03 seconds.
Warning: Simulation tolerance relaxed to achieve convergence from 5.0288067195985321e-03 to 5.0288067195985841e-03 seconds.
Warning: Simulation tolerance relaxed to achieve convergence from 5.0288067195985841e-03 to 5.0288067195986361e-03 seconds.
Warning: Simulation tolerance relaxed to achieve convergence from 5.0288067195986361e-03 to 5.0288067195986465e-03 seconds.
Warning: Simulation tolerance relaxed to achieve convergence from 5.0288067195986465e-03 to 5.0288067195986986e-03 seconds.
Warning: Simulation tolerance relaxed to achieve convergence from 5.0288067195986986e-03 to 5.0288067195987194e-03 seconds.
Warning: Simulation tolerance relaxed to achieve convergence from 5.0288067195987194e-03 to 5.0288067195987819e-03 seconds.
Warning: Simulation tolerance relaxed to achieve convergence from 5.0288067195987819e-03 to 5.0288067195988339e-03 seconds.
Warning: Simulation tolerance relaxed to achieve convergence from 5.0288067195988339e-03 to 5.0288067195988443e-03 seconds.
Warning: Simulation tolerance relaxed to achieve convergence from 5.0288067195988443e-03 to 5.0288067195988651e-03 seconds.
Warning: Simulation tolerance relaxed to achieve convergence from 5.0288067195988651e-03 to 5.0288067195988755e-03 seconds.
Warning: Simulation tolerance relaxed to achieve convergence from 5.0288067195988755e-03 to 5.0288067195988859e-03 seconds.
Warning: Simulation tolerance relaxed to achieve convergence from 5.0288067195988859e-03 to 5.0288067195989068e-03 seconds.
Warning: Simulation tolerance relaxed to achieve convergence from 5.0288067195989068e-03 to 5.0288067195989484e-03 seconds.
Warning: Simulation tolerance relaxed to achieve convergence from 5.0288067195989484e-03 to 5.0288067195989588e-03 seconds.
Warning: Simulation tolerance relaxed to achieve convergence from 5.0288067195989588e-03 to 5.0288067195989796e-03 seconds.
Warning: Simulation tolerance relaxed to achieve convergence from 5.0288067195989796e-03 to 5.0288067195990004e-03 seconds.
Warning: Simulation tolerance relaxed to achieve convergence from 5.0288067195990004e-03 to 5.0288067195990212e-03 seconds.
Warning: Simulation tolerance relaxed to achieve convergence from 5.0288067195990212e-03 to 5.0288067195990941e-03 seconds.
Warning: Simulation tolerance relaxed to achieve convergence from 5.0288067195990941e-03 to 5.0288067195991670e-03 seconds.
Warning: Simulation tolerance relaxed to achieve convergence from 5.0288067195991670e-03 to 5.0288067195991878e-03 seconds.
Warning: Simulation tolerance relaxed to achieve convergence from 5.0288067195991878e-03 to 5.0288067195992086e-03 seconds.
Warning: Simulation tolerance relaxed to achieve convergence from 5.0288067195992086e-03 to 5.0288067195992294e-03 seconds.
Warning: Simulation tolerance relaxed to achieve convergence from 5.0288067195992294e-03 to 5.0288067195993127e-03 seconds.
Warning: Simulation tolerance relaxed to achieve convergence from 5.0288067195993127e-03 to 5.0288067195993231e-03 seconds.
Warning: Simulation tolerance relaxed to achieve convergence from 5.0288067195993231e-03 to 5.0288067195993439e-03 seconds.
Warning: Simulation tolerance relaxed to achieve convergence from 5.0288067195993439e-03 to 5.0288067195993647e-03 seconds.
Warning: Simulation tolerance relaxed to achieve convergence from 5.0288067195993647e-03 to 5.0288067195993855e-03 seconds.
Warning: Simulation tolerance relaxed to achieve convergence from 5.0288067195993855e-03 to 5.0288067195994272e-03 seconds.
Warning: Simulation tolerance relaxed to achieve convergence from 5.0288067195994272e-03 to 5.0288067195995000e-03 seconds.
Warning: Simulation tolerance relaxed to achieve convergence from 5.0288067195995000e-03 to 5.0288067195995104e-03 seconds.
Warning: Simulation tolerance relaxed to achieve convergence from 5.0288067195995104e-03 to 5.0288067195995417e-03 seconds.
Warning: Simulation tolerance relaxed to achieve convergence from 5.0288067195995417e-03 to 5.0288067195995521e-03 seconds.
Warning: Simulation tolerance relaxed to achieve convergence from 5.0288067195995521e-03 to 5.0288067195995729e-03 seconds.
Warning: Simulation tolerance relaxed to achieve convergence from 5.0288067195995729e-03 to 5.0288067195995937e-03 seconds.
Warning: Simulation tolerance relaxed to achieve convergence from 5.0288067195995937e-03 to 5.0288067195996249e-03 seconds.
Warning: Simulation tolerance relaxed to achieve convergence from 5.0288067195996249e-03 to 5.0288067195996874e-03 seconds.
Warning: Simulation tolerance relaxed to achieve convergence from 5.0288067195996874e-03 to 5.0288067195997082e-03 seconds.
Warning: Simulation tolerance relaxed to achieve convergence from 5.0288067195997082e-03 to 5.0288067195997706e-03 seconds.
Warning: Simulation tolerance relaxed to achieve convergence from 5.0288067195997706e-03 to 5.0288067195997915e-03 seconds.
Warning: Simulation tolerance relaxed to achieve convergence from 5.0288067195997915e-03 to 5.0288067195998227e-03 seconds.
Warning: Simulation tolerance relaxed to achieve convergence from 5.0288067195998227e-03 to 5.0288067195998955e-03 seconds.
Warning: Simulation tolerance relaxed to achieve convergence from 5.0288067195998955e-03 to 5.0288067195999372e-03 seconds.
Warning: Simulation tolerance relaxed to achieve convergence from 5.0288067195999372e-03 to 5.0288067195999580e-03 seconds.
Warning: Simulation tolerance relaxed to achieve convergence from 5.0288067195999580e-03 to 5.0288067195999788e-03 seconds.
Warning: Simulation tolerance relaxed to achieve convergence from 5.0288067195999788e-03 to 5.0288067195999996e-03 seconds.
Warning: Simulation tolerance relaxed to achieve convergence from 5.0288067195999996e-03 to 5.0288067196000829e-03 seconds.
Warning: Simulation tolerance relaxed to achieve convergence from 5.0288067196000829e-03 to 5.0288067196001349e-03 seconds.
Warning: Simulation tolerance relaxed to achieve convergence from 5.0288067196001349e-03 to 5.0288067196001558e-03 seconds.
Warning: Simulation tolerance relaxed to achieve convergence from 5.0288067196001558e-03 to 5.0288067196001766e-03 seconds.
Warning: Simulation tolerance relaxed to achieve convergence from 5.0288067196001766e-03 to 5.0288067196001974e-03 seconds.
Warning: Simulation tolerance relaxed to achieve convergence from 5.0288067196001974e-03 to 5.0288067196002494e-03 seconds.
Warning: Simulation tolerance relaxed to achieve convergence from 5.0288067196002494e-03 to 5.0288067196003015e-03 seconds.
Warning: Simulation tolerance relaxed to achieve convergence from 5.0288067196003015e-03 to 5.0288067196003223e-03 seconds.
Warning: Simulation tolerance relaxed to achieve convergence from 5.0288067196003223e-03 to 5.0288067196003535e-03 seconds.
Warning: Simulation tolerance relaxed to achieve convergence from 5.0288067196003535e-03 to 5.0288067196003743e-03 seconds.
Warning: Simulation tolerance relaxed to achieve convergence from 5.0288067196003743e-03 to 5.0288067196004264e-03 seconds.
Warning: Simulation tolerance relaxed to achieve convergence from 5.0288067196004264e-03 to 5.0288067196005096e-03 seconds.
Warning: Simulation tolerance relaxed to achieve convergence from 5.0288067196005096e-03 to 5.0288067196005305e-03 seconds.
Warning: Simulation tolerance relaxed to achieve convergence from 5.0288067196005305e-03 to 5.0288067196005825e-03 seconds.
Warning: Simulation tolerance relaxed to achieve convergence from 5.0288067196005825e-03 to 5.0288067196006033e-03 seconds.
Warning: Simulation tolerance relaxed to achieve convergence from 5.0288067196006033e-03 to 5.0288067196006449e-03 seconds.
Warning: Simulation tolerance relaxed to achieve convergence from 5.0288067196006449e-03 to 5.0288067196006658e-03 seconds.
Warning: Simulation tolerance relaxed to achieve convergence from 5.0288067196006658e-03 to 5.0288067196007282e-03 seconds.
Warning: Simulation tolerance relaxed to achieve convergence from 5.0288067196007282e-03 to 5.0288067196007490e-03 seconds.
Warning: Simulation tolerance relaxed to achieve convergence from 5.0288067196007490e-03 to 5.0288067196007907e-03 seconds.
Warning: Simulation tolerance relaxed to achieve convergence from 5.0288067196007907e-03 to 5.0288067196008323e-03 seconds.
Warning: Simulation tolerance relaxed to achieve convergence from 5.0288067196008323e-03 to 5.0288067196008531e-03 seconds.
Warning: Simulation tolerance relaxed to achieve convergence from 5.0288067196008531e-03 to 5.0288067196008843e-03 seconds.
Warning: Simulation tolerance relaxed to achieve convergence from 5.0288067196008843e-03 to 5.0288067196009572e-03 seconds.
Warning: Simulation tolerance relaxed to achieve convergence from 5.0288067196009572e-03 to 5.0288067196009884e-03 seconds.
Warning: Simulation tolerance relaxed to achieve convergence from 5.0288067196009884e-03 to 5.0288067196010405e-03 seconds.
Warning: Simulation tolerance relaxed to achieve convergence from 5.0288067196010405e-03 to 5.0288067196010925e-03 seconds.
Warning: Simulation tolerance relaxed to achieve convergence from 5.0288067196010925e-03 to 5.0288067196011133e-03 seconds.
Warning: Simulation tolerance relaxed to achieve convergence from 5.0288067196011133e-03 to 5.0288067196011654e-03 seconds.
Warning: Simulation tolerance relaxed to achieve convergence from 5.0288067196011654e-03 to 5.0288067196011862e-03 seconds.
Warning: Simulation tolerance relaxed to achieve convergence from 5.0288067196011862e-03 to 5.0288067196012070e-03 seconds.
Warning: Simulation tolerance relaxed to achieve convergence from 5.0288067196012070e-03 to 5.0288067196012278e-03 seconds.
Warning: Simulation tolerance relaxed to achieve convergence from 5.0288067196012278e-03 to 5.0288067196012382e-03 seconds.
Warning: Simulation tolerance relaxed to achieve convergence from 5.0288067196012486e-03 to 5.0288067196012590e-03 seconds.
Warning: Simulation tolerance relaxed to achieve convergence from 5.0288067196012590e-03 to 5.0288067196012694e-03 seconds.
Warning: Simulation tolerance relaxed to achieve convergence from 5.0288067196012694e-03 to 5.0288067196012799e-03 seconds.
Warning: Simulation tolerance relaxed to achieve convergence from 5.0288067196013111e-03 to 5.0288067196013215e-03 seconds.
Warning: Simulation tolerance relaxed to achieve convergence from 5.0288067196013319e-03 to 5.0288067196013423e-03 seconds.
Warning: Simulation tolerance relaxed to achieve convergence from 5.0288067196013527e-03 to 5.0288067196014048e-03 seconds.
Warning: Simulation tolerance relaxed to achieve convergence from 5.0288067196014048e-03 to 5.0288067196014984e-03 seconds.
Warning: Simulation tolerance relaxed to achieve convergence from 5.0288067196014984e-03 to 5.0288067196015609e-03 seconds.
Warning: Simulation tolerance relaxed to achieve convergence from 5.0288067196015609e-03 to 5.0288067196015713e-03 seconds.
Warning: Simulation tolerance relaxed to achieve convergence from 5.0288067196015713e-03 to 5.0288067196015921e-03 seconds.
Warning: Simulation tolerance relaxed to achieve convergence from 5.0288067196015921e-03 to 5.0288067196016337e-03 seconds.
Warning: Simulation tolerance relaxed to achieve convergence from 5.0288067196016337e-03 to 5.0288067196016754e-03 seconds.
Warning: Simulation tolerance relaxed to achieve convergence from 5.0288067196016754e-03 to 5.0288067196017586e-03 seconds.
Warning: Simulation tolerance relaxed to achieve convergence from 5.0288067196017586e-03 to 5.0288067196017690e-03 seconds.
Warning: Simulation tolerance relaxed to achieve convergence from 5.0288067196017690e-03 to 5.0288067196017899e-03 seconds.
Warning: Simulation tolerance relaxed to achieve convergence from 5.0288067196017899e-03 to 5.0288067196018003e-03 seconds.
Warning: Simulation tolerance relaxed to achieve convergence from 5.0288067196018003e-03 to 5.0288067196018315e-03 seconds.
Warning: Simulation tolerance relaxed to achieve convergence from 5.0288067196018315e-03 to 5.0288067196018523e-03 seconds.
Warning: Simulation tolerance relaxed to achieve convergence from 5.0288067196018523e-03 to 5.0288067196018939e-03 seconds.
Warning: Simulation tolerance relaxed to achieve convergence from 5.0288067196018939e-03 to 5.0288067196019668e-03 seconds.
Warning: Simulation tolerance relaxed to achieve convergence from 5.0288067196019668e-03 to 5.0288067196019876e-03 seconds.
Warning: Simulation tolerance relaxed to achieve convergence from 5.0288067196019876e-03 to 5.0288067196020084e-03 seconds.
Warning: Simulation tolerance relaxed to achieve convergence from 5.0288067196020084e-03 to 5.0288067196020397e-03 seconds.
Warning: Simulation tolerance relaxed to achieve convergence from 5.0288067196020397e-03 to 5.0288067196020917e-03 seconds.
Warning: Simulation tolerance relaxed to achieve convergence from 5.0288067196020917e-03 to 5.0288067196021021e-03 seconds.
Warning: Simulation tolerance relaxed to achieve convergence from 5.0288067196021021e-03 to 5.0288067196021229e-03 seconds.
Warning: Simulation tolerance relaxed to achieve convergence from 5.0288067196021229e-03 to 5.0288067196021958e-03 seconds.
Warning: Simulation tolerance relaxed to achieve convergence from 5.0288067196021958e-03 to 5.0288067196022166e-03 seconds.
Warning: Simulation tolerance relaxed to achieve convergence from 5.0288067196022166e-03 to 5.0288067196022374e-03 seconds.
Warning: Simulation tolerance relaxed to achieve convergence from 5.0288067196022374e-03 to 5.0288067196022582e-03 seconds.
Warning: Simulation tolerance relaxed to achieve convergence from 5.0288067196022582e-03 to 5.0288067196023103e-03 seconds.
Warning: Simulation tolerance relaxed to achieve convergence from 5.0288067196023103e-03 to 5.0288067196023207e-03 seconds.
Warning: Simulation tolerance relaxed to achieve convergence from 5.0288067196023207e-03 to 5.0288067196023831e-03 seconds.
Warning: Simulation tolerance relaxed to achieve convergence from 5.0288067196023831e-03 to 5.0288067196024248e-03 seconds.
Warning: Simulation tolerance relaxed to achieve convergence from 5.0288067196024248e-03 to 5.0288067196024456e-03 seconds.
Warning: Simulation tolerance relaxed to achieve convergence from 5.0288067196024456e-03 to 5.0288067196024664e-03 seconds.
Warning: Simulation tolerance relaxed to achieve convergence from 5.0288067196024664e-03 to 5.0288067196025184e-03 seconds.
Warning: Simulation tolerance relaxed to achieve convergence from 5.0288067196025184e-03 to 5.0288067196026017e-03 seconds.
Warning: Simulation tolerance relaxed to achieve convergence from 5.0288067196026017e-03 to 5.0288067196026225e-03 seconds.
Warning: Simulation tolerance relaxed to achieve convergence from 5.0288067196026225e-03 to 5.0288067196026433e-03 seconds.
Warning: Simulation tolerance relaxed to achieve convergence from 5.0288067196026433e-03 to 5.0288067196026746e-03 seconds.
Warning: Simulation tolerance relaxed to achieve convergence from 5.0288067196026746e-03 to 5.0288067196027058e-03 seconds.
Warning: Simulation tolerance relaxed to achieve convergence from 5.0288067196027162e-03 to 5.0288067196027787e-03 seconds.
Warning: Simulation tolerance relaxed to achieve convergence from 5.0288067196027787e-03 to 5.0288067196028411e-03 seconds.
Warning: Simulation tolerance relaxed to achieve convergence from 5.0288067196028411e-03 to 5.0288067196029140e-03 seconds.
Warning: Simulation tolerance relaxed to achieve convergence from 5.0288067196029140e-03 to 5.0288067196029556e-03 seconds.
Warning: Simulation tolerance relaxed to achieve convergence from 5.0288067196029556e-03 to 5.0288067196029764e-03 seconds.
Warning: Simulation tolerance relaxed to achieve convergence from 5.0288067196029764e-03 to 5.0288067196030493e-03 seconds.
Warning: Simulation tolerance relaxed to achieve convergence from 5.0288067196030493e-03 to 5.0288067196031117e-03 seconds.
Warning: Simulation tolerance relaxed to achieve convergence from 5.0288067196031117e-03 to 5.0288067196031325e-03 seconds.
Warning: Simulation tolerance relaxed to achieve convergence from 5.0288067196031325e-03 to 5.0288067196031846e-03 seconds.
Warning: Simulation tolerance relaxed to achieve convergence from 5.0288067196031846e-03 to 5.0288067196032366e-03 seconds.
Warning: Simulation tolerance relaxed to achieve convergence from 5.0288067196032366e-03 to 5.0288067196032991e-03 seconds.
Warning: Simulation tolerance relaxed to achieve convergence from 5.0288067196032991e-03 to 5.0288067196033615e-03 seconds.
Warning: Simulation tolerance relaxed to achieve convergence from 5.0288067196033615e-03 to 5.0288067196033823e-03 seconds.
Warning: Simulation tolerance relaxed to achieve convergence from 5.0288067196033823e-03 to 5.0288067196034240e-03 seconds.
Warning: Simulation tolerance relaxed to achieve convergence from 5.0288067196034240e-03 to 5.0288067196034656e-03 seconds.
Warning: Simulation tolerance relaxed to achieve convergence from 5.0288067196034656e-03 to 5.0288067196035385e-03 seconds.
Warning: Simulation tolerance relaxed to achieve convergence from 5.0288067196035385e-03 to 5.0288067196035593e-03 seconds.
Warning: Simulation tolerance relaxed to achieve convergence from 5.0288067196035593e-03 to 5.0288067196035905e-03 seconds.
Warning: Simulation tolerance relaxed to achieve convergence from 5.0288067196035905e-03 to 5.0288067196036113e-03 seconds.
Warning: Simulation tolerance relaxed to achieve convergence from 5.0288067196036113e-03 to 5.0288067196036634e-03 seconds.
Warning: Simulation tolerance relaxed to achieve convergence from 5.0288067196036634e-03 to 5.0288067196037258e-03 seconds.
Warning: Simulation tolerance relaxed to achieve convergence from 5.0288067196037258e-03 to 5.0288067196037362e-03 seconds.
Warning: Simulation tolerance relaxed to achieve convergence from 5.0288067196037362e-03 to 5.0288067196037570e-03 seconds.
Warning: Simulation tolerance relaxed to achieve convergence from 5.0288067196037570e-03 to 5.0288067196038195e-03 seconds.
Warning: Simulation tolerance relaxed to achieve convergence from 5.0288067196038195e-03 to 5.0288067196038507e-03 seconds.
Warning: Simulation tolerance relaxed to achieve convergence from 5.0288067196038507e-03 to 5.0288067196039236e-03 seconds.
Warning: Simulation tolerance relaxed to achieve convergence from 5.0288067196039236e-03 to 5.0288067196039340e-03 seconds.
Warning: Simulation tolerance relaxed to achieve convergence from 5.0288067196039340e-03 to 5.0288067196039548e-03 seconds.
Warning: Simulation tolerance relaxed to achieve convergence from 5.0288067196039548e-03 to 5.0288067196039652e-03 seconds.
Warning: Simulation tolerance relaxed to achieve convergence from 5.0288067196039652e-03 to 5.0288067196039756e-03 seconds.
Warning: Simulation tolerance relaxed to achieve convergence from 5.0288067196039756e-03 to 5.0288067196040381e-03 seconds.
Warning: Simulation tolerance relaxed to achieve convergence from 5.0288067196040381e-03 to 5.0288067196040589e-03 seconds.
Warning: Simulation tolerance relaxed to achieve convergence from 5.0288067196040589e-03 to 5.0288067196041213e-03 seconds.
Warning: Simulation tolerance relaxed to achieve convergence from 5.0288067196041213e-03 to 5.0288067196041317e-03 seconds.
Warning: Simulation tolerance relaxed to achieve convergence from 5.0288067196041317e-03 to 5.0288067196041421e-03 seconds.
Warning: Simulation tolerance relaxed to achieve convergence from 5.0288067196041421e-03 to 5.0288067196041630e-03 seconds.
Warning: Simulation tolerance relaxed to achieve convergence from 5.0288067196041630e-03 to 5.0288067196042150e-03 seconds.
Warning: Simulation tolerance relaxed to achieve convergence from 5.0288067196042150e-03 to 5.0288067196042254e-03 seconds.
Warning: Simulation tolerance relaxed to achieve convergence from 5.0288067196042254e-03 to 5.0288067196042566e-03 seconds.
Warning: Simulation tolerance relaxed to achieve convergence from 5.0288067196042566e-03 to 5.0288067196042670e-03 seconds.
Warning: Simulation tolerance relaxed to achieve convergence from 5.0288067196042670e-03 to 5.0288067196042879e-03 seconds.
Warning: Simulation tolerance relaxed to achieve convergence from 5.0288067196042879e-03 to 5.0288067196042983e-03 seconds.
Warning: Simulation tolerance relaxed to achieve convergence from 5.0288067196042983e-03 to 5.0288067196043191e-03 seconds.
Warning: Simulation tolerance relaxed to achieve convergence from 5.0288067196043191e-03 to 5.0288067196043399e-03 seconds.
Warning: Simulation tolerance relaxed to achieve convergence from 5.0288067196043399e-03 to 5.0288067196044024e-03 seconds.
Warning: Simulation tolerance relaxed to achieve convergence from 5.0288067196044024e-03 to 5.0288067196044544e-03 seconds.
Warning: Simulation tolerance relaxed to achieve convergence from 5.0288067196044544e-03 to 5.0288067196044752e-03 seconds.
Warning: Simulation tolerance relaxed to achieve convergence from 5.0288067196044752e-03 to 5.0288067196044960e-03 seconds.
Warning: Simulation tolerance relaxed to achieve convergence from 5.0288067196044960e-03 to 5.0288067196045481e-03 seconds.
Warning: Simulation tolerance relaxed to achieve convergence from 5.0288067196045481e-03 to 5.0288067196046001e-03 seconds.
Warning: Simulation tolerance relaxed to achieve convergence from 5.0288067196046001e-03 to 5.0288067196046105e-03 seconds.
Warning: Simulation tolerance relaxed to achieve convergence from 5.0288067196046105e-03 to 5.0288067196046313e-03 seconds.
Warning: Simulation tolerance relaxed to achieve convergence from 5.0288067196046313e-03 to 5.0288067196046417e-03 seconds.
Warning: Simulation tolerance relaxed to achieve convergence from 5.0288067196046417e-03 to 5.0288067196046834e-03 seconds.
Warning: Simulation tolerance relaxed to achieve convergence from 5.0288067196046834e-03 to 5.0288067196047042e-03 seconds.
Warning: Simulation tolerance relaxed to achieve convergence from 5.0288067196047042e-03 to 5.0288067196047354e-03 seconds.
Warning: Simulation tolerance relaxed to achieve convergence from 5.0288067196047354e-03 to 5.0288067196047458e-03 seconds.
Warning: Simulation tolerance relaxed to achieve convergence from 5.0288067196047458e-03 to 5.0288067196047666e-03 seconds.
Warning: Simulation tolerance relaxed to achieve convergence from 5.0288067196047666e-03 to 5.0288067196048395e-03 seconds.
Warning: Simulation tolerance relaxed to achieve convergence from 5.0288067196048395e-03 to 5.0288067196048915e-03 seconds.
Warning: Simulation tolerance relaxed to achieve convergence from 5.0288067196048915e-03 to 5.0288067196049332e-03 seconds.
Warning: Simulation tolerance relaxed to achieve convergence from 5.0288067196049332e-03 to 5.0288067196049436e-03 seconds.
Warning: Simulation tolerance relaxed to achieve convergence from 5.0288067196049436e-03 to 5.0288067196049644e-03 seconds.
Warning: Simulation tolerance relaxed to achieve convergence from 5.0288067196049644e-03 to 5.0288067196050269e-03 seconds.
Warning: Simulation tolerance relaxed to achieve convergence from 5.0288067196050269e-03 to 5.0288067196050581e-03 seconds.
Warning: Simulation tolerance relaxed to achieve convergence from 5.0288067196050581e-03 to 5.0288067196050789e-03 seconds.
Warning: Simulation tolerance relaxed to achieve convergence from 5.0288067196050789e-03 to 5.0288067196051205e-03 seconds.
Warning: Simulation tolerance relaxed to achieve convergence from 5.0288067196051205e-03 to 5.0288067196051413e-03 seconds.
Warning: Simulation tolerance relaxed to achieve convergence from 5.0288067196051413e-03 to 5.0288067196051934e-03 seconds.
Warning: Simulation tolerance relaxed to achieve convergence from 5.0288067196051934e-03 to 5.0288067196052350e-03 seconds.
Warning: Simulation tolerance relaxed to achieve convergence from 5.0288067196052350e-03 to 5.0288067196052767e-03 seconds.
Warning: Simulation tolerance relaxed to achieve convergence from 5.0288067196052767e-03 to 5.0288067196053287e-03 seconds.
Warning: Simulation tolerance relaxed to achieve convergence from 5.0288067196053287e-03 to 5.0288067196053391e-03 seconds.
Warning: Simulation tolerance relaxed to achieve convergence from 5.0288067196053391e-03 to 5.0288067196053599e-03 seconds.
Warning: Simulation tolerance relaxed to achieve convergence from 5.0288067196053599e-03 to 5.0288067196053703e-03 seconds.
Warning: Simulation tolerance relaxed to achieve convergence from 5.0288067196053703e-03 to 5.0288067196054224e-03 seconds.
Warning: Simulation tolerance relaxed to achieve convergence from 5.0288067196054224e-03 to 5.0288067196054536e-03 seconds.
Warning: Simulation tolerance relaxed to achieve convergence from 5.0288067196054536e-03 to 5.0288067196054848e-03 seconds.
Warning: Simulation tolerance relaxed to achieve convergence from 5.0288067196054848e-03 to 5.0288067196055056e-03 seconds.
Warning: Simulation tolerance relaxed to achieve convergence from 5.0288067196055056e-03 to 5.0288067196055785e-03 seconds.
Warning: Simulation tolerance relaxed to achieve convergence from 5.0288067196055785e-03 to 5.0288067196055993e-03 seconds.
Warning: Simulation tolerance relaxed to achieve convergence from 5.0288067196055993e-03 to 5.0288067196056097e-03 seconds.
Warning: Simulation tolerance relaxed to achieve convergence from 5.0288067196056097e-03 to 5.0288067196056305e-03 seconds.
Warning: Simulation tolerance relaxed to achieve convergence from 5.0288067196056305e-03 to 5.0288067196056514e-03 seconds.
Warning: Simulation tolerance relaxed to achieve convergence from 5.0288067196056514e-03 to 5.0288067196057138e-03 seconds.
Warning: Simulation tolerance relaxed to achieve convergence from 5.0288067196057138e-03 to 5.0288067196057346e-03 seconds.
Warning: Simulation tolerance relaxed to achieve convergence from 5.0288067196057346e-03 to 5.0288067196057554e-03 seconds.
Warning: Simulation tolerance relaxed to achieve convergence from 5.0288067196057554e-03 to 5.0288067196058179e-03 seconds.
Warning: Simulation tolerance relaxed to achieve convergence from 5.0288067196058179e-03 to 5.0288067196058699e-03 seconds.
Warning: Simulation tolerance relaxed to achieve convergence from 5.0288067196058699e-03 to 5.0288067196059116e-03 seconds.
Warning: Simulation tolerance relaxed to achieve convergence from 5.0288067196059116e-03 to 5.0288067196059324e-03 seconds.
Warning: Simulation tolerance relaxed to achieve convergence from 5.0288067196059324e-03 to 5.0288067196059636e-03 seconds.
Warning: Simulation tolerance relaxed to achieve convergence from 5.0288067196059740e-03 to 5.0288067196060156e-03 seconds.
Warning: Simulation tolerance relaxed to achieve convergence from 5.0288067196060156e-03 to 5.0288067196060677e-03 seconds.
Warning: Simulation tolerance relaxed to achieve convergence from 5.0288067196060677e-03 to 5.0288067196060989e-03 seconds.
Warning: Simulation tolerance relaxed to achieve convergence from 5.0288067196061093e-03 to 5.0288067196061614e-03 seconds.
Warning: Simulation tolerance relaxed to achieve convergence from 5.0288067196061614e-03 to 5.0288067196062134e-03 seconds.
Warning: Simulation tolerance relaxed to achieve convergence from 5.0288067196062134e-03 to 5.0288067196062342e-03 seconds.
Warning: Simulation tolerance relaxed to achieve convergence from 5.0288067196062342e-03 to 5.0288067196062967e-03 seconds.
Warning: Simulation tolerance relaxed to achieve convergence from 5.0288067196062967e-03 to 5.0288067196063487e-03 seconds.
Warning: Simulation tolerance relaxed to achieve convergence from 5.0288067196063487e-03 to 5.0288067196063695e-03 seconds.
Warning: Simulation tolerance relaxed to achieve convergence from 5.0288067196063695e-03 to 5.0288067196064008e-03 seconds.
Warning: Simulation tolerance relaxed to achieve convergence from 5.0288067196064008e-03 to 5.0288067196064216e-03 seconds.
Warning: Simulation tolerance relaxed to achieve convergence from 5.0288067196064216e-03 to 5.0288067196064736e-03 seconds.
Warning: Simulation tolerance relaxed to achieve convergence from 5.0288067196064736e-03 to 5.0288067196065257e-03 seconds.
Warning: Simulation tolerance relaxed to achieve convergence from 5.0288067196065257e-03 to 5.0288067196065361e-03 seconds.
Warning: Simulation tolerance relaxed to achieve convergence from 5.0288067196065361e-03 to 5.0288067196065465e-03 seconds.
Warning: Simulation tolerance relaxed to achieve convergence from 5.0288067196065465e-03 to 5.0288067196065673e-03 seconds.
Warning: Simulation tolerance relaxed to achieve convergence from 5.0288067196065673e-03 to 5.0288067196066401e-03 seconds.
Warning: Simulation tolerance relaxed to achieve convergence from 5.0288067196066401e-03 to 5.0288067196066922e-03 seconds.
Warning: Simulation tolerance relaxed to achieve convergence from 5.0288067196066922e-03 to 5.0288067196067026e-03 seconds.
Warning: Simulation tolerance relaxed to achieve convergence from 5.0288067196067026e-03 to 5.0288067196067546e-03 seconds.
Warning: Simulation tolerance relaxed to achieve convergence from 5.0288067196067546e-03 to 5.0288067196067755e-03 seconds.
Warning: Simulation tolerance relaxed to achieve convergence from 5.0288067196067755e-03 to 5.0288067196068067e-03 seconds.
Warning: Simulation tolerance relaxed to achieve convergence from 5.0288067196068067e-03 to 5.0288067196068275e-03 seconds.
Warning: Simulation tolerance relaxed to achieve convergence from 5.0288067196068275e-03 to 5.0288067196068379e-03 seconds.
Warning: Simulation tolerance relaxed to achieve convergence from 5.0288067196068379e-03 to 5.0288067196068795e-03 seconds.
Warning: Simulation tolerance relaxed to achieve convergence from 5.0288067196068795e-03 to 5.0288067196069004e-03 seconds.
Warning: Simulation tolerance relaxed to achieve convergence from 5.0288067196069004e-03 to 5.0288067196069628e-03 seconds.
Warning: Simulation tolerance relaxed to achieve convergence from 5.0288067196069628e-03 to 5.0288067196069732e-03 seconds.
Warning: Simulation tolerance relaxed to achieve convergence from 5.0288067196069732e-03 to 5.0288067196069940e-03 seconds.
Warning: Simulation tolerance relaxed to achieve convergence from 5.0288067196069940e-03 to 5.0288067196070565e-03 seconds.
Warning: Simulation tolerance relaxed to achieve convergence from 5.0288067196070565e-03 to 5.0288067196070669e-03 seconds.
Warning: Simulation tolerance relaxed to achieve convergence from 5.0288067196070669e-03 to 5.0288067196070981e-03 seconds.
Warning: Simulation tolerance relaxed to achieve convergence from 5.0288067196070981e-03 to 5.0288067196071189e-03 seconds.
Warning: Simulation tolerance relaxed to achieve convergence from 5.0288067196071189e-03 to 5.0288067196071814e-03 seconds.
Warning: Simulation tolerance relaxed to achieve convergence from 5.0288067196071814e-03 to 5.0288067196072022e-03 seconds.
Warning: Simulation tolerance relaxed to achieve convergence from 5.0288067196072022e-03 to 5.0288067196072334e-03 seconds.
Warning: Simulation tolerance relaxed to achieve convergence from 5.0288067196072334e-03 to 5.0288067196072542e-03 seconds.
Warning: Simulation tolerance relaxed to achieve convergence from 5.0288067196072542e-03 to 5.0288067196073271e-03 seconds.
Warning: Simulation tolerance relaxed to achieve convergence from 5.0288067196073271e-03 to 5.0288067196073895e-03 seconds.
Warning: Simulation tolerance relaxed to achieve convergence from 5.0288067196073895e-03 to 5.0288067196074104e-03 seconds.
Warning: Simulation tolerance relaxed to achieve convergence from 5.0288067196074104e-03 to 5.0288067196074624e-03 seconds.
Warning: Simulation tolerance relaxed to achieve convergence from 5.0288067196074624e-03 to 5.0288067196075040e-03 seconds.
Warning: Simulation tolerance relaxed to achieve convergence from 5.0288067196075040e-03 to 5.0288067196075665e-03 seconds.
Warning: Simulation tolerance relaxed to achieve convergence from 5.0288067196075665e-03 to 5.0288067196076185e-03 seconds.
Warning: Simulation tolerance relaxed to achieve convergence from 5.0288067196076185e-03 to 5.0288067196076289e-03 seconds.
Warning: Simulation tolerance relaxed to achieve convergence from 5.0288067196076289e-03 to 5.0288067196076498e-03 seconds.
Warning: Simulation tolerance relaxed to achieve convergence from 5.0288067196076498e-03 to 5.0288067196076810e-03 seconds.
Warning: Simulation tolerance relaxed to achieve convergence from 5.0288067196076810e-03 to 5.0288067196077018e-03 seconds.
Warning: Simulation tolerance relaxed to achieve convergence from 5.0288067196077018e-03 to 5.0288067196077643e-03 seconds.
Warning: Simulation tolerance relaxed to achieve convergence from 5.0288067196077643e-03 to 5.0288067196077851e-03 seconds.
Warning: Simulation tolerance relaxed to achieve convergence from 5.0288067196077851e-03 to 5.0288067196078059e-03 seconds.
Warning: Simulation tolerance relaxed to achieve convergence from 5.0288067196078059e-03 to 5.0288067196078787e-03 seconds.
Warning: Simulation tolerance relaxed to achieve convergence from 5.0288067196078787e-03 to 5.0288067196078996e-03 seconds.
Warning: Simulation tolerance relaxed to achieve convergence from 5.0288067196078996e-03 to 5.0288067196079204e-03 seconds.
Warning: Simulation tolerance relaxed to achieve convergence from 5.0288067196079204e-03 to 5.0288067196079828e-03 seconds.
Warning: Simulation tolerance relaxed to achieve convergence from 5.0288067196079828e-03 to 5.0288067196080453e-03 seconds.
Warning: Simulation tolerance relaxed to achieve convergence from 5.0288067196080453e-03 to 5.0288067196080765e-03 seconds.
Warning: Simulation tolerance relaxed to achieve convergence from 5.0288067196080765e-03 to 5.0288067196080869e-03 seconds.
Warning: Simulation tolerance relaxed to achieve convergence from 5.0288067196080869e-03 to 5.0288067196081077e-03 seconds.
Warning: Simulation tolerance relaxed to achieve convergence from 5.0288067196081077e-03 to 5.0288067196081494e-03 seconds.
Warning: Simulation tolerance relaxed to achieve convergence from 5.0288067196081494e-03 to 5.0288067196081910e-03 seconds.
Warning: Simulation tolerance relaxed to achieve convergence from 5.0288067196081910e-03 to 5.0288067196082014e-03 seconds.
Warning: Simulation tolerance relaxed to achieve convergence from 5.0288067196082014e-03 to 5.0288067196082222e-03 seconds.
Warning: Simulation tolerance relaxed to achieve convergence from 5.0288067196082222e-03 to 5.0288067196082951e-03 seconds.
Warning: Simulation tolerance relaxed to achieve convergence from 5.0288067196082951e-03 to 5.0288067196083367e-03 seconds.
Warning: Simulation tolerance relaxed to achieve convergence from 5.0288067196083367e-03 to 5.0288067196083888e-03 seconds.
Warning: Simulation tolerance relaxed to achieve convergence from 5.0288067196083888e-03 to 5.0288067196083992e-03 seconds.
Warning: Simulation tolerance relaxed to achieve convergence from 5.0288067196083992e-03 to 5.0288067196084200e-03 seconds.
Warning: Simulation tolerance relaxed to achieve convergence from 5.0288067196084200e-03 to 5.0288067196084408e-03 seconds.
Warning: Simulation tolerance relaxed to achieve convergence from 5.0288067196084408e-03 to 5.0288067196084512e-03 seconds.
Warning: Simulation tolerance relaxed to achieve convergence from 5.0288067196084512e-03 to 5.0288067196084720e-03 seconds.
Warning: Simulation tolerance relaxed to achieve convergence from 5.0288067196084720e-03 to 5.0288067196084928e-03 seconds.
Warning: Simulation tolerance relaxed to achieve convergence from 5.0288067196084928e-03 to 5.0288067196085449e-03 seconds.
Warning: Simulation tolerance relaxed to achieve convergence from 5.0288067196085449e-03 to 5.0288067196086177e-03 seconds.
Warning: Simulation tolerance relaxed to achieve convergence from 5.0288067196086177e-03 to 5.0288067196086281e-03 seconds.
Warning: Simulation tolerance relaxed to achieve convergence from 5.0288067196086281e-03 to 5.0288067196086594e-03 seconds.
Warning: Simulation tolerance relaxed to achieve convergence from 5.0288067196086594e-03 to 5.0288067196086802e-03 seconds.
Warning: Simulation tolerance relaxed to achieve convergence from 5.0288067196086802e-03 to 5.0288067196087218e-03 seconds.
Warning: Simulation tolerance relaxed to achieve convergence from 5.0288067196087218e-03 to 5.0288067196087322e-03 seconds.
Warning: Simulation tolerance relaxed to achieve convergence from 5.0288067196087322e-03 to 5.0288067196087426e-03 seconds.
Warning: Simulation tolerance relaxed to achieve convergence from 5.0288067196087426e-03 to 5.0288067196087635e-03 seconds.
Warning: Simulation tolerance relaxed to achieve convergence from 5.0288067196087635e-03 to 5.0288067196088155e-03 seconds.
Warning: Simulation tolerance relaxed to achieve convergence from 5.0288067196088155e-03 to 5.0288067196088571e-03 seconds.
Warning: Simulation tolerance relaxed to achieve convergence from 5.0288067196088571e-03 to 5.0288067196088779e-03 seconds.
Warning: Simulation tolerance relaxed to achieve convergence from 5.0288067196088779e-03 to 5.0288067196089404e-03 seconds.
Warning: Simulation tolerance relaxed to achieve convergence from 5.0288067196089404e-03 to 5.0288067196089924e-03 seconds.
Warning: Simulation tolerance relaxed to achieve convergence from 5.0288067196089924e-03 to 5.0288067196090237e-03 seconds.
Warning: Simulation tolerance relaxed to achieve convergence from 5.0288067196090237e-03 to 5.0288067196090861e-03 seconds.
Warning: Simulation tolerance relaxed to achieve convergence from 5.0288067196090861e-03 to 5.0288067196090965e-03 seconds.
Warning: Simulation tolerance relaxed to achieve convergence from 5.0288067196090965e-03 to 5.0288067196091173e-03 seconds.
Warning: Simulation tolerance relaxed to achieve convergence from 5.0288067196091173e-03 to 5.0288067196091382e-03 seconds.
Warning: Simulation tolerance relaxed to achieve convergence from 5.0288067196091382e-03 to 5.0288067196091902e-03 seconds.
Warning: Simulation tolerance relaxed to achieve convergence from 5.0288067196091902e-03 to 5.0288067196092318e-03 seconds.
Warning: Simulation tolerance relaxed to achieve convergence from 5.0288067196092318e-03 to 5.0288067196092631e-03 seconds.
Warning: Simulation tolerance relaxed to achieve convergence from 5.0288067196092631e-03 to 5.0288067196093255e-03 seconds.
Warning: Simulation tolerance relaxed to achieve convergence from 5.0288067196093255e-03 to 5.0288067196093463e-03 seconds.
Warning: Simulation tolerance relaxed to achieve convergence from 5.0288067196093463e-03 to 5.0288067196094088e-03 seconds.
Warning: Simulation tolerance relaxed to achieve convergence from 5.0288067196094088e-03 to 5.0288067196094296e-03 seconds.
Warning: Simulation tolerance relaxed to achieve convergence from 5.0288067196094296e-03 to 5.0288067196094920e-03 seconds.
Warning: Simulation tolerance relaxed to achieve convergence from 5.0288067196094920e-03 to 5.0288067196095441e-03 seconds.
Warning: Simulation tolerance relaxed to achieve convergence from 5.0288067196095441e-03 to 5.0288067196095649e-03 seconds.
Warning: Simulation tolerance relaxed to achieve convergence from 5.0288067196095649e-03 to 5.0288067196096065e-03 seconds.
Warning: Simulation tolerance relaxed to achieve convergence from 5.0288067196096065e-03 to 5.0288067196096586e-03 seconds.
Warning: Simulation tolerance relaxed to achieve convergence from 5.0288067196096586e-03 to 5.0288067196097106e-03 seconds.
Warning: Simulation tolerance relaxed to achieve convergence from 5.0288067196097106e-03 to 5.0288067196097522e-03 seconds.
Warning: Simulation tolerance relaxed to achieve convergence from 5.0288067196097522e-03 to 5.0288067196097835e-03 seconds.
Warning: Simulation tolerance relaxed to achieve convergence from 5.0288067196097835e-03 to 5.0288067196098043e-03 seconds.
Warning: Simulation tolerance relaxed to achieve convergence from 5.0288067196098043e-03 to 5.0288067196098251e-03 seconds.
Warning: Simulation tolerance relaxed to achieve convergence from 5.0288067196098251e-03 to 5.0288067196098459e-03 seconds.
Warning: Simulation tolerance relaxed to achieve convergence from 5.0288067196098459e-03 to 5.0288067196098563e-03 seconds.
Warning: Simulation tolerance relaxed to achieve convergence from 5.0288067196098971e-03 to 5.0288067196099387e-03 seconds.
Warning: Simulation tolerance relaxed to achieve convergence from 5.0288067196099387e-03 to 5.0288067196100012e-03 seconds.
Warning: Simulation tolerance relaxed to achieve convergence from 5.0288067196100012e-03 to 5.0288067196100220e-03 seconds.
Warning: Simulation tolerance relaxed to achieve convergence from 5.0288067196100220e-03 to 5.0288067196100844e-03 seconds.
Warning: Simulation tolerance relaxed to achieve convergence from 5.0288067196100844e-03 to 5.0288067196100949e-03 seconds.
Warning: Simulation tolerance relaxed to achieve convergence from 5.0288067196100949e-03 to 5.0288067196101157e-03 seconds.
Warning: Simulation tolerance relaxed to achieve convergence from 5.0288067196101157e-03 to 5.0288067196101469e-03 seconds.
Warning: Simulation tolerance relaxed to achieve convergence from 5.0288067196101469e-03 to 5.0288067196102198e-03 seconds.
Warning: Simulation tolerance relaxed to achieve convergence from 5.0288067196102198e-03 to 5.0288067196102510e-03 seconds.
Warning: Simulation tolerance relaxed to achieve convergence from 5.0288067196102510e-03 to 5.0288067196102718e-03 seconds.
Warning: Simulation tolerance relaxed to achieve convergence from 5.0288067196102718e-03 to 5.0288067196102822e-03 seconds.
Warning: Simulation tolerance relaxed to achieve convergence from 5.0288067196102822e-03 to 5.0288067196103551e-03 seconds.
Warning: Simulation tolerance relaxed to achieve convergence from 5.0288067196103551e-03 to 5.0288067196103967e-03 seconds.
Warning: Simulation tolerance relaxed to achieve convergence from 5.0288067196103967e-03 to 5.0288067196104487e-03 seconds.
Warning: Simulation tolerance relaxed to achieve convergence from 5.0288067196104487e-03 to 5.0288067196104696e-03 seconds.
Warning: Simulation tolerance relaxed to achieve convergence from 5.0288067196104696e-03 to 5.0288067196105112e-03 seconds.
Warning: Simulation tolerance relaxed to achieve convergence from 5.0288067196105112e-03 to 5.0288067196105736e-03 seconds.
Warning: Simulation tolerance relaxed to achieve convergence from 5.0288067196105736e-03 to 5.0288067196105945e-03 seconds.
Warning: Simulation tolerance relaxed to achieve convergence from 5.0288067196105945e-03 to 5.0288067196106257e-03 seconds.
Warning: Simulation tolerance relaxed to achieve convergence from 5.0288067196106257e-03 to 5.0288067196106777e-03 seconds.
Warning: Simulation tolerance relaxed to achieve convergence from 5.0288067196106777e-03 to 5.0288067196107298e-03 seconds.
Warning: Simulation tolerance relaxed to achieve convergence from 5.0288067196107298e-03 to 5.0288067196108026e-03 seconds.
Warning: Simulation tolerance relaxed to achieve convergence from 5.0288067196108026e-03 to 5.0288067196108130e-03 seconds.
Warning: Simulation tolerance relaxed to achieve convergence from 5.0288067196108130e-03 to 5.0288067196108338e-03 seconds.
Warning: Simulation tolerance relaxed to achieve convergence from 5.0288067196108338e-03 to 5.0288067196108443e-03 seconds.
Warning: Simulation tolerance relaxed to achieve convergence from 5.0288067196108443e-03 to 5.0288067196108547e-03 seconds.
Warning: Simulation tolerance relaxed to achieve convergence from 5.0288067196108547e-03 to 5.0288067196108651e-03 seconds.
Warning: Simulation tolerance relaxed to achieve convergence from 5.0288067196108651e-03 to 5.0288067196108859e-03 seconds.
Warning: Simulation tolerance relaxed to achieve convergence from 5.0288067196108859e-03 to 5.0288067196108963e-03 seconds.
Warning: Simulation tolerance relaxed to achieve convergence from 5.0288067196108963e-03 to 5.0288067196109171e-03 seconds.
Warning: Simulation tolerance relaxed to achieve convergence from 5.0288067196109171e-03 to 5.0288067196109692e-03 seconds.
Warning: Simulation tolerance relaxed to achieve convergence from 5.0288067196109692e-03 to 5.0288067196109900e-03 seconds.
Warning: Simulation tolerance relaxed to achieve convergence from 5.0288067196109900e-03 to 5.0288067196110108e-03 seconds.
Warning: Simulation tolerance relaxed to achieve convergence from 5.0288067196110108e-03 to 5.0288067196110628e-03 seconds.
Warning: Simulation tolerance relaxed to achieve convergence from 5.0288067196110628e-03 to 5.0288067196110941e-03 seconds.
Warning: Simulation tolerance relaxed to achieve convergence from 5.0288067196110941e-03 to 5.0288067196111565e-03 seconds.
Warning: Simulation tolerance relaxed to achieve convergence from 5.0288067196111565e-03 to 5.0288067196112190e-03 seconds.
Warning: Simulation tolerance relaxed to achieve convergence from 5.0288067196112190e-03 to 5.0288067196112294e-03 seconds.
Warning: Simulation tolerance relaxed to achieve convergence from 5.0288067196112294e-03 to 5.0288067196112398e-03 seconds.
Warning: Simulation tolerance relaxed to achieve convergence from 5.0288067196112398e-03 to 5.0288067196112502e-03 seconds.
Warning: Simulation tolerance relaxed to achieve convergence from 5.0288067196112502e-03 to 5.0288067196112710e-03 seconds.
Warning: Simulation tolerance relaxed to achieve convergence from 5.0288067196112710e-03 to 5.0288067196112814e-03 seconds.
Warning: Simulation tolerance relaxed to achieve convergence from 5.0288067196112814e-03 to 5.0288067196113126e-03 seconds.
Warning: Simulation tolerance relaxed to achieve convergence from 5.0288067196113126e-03 to 5.0288067196113334e-03 seconds.
Warning: Simulation tolerance relaxed to achieve convergence from 5.0288067196113334e-03 to 5.0288067196113855e-03 seconds.
Warning: Simulation tolerance relaxed to achieve convergence from 5.0288067196113855e-03 to 5.0288067196114063e-03 seconds.
Warning: Simulation tolerance relaxed to achieve convergence from 5.0288067196114167e-03 to 5.0288067196115000e-03 seconds.
Warning: Simulation tolerance relaxed to achieve convergence from 5.0288067196115000e-03 to 5.0288067196115104e-03 seconds.
Warning: Simulation tolerance relaxed to achieve convergence from 5.0288067196115104e-03 to 5.0288067196115312e-03 seconds.
Warning: Simulation tolerance relaxed to achieve convergence from 5.0288067196115312e-03 to 5.0288067196115728e-03 seconds.
Warning: Simulation tolerance relaxed to achieve convergence from 5.0288067196115728e-03 to 5.0288067196115937e-03 seconds.
Warning: Simulation tolerance relaxed to achieve convergence from 5.0288067196115937e-03 to 5.0288067196116145e-03 seconds.
Warning: Simulation tolerance relaxed to achieve convergence from 5.0288067196116145e-03 to 5.0288067196116769e-03 seconds.
Warning: Simulation tolerance relaxed to achieve convergence from 5.0288067196116769e-03 to 5.0288067196116977e-03 seconds.
Warning: Simulation tolerance relaxed to achieve convergence from 5.0288067196116977e-03 to 5.0288067196117602e-03 seconds.
Warning: Simulation tolerance relaxed to achieve convergence from 5.0288067196117602e-03 to 5.0288067196118122e-03 seconds.
Warning: Simulation tolerance relaxed to achieve convergence from 5.0288067196118122e-03 to 5.0288067196118226e-03 seconds.
Warning: Simulation tolerance relaxed to achieve convergence from 5.0288067196118226e-03 to 5.0288067196118435e-03 seconds.
Warning: Simulation tolerance relaxed to achieve convergence from 5.0288067196118435e-03 to 5.0288067196118643e-03 seconds.
Warning: Simulation tolerance relaxed to achieve convergence from 5.0288067196118643e-03 to 5.0288067196118851e-03 seconds.
Warning: Simulation tolerance relaxed to achieve convergence from 5.0288067196118851e-03 to 5.0288067196119163e-03 seconds.
Warning: Simulation tolerance relaxed to achieve convergence from 5.0288067196119163e-03 to 5.0288067196120100e-03 seconds.
Warning: Simulation tolerance relaxed to achieve convergence from 5.0288067196120100e-03 to 5.0288067196120308e-03 seconds.
Warning: Simulation tolerance relaxed to achieve convergence from 5.0288067196120308e-03 to 5.0288067196120516e-03 seconds.
Warning: Simulation tolerance relaxed to achieve convergence from 5.0288067196120516e-03 to 5.0288067196121245e-03 seconds.
Warning: Simulation tolerance relaxed to achieve convergence from 5.0288067196121245e-03 to 5.0288067196121557e-03 seconds.
Warning: Simulation tolerance relaxed to achieve convergence from 5.0288067196121557e-03 to 5.0288067196122077e-03 seconds.
Warning: Simulation tolerance relaxed to achieve convergence from 5.0288067196122077e-03 to 5.0288067196122286e-03 seconds.
Warning: Simulation tolerance relaxed to achieve convergence from 5.0288067196122286e-03 to 5.0288067196123222e-03 seconds.
Warning: Simulation tolerance relaxed to achieve convergence from 5.0288067196123222e-03 to 5.0288067196123535e-03 seconds.
Warning: Simulation tolerance relaxed to achieve convergence from 5.0288067196123535e-03 to 5.0288067196124159e-03 seconds.
Warning: Simulation tolerance relaxed to achieve convergence from 5.0288067196124159e-03 to 5.0288067196124367e-03 seconds.
Warning: Simulation tolerance relaxed to achieve convergence from 5.0288067196124367e-03 to 5.0288067196124992e-03 seconds.
Warning: Simulation tolerance relaxed to achieve convergence from 5.0288067196124992e-03 to 5.0288067196125096e-03 seconds.
Warning: Simulation tolerance relaxed to achieve convergence from 5.0288067196125096e-03 to 5.0288067196125304e-03 seconds.
Warning: Simulation tolerance relaxed to achieve convergence from 5.0288067196125304e-03 to 5.0288067196125512e-03 seconds.
Warning: Simulation tolerance relaxed to achieve convergence from 5.0288067196125512e-03 to 5.0288067196125616e-03 seconds.
Warning: Simulation tolerance relaxed to achieve convergence from 5.0288067196125616e-03 to 5.0288067196125824e-03 seconds.
Warning: Simulation tolerance relaxed to achieve convergence from 5.0288067196125824e-03 to 5.0288067196126345e-03 seconds.
Warning: Simulation tolerance relaxed to achieve convergence from 5.0288067196126345e-03 to 5.0288067196126761e-03 seconds.
Warning: Simulation tolerance relaxed to achieve convergence from 5.0288067196126761e-03 to 5.0288067196127178e-03 seconds.
Warning: Simulation tolerance relaxed to achieve convergence from 5.0288067196127178e-03 to 5.0288067196127594e-03 seconds.
Warning: Simulation tolerance relaxed to achieve convergence from 5.0288067196127594e-03 to 5.0288067196127802e-03 seconds.
Warning: Simulation tolerance relaxed to achieve convergence from 5.0288067196127802e-03 to 5.0288067196128427e-03 seconds.
Warning: Simulation tolerance relaxed to achieve convergence from 5.0288067196128427e-03 to 5.0288067196129051e-03 seconds.
Warning: Simulation tolerance relaxed to achieve convergence from 5.0288067196129051e-03 to 5.0288067196129259e-03 seconds.
Warning: Simulation tolerance relaxed to achieve convergence from 5.0288067196129259e-03 to 5.0288067196129467e-03 seconds.
Warning: Simulation tolerance relaxed to achieve convergence from 5.0288067196129467e-03 to 5.0288067196129988e-03 seconds.
Warning: Simulation tolerance relaxed to achieve convergence from 5.0288067196129988e-03 to 5.0288067196130196e-03 seconds.
Warning: Simulation tolerance relaxed to achieve convergence from 5.0288067196130196e-03 to 5.0288067196131029e-03 seconds.
Warning: Simulation tolerance relaxed to achieve convergence from 5.0288067196131029e-03 to 5.0288067196131341e-03 seconds.
Warning: Simulation tolerance relaxed to achieve convergence from 5.0288067196131341e-03 to 5.0288067196131861e-03 seconds.
Warning: Simulation tolerance relaxed to achieve convergence from 5.0288067196131861e-03 to 5.0288067196131965e-03 seconds.
Warning: Simulation tolerance relaxed to achieve convergence from 5.0288067196131965e-03 to 5.0288067196132174e-03 seconds.
Warning: Simulation tolerance relaxed to achieve convergence from 5.0288067196132174e-03 to 5.0288067196132382e-03 seconds.
Warning: Simulation tolerance relaxed to achieve convergence from 5.0288067196132382e-03 to 5.0288067196132590e-03 seconds.
Warning: Simulation tolerance relaxed to achieve convergence from 5.0288067196132590e-03 to 5.0288067196133318e-03 seconds.
Warning: Simulation tolerance relaxed to achieve convergence from 5.0288067196133318e-03 to 5.0288067196133735e-03 seconds.
Warning: Simulation tolerance relaxed to achieve convergence from 5.0288067196133735e-03 to 5.0288067196133943e-03 seconds.
Warning: Simulation tolerance relaxed to achieve convergence from 5.0288067196133943e-03 to 5.0288067196134880e-03 seconds.
Warning: Simulation tolerance relaxed to achieve convergence from 5.0288067196134880e-03 to 5.0288067196135088e-03 seconds.
Warning: Simulation tolerance relaxed to achieve convergence from 5.0288067196135088e-03 to 5.0288067196135504e-03 seconds.
Warning: Simulation tolerance relaxed to achieve convergence from 5.0288067196135504e-03 to 5.0288067196135712e-03 seconds.
Warning: Simulation tolerance relaxed to achieve convergence from 5.0288067196135712e-03 to 5.0288067196135921e-03 seconds.
Warning: Simulation tolerance relaxed to achieve convergence from 5.0288067196135921e-03 to 5.0288067196136649e-03 seconds.
Warning: Simulation tolerance relaxed to achieve convergence from 5.0288067196136649e-03 to 5.0288067196136857e-03 seconds.
Warning: Simulation tolerance relaxed to achieve convergence from 5.0288067196136857e-03 to 5.0288067196137586e-03 seconds.
Warning: Simulation tolerance relaxed to achieve convergence from 5.0288067196137586e-03 to 5.0288067196137690e-03 seconds.
Warning: Simulation tolerance relaxed to achieve convergence from 5.0288067196137690e-03 to 5.0288067196137898e-03 seconds.
Warning: Simulation tolerance relaxed to achieve convergence from 5.0288067196137898e-03 to 5.0288067196138002e-03 seconds.
Warning: Simulation tolerance relaxed to achieve convergence from 5.0288067196138002e-03 to 5.0288067196138210e-03 seconds.
Warning: Simulation tolerance relaxed to achieve convergence from 5.0288067196138210e-03 to 5.0288067196138419e-03 seconds.
Warning: Simulation tolerance relaxed to achieve convergence from 5.0288067196138419e-03 to 5.0288067196138939e-03 seconds.
Warning: Simulation tolerance relaxed to achieve convergence from 5.0288067196138939e-03 to 5.0288067196139772e-03 seconds.
Warning: Simulation tolerance relaxed to achieve convergence from 5.0288067196139772e-03 to 5.0288067196139980e-03 seconds.
Warning: Simulation tolerance relaxed to achieve convergence from 5.0288067196139980e-03 to 5.0288067196140188e-03 seconds.
Warning: Simulation tolerance relaxed to achieve convergence from 5.0288067196140188e-03 to 5.0288067196140708e-03 seconds.
Warning: Simulation tolerance relaxed to achieve convergence from 5.0288067196140708e-03 to 5.0288067196141333e-03 seconds.
Warning: Simulation tolerance relaxed to achieve convergence from 5.0288067196141333e-03 to 5.0288067196141853e-03 seconds.
Warning: Simulation tolerance relaxed to achieve convergence from 5.0288067196141853e-03 to 5.0288067196142061e-03 seconds.
Warning: Simulation tolerance relaxed to achieve convergence from 5.0288067196142061e-03 to 5.0288067196142790e-03 seconds.
Warning: Simulation tolerance relaxed to achieve convergence from 5.0288067196142790e-03 to 5.0288067196142894e-03 seconds.
Warning: Simulation tolerance relaxed to achieve convergence from 5.0288067196142894e-03 to 5.0288067196143102e-03 seconds.
Warning: Simulation tolerance relaxed to achieve convergence from 5.0288067196143102e-03 to 5.0288067196143415e-03 seconds.
Warning: Simulation tolerance relaxed to achieve convergence from 5.0288067196143415e-03 to 5.0288067196144247e-03 seconds.
Warning: Simulation tolerance relaxed to achieve convergence from 5.0288067196144247e-03 to 5.0288067196144559e-03 seconds.
Warning: Simulation tolerance relaxed to achieve convergence from 5.0288067196144559e-03 to 5.0288067196144768e-03 seconds.
Warning: Simulation tolerance relaxed to achieve convergence from 5.0288067196144768e-03 to 5.0288067196145496e-03 seconds.
Warning: Simulation tolerance relaxed to achieve convergence from 5.0288067196145496e-03 to 5.0288067196145704e-03 seconds.
Warning: Simulation tolerance relaxed to achieve convergence from 5.0288067196145704e-03 to 5.0288067196146225e-03 seconds.
Warning: Simulation tolerance relaxed to achieve convergence from 5.0288067196146225e-03 to 5.0288067196146953e-03 seconds.
Warning: Simulation tolerance relaxed to achieve convergence from 5.0288067196146953e-03 to 5.0288067196147057e-03 seconds.
Warning: Simulation tolerance relaxed to achieve convergence from 5.0288067196147057e-03 to 5.0288067196147266e-03 seconds.
Warning: Simulation tolerance relaxed to achieve convergence from 5.0288067196147266e-03 to 5.0288067196147474e-03 seconds.
Warning: Simulation tolerance relaxed to achieve convergence from 5.0288067196147474e-03 to 5.0288067196147578e-03 seconds.
Warning: Simulation tolerance relaxed to achieve convergence from 5.0288067196147578e-03 to 5.0288067196147890e-03 seconds.
Warning: Simulation tolerance relaxed to achieve convergence from 5.0288067196147890e-03 to 5.0288067196148515e-03 seconds.
Warning: Simulation tolerance relaxed to achieve convergence from 5.0288067196148515e-03 to 5.0288067196149139e-03 seconds.
Warning: Simulation tolerance relaxed to achieve convergence from 5.0288067196149139e-03 to 5.0288067196149660e-03 seconds.
Warning: Simulation tolerance relaxed to achieve convergence from 5.0288067196149660e-03 to 5.0288067196150388e-03 seconds.
Warning: Simulation tolerance relaxed to achieve convergence from 5.0288067196150388e-03 to 5.0288067196150909e-03 seconds.
Warning: Simulation tolerance relaxed to achieve convergence from 5.0288067196150909e-03 to 5.0288067196151429e-03 seconds.
Warning: Simulation tolerance relaxed to achieve convergence from 5.0288067196151429e-03 to 5.0288067196151533e-03 seconds.
Warning: Simulation tolerance relaxed to achieve convergence from 5.0288067196151533e-03 to 5.0288067196151741e-03 seconds.
Warning: Simulation tolerance relaxed to achieve convergence from 5.0288067196151741e-03 to 5.0288067196152158e-03 seconds.
Warning: Simulation tolerance relaxed to achieve convergence from 5.0288067196152158e-03 to 5.0288067196152470e-03 seconds.
Warning: Simulation tolerance relaxed to achieve convergence from 5.0288067196152470e-03 to 5.0288067196152886e-03 seconds.
Warning: Simulation tolerance relaxed to achieve convergence from 5.0288067196152886e-03 to 5.0288067196153094e-03 seconds.
Warning: Simulation tolerance relaxed to achieve convergence from 5.0288067196153094e-03 to 5.0288067196153198e-03 seconds.
Warning: Simulation tolerance relaxed to achieve convergence from 5.0288067196153198e-03 to 5.0288067196153407e-03 seconds.
Warning: Simulation tolerance relaxed to achieve convergence from 5.0288067196153407e-03 to 5.0288067196153615e-03 seconds.
Warning: Simulation tolerance relaxed to achieve convergence from 5.0288067196153615e-03 to 5.0288067196154239e-03 seconds.
Warning: Simulation tolerance relaxed to achieve convergence from 5.0288067196154239e-03 to 5.0288067196154551e-03 seconds.
Warning: Simulation tolerance relaxed to achieve convergence from 5.0288067196154551e-03 to 5.0288067196155072e-03 seconds.
Warning: Simulation tolerance relaxed to achieve convergence from 5.0288067196155072e-03 to 5.0288067196155696e-03 seconds.
Warning: Simulation tolerance relaxed to achieve convergence from 5.0288067196155696e-03 to 5.0288067196156113e-03 seconds.
Warning: Simulation tolerance relaxed to achieve convergence from 5.0288067196156113e-03 to 5.0288067196156633e-03 seconds.
Warning: Simulation tolerance relaxed to achieve convergence from 5.0288067196156633e-03 to 5.0288067196156841e-03 seconds.
Warning: Simulation tolerance relaxed to achieve convergence from 5.0288067196156841e-03 to 5.0288067196157258e-03 seconds.
Warning: Simulation tolerance relaxed to achieve convergence from 5.0288067196157258e-03 to 5.0288067196157466e-03 seconds.
Warning: Simulation tolerance relaxed to achieve convergence from 5.0288067196157466e-03 to 5.0288067196157778e-03 seconds.
Warning: Simulation tolerance relaxed to achieve convergence from 5.0288067196157778e-03 to 5.0288067196157986e-03 seconds.
Warning: Simulation tolerance relaxed to achieve convergence from 5.0288067196157986e-03 to 5.0288067196158090e-03 seconds.
Warning: Simulation tolerance relaxed to achieve convergence from 5.0288067196158090e-03 to 5.0288067196158194e-03 seconds.
Warning: Simulation tolerance relaxed to achieve convergence from 5.0288067196158298e-03 to 5.0288067196158403e-03 seconds.
Warning: Simulation tolerance relaxed to achieve convergence from 5.0288067196158403e-03 to 5.0288067196158923e-03 seconds.
Warning: Simulation tolerance relaxed to achieve convergence from 5.0288067196158923e-03 to 5.0288067196159443e-03 seconds.
Warning: Simulation tolerance relaxed to achieve convergence from 5.0288067196159443e-03 to 5.0288067196159652e-03 seconds.
Warning: Simulation tolerance relaxed to achieve convergence from 5.0288067196159756e-03 to 5.0288067196160276e-03 seconds.
Warning: Simulation tolerance relaxed to achieve convergence from 5.0288067196160276e-03 to 5.0288067196160484e-03 seconds.
Warning: Simulation tolerance relaxed to achieve convergence from 5.0288067196160484e-03 to 5.0288067196161317e-03 seconds.
Warning: Simulation tolerance relaxed to achieve convergence from 5.0288067196161317e-03 to 5.0288067196161941e-03 seconds.
Warning: Simulation tolerance relaxed to achieve convergence from 5.0288067196161941e-03 to 5.0288067196162150e-03 seconds.
Warning: Simulation tolerance relaxed to achieve convergence from 5.0288067196162150e-03 to 5.0288067196162774e-03 seconds.
Warning: Simulation tolerance relaxed to achieve convergence from 5.0288067196162774e-03 to 5.0288067196162982e-03 seconds.
Warning: Simulation tolerance relaxed to achieve convergence from 5.0288067196162982e-03 to 5.0288067196163086e-03 seconds.
Warning: Simulation tolerance relaxed to achieve convergence from 5.0288067196163086e-03 to 5.0288067196163607e-03 seconds.
Warning: Simulation tolerance relaxed to achieve convergence from 5.0288067196163607e-03 to 5.0288067196163815e-03 seconds.
Warning: Simulation tolerance relaxed to achieve convergence from 5.0288067196163815e-03 to 5.0288067196164231e-03 seconds.
Warning: Simulation tolerance relaxed to achieve convergence from 5.0288067196164231e-03 to 5.0288067196164439e-03 seconds.
Warning: Simulation tolerance relaxed to achieve convergence from 5.0288067196164439e-03 to 5.0288067196165064e-03 seconds.
Warning: Simulation tolerance relaxed to achieve convergence from 5.0288067196165064e-03 to 5.0288067196165480e-03 seconds.
Warning: Simulation tolerance relaxed to achieve convergence from 5.0288067196165480e-03 to 5.0288067196165584e-03 seconds.
Warning: Simulation tolerance relaxed to achieve convergence from 5.0288067196165584e-03 to 5.0288067196165792e-03 seconds.
Warning: Simulation tolerance relaxed to achieve convergence from 5.0288067196165792e-03 to 5.0288067196166313e-03 seconds.
Warning: Simulation tolerance relaxed to achieve convergence from 5.0288067196166313e-03 to 5.0288067196166521e-03 seconds.
Warning: Simulation tolerance relaxed to achieve convergence from 5.0288067196166521e-03 to 5.0288067196166937e-03 seconds.
Warning: Simulation tolerance relaxed to achieve convergence from 5.0288067196166937e-03 to 5.0288067196167250e-03 seconds.
Warning: Simulation tolerance relaxed to achieve convergence from 5.0288067196167250e-03 to 5.0288067196167770e-03 seconds.
Warning: Simulation tolerance relaxed to achieve convergence from 5.0288067196167770e-03 to 5.0288067196167978e-03 seconds.
Warning: Simulation tolerance relaxed to achieve convergence from 5.0288067196167978e-03 to 5.0288067196168499e-03 seconds.
Warning: Simulation tolerance relaxed to achieve convergence from 5.0288067196168499e-03 to 5.0288067196169019e-03 seconds.
Warning: Simulation tolerance relaxed to achieve convergence from 5.0288067196169019e-03 to 5.0288067196169227e-03 seconds.
Warning: Simulation tolerance relaxed to achieve convergence from 5.0288067196169227e-03 to 5.0288067196169644e-03 seconds.
Warning: Simulation tolerance relaxed to achieve convergence from 5.0288067196169644e-03 to 5.0288067196169852e-03 seconds.
Warning: Simulation tolerance relaxed to achieve convergence from 5.0288067196169852e-03 to 5.0288067196170372e-03 seconds.
Warning: Simulation tolerance relaxed to achieve convergence from 5.0288067196170372e-03 to 5.0288067196170580e-03 seconds.
Warning: Simulation tolerance relaxed to achieve convergence from 5.0288067196170580e-03 to 5.0288067196171101e-03 seconds.
Warning: Simulation tolerance relaxed to achieve convergence from 5.0288067196171101e-03 to 5.0288067196171725e-03 seconds.
Warning: Simulation tolerance relaxed to achieve convergence from 5.0288067196171725e-03 to 5.0288067196171829e-03 seconds.
Warning: Simulation tolerance relaxed to achieve convergence from 5.0288067196171829e-03 to 5.0288067196171933e-03 seconds.
Warning: Simulation tolerance relaxed to achieve convergence from 5.0288067196171933e-03 to 5.0288067196172142e-03 seconds.
Warning: Simulation tolerance relaxed to achieve convergence from 5.0288067196172142e-03 to 5.0288067196172246e-03 seconds.
Warning: Simulation tolerance relaxed to achieve convergence from 5.0288067196172246e-03 to 5.0288067196172454e-03 seconds.
Warning: Simulation tolerance relaxed to achieve convergence from 5.0288067196172454e-03 to 5.0288067196172766e-03 seconds.
Warning: Simulation tolerance relaxed to achieve convergence from 5.0288067196172766e-03 to 5.0288067196173599e-03 seconds.
Warning: Simulation tolerance relaxed to achieve convergence from 5.0288067196173599e-03 to 5.0288067196173911e-03 seconds.
Warning: Simulation tolerance relaxed to achieve convergence from 5.0288067196173911e-03 to 5.0288067196174535e-03 seconds.
Warning: Simulation tolerance relaxed to achieve convergence from 5.0288067196174535e-03 to 5.0288067196174952e-03 seconds.
Warning: Simulation tolerance relaxed to achieve convergence from 5.0288067196174952e-03 to 5.0288067196175264e-03 seconds.
Warning: Simulation tolerance relaxed to achieve convergence from 5.0288067196175264e-03 to 5.0288067196175889e-03 seconds.
Warning: Simulation tolerance relaxed to achieve convergence from 5.0288067196175889e-03 to 5.0288067196176097e-03 seconds.
Warning: Simulation tolerance relaxed to achieve convergence from 5.0288067196176097e-03 to 5.0288067196176617e-03 seconds.
Warning: Simulation tolerance relaxed to achieve convergence from 5.0288067196176617e-03 to 5.0288067196176825e-03 seconds.
Warning: Simulation tolerance relaxed to achieve convergence from 5.0288067196176825e-03 to 5.0288067196177033e-03 seconds.
Warning: Simulation tolerance relaxed to achieve convergence from 5.0288067196177033e-03 to 5.0288067196177346e-03 seconds.
Warning: Simulation tolerance relaxed to achieve convergence from 5.0288067196177346e-03 to 5.0288067196177554e-03 seconds.
Warning: Simulation tolerance relaxed to achieve convergence from 5.0288067196177554e-03 to 5.0288067196178178e-03 seconds.
Warning: Simulation tolerance relaxed to achieve convergence from 5.0288067196178178e-03 to 5.0288067196178491e-03 seconds.
Warning: Simulation tolerance relaxed to achieve convergence from 5.0288067196178491e-03 to 5.0288067196178699e-03 seconds.
Warning: Simulation tolerance relaxed to achieve convergence from 5.0288067196178699e-03 to 5.0288067196179219e-03 seconds.
Warning: Simulation tolerance relaxed to achieve convergence from 5.0288067196179219e-03 to 5.0288067196179740e-03 seconds.
Warning: Simulation tolerance relaxed to achieve convergence from 5.0288067196179740e-03 to 5.0288067196180364e-03 seconds.
Warning: Simulation tolerance relaxed to achieve convergence from 5.0288067196180364e-03 to 5.0288067196180468e-03 seconds.
Warning: Simulation tolerance relaxed to achieve convergence from 5.0288067196180468e-03 to 5.0288067196180676e-03 seconds.
Warning: Simulation tolerance relaxed to achieve convergence from 5.0288067196180676e-03 to 5.0288067196181301e-03 seconds.
Warning: Simulation tolerance relaxed to achieve convergence from 5.0288067196181301e-03 to 5.0288067196181509e-03 seconds.
Warning: Simulation tolerance relaxed to achieve convergence from 5.0288067196181509e-03 to 5.0288067196182029e-03 seconds.
Warning: Simulation tolerance relaxed to achieve convergence from 5.0288067196182029e-03 to 5.0288067196182238e-03 seconds.
Warning: Simulation tolerance relaxed to achieve convergence from 5.0288067196182238e-03 to 5.0288067196182862e-03 seconds.
Warning: Simulation tolerance relaxed to achieve convergence from 5.0288067196182862e-03 to 5.0288067196183070e-03 seconds.
Warning: Simulation tolerance relaxed to achieve convergence from 5.0288067196183070e-03 to 5.0288067196183383e-03 seconds.
Warning: Simulation tolerance relaxed to achieve convergence from 5.0288067196183383e-03 to 5.0288067196183903e-03 seconds.
Warning: Simulation tolerance relaxed to achieve convergence from 5.0288067196183903e-03 to 5.0288067196184423e-03 seconds.
Warning: Simulation tolerance relaxed to achieve convergence from 5.0288067196184423e-03 to 5.0288067196184736e-03 seconds.
Warning: Simulation tolerance relaxed to achieve convergence from 5.0288067196184736e-03 to 5.0288067196185360e-03 seconds.
Warning: Simulation tolerance relaxed to achieve convergence from 5.0288067196185360e-03 to 5.0288067196185568e-03 seconds.
Warning: Simulation tolerance relaxed to achieve convergence from 5.0288067196185568e-03 to 5.0288067196185985e-03 seconds.
Warning: Simulation tolerance relaxed to achieve convergence from 5.0288067196185985e-03 to 5.0288067196186089e-03 seconds.
Warning: Simulation tolerance relaxed to achieve convergence from 5.0288067196186089e-03 to 5.0288067196186297e-03 seconds.
Warning: Simulation tolerance relaxed to achieve convergence from 5.0288067196186297e-03 to 5.0288067196187130e-03 seconds.
Warning: Simulation tolerance relaxed to achieve convergence from 5.0288067196187130e-03 to 5.0288067196187234e-03 seconds.
Warning: Simulation tolerance relaxed to achieve convergence from 5.0288067196187234e-03 to 5.0288067196187442e-03 seconds.
Warning: Simulation tolerance relaxed to achieve convergence from 5.0288067196187442e-03 to 5.0288067196187650e-03 seconds.
Warning: Simulation tolerance relaxed to achieve convergence from 5.0288067196187650e-03 to 5.0288067196187962e-03 seconds.
Warning: Simulation tolerance relaxed to achieve convergence from 5.0288067196187962e-03 to 5.0288067196188483e-03 seconds.
Warning: Simulation tolerance relaxed to achieve convergence from 5.0288067196188483e-03 to 5.0288067196188691e-03 seconds.
Warning: Simulation tolerance relaxed to achieve convergence from 5.0288067196188691e-03 to 5.0288067196189211e-03 seconds.
Warning: Simulation tolerance relaxed to achieve convergence from 5.0288067196189211e-03 to 5.0288067196189836e-03 seconds.
Warning: Simulation tolerance relaxed to achieve convergence from 5.0288067196189836e-03 to 5.0288067196190044e-03 seconds.
Warning: Simulation tolerance relaxed to achieve convergence from 5.0288067196190044e-03 to 5.0288067196190252e-03 seconds.
Warning: Simulation tolerance relaxed to achieve convergence from 5.0288067196190252e-03 to 5.0288067196190460e-03 seconds.
Warning: Simulation tolerance relaxed to achieve convergence from 5.0288067196190460e-03 to 5.0288067196190981e-03 seconds.
Warning: Simulation tolerance relaxed to achieve convergence from 5.0288067196190981e-03 to 5.0288067196191709e-03 seconds.
Warning: Simulation tolerance relaxed to achieve convergence from 5.0288067196191709e-03 to 5.0288067196191917e-03 seconds.
Warning: Simulation tolerance relaxed to achieve convergence from 5.0288067196191917e-03 to 5.0288067196192542e-03 seconds.
Warning: Simulation tolerance relaxed to achieve convergence from 5.0288067196192542e-03 to 5.0288067196193479e-03 seconds.
Warning: Simulation tolerance relaxed to achieve convergence from 5.0288067196193479e-03 to 5.0288067196193791e-03 seconds.
Warning: Simulation tolerance relaxed to achieve convergence from 5.0288067196193791e-03 to 5.0288067196194311e-03 seconds.
Warning: Simulation tolerance relaxed to achieve convergence from 5.0288067196194311e-03 to 5.0288067196194415e-03 seconds.
Warning: Simulation tolerance relaxed to achieve convergence from 5.0288067196194415e-03 to 5.0288067196194624e-03 seconds.
Warning: Simulation tolerance relaxed to achieve convergence from 5.0288067196194624e-03 to 5.0288067196194832e-03 seconds.
Warning: Simulation tolerance relaxed to achieve convergence from 5.0288067196194832e-03 to 5.0288067196195352e-03 seconds.
Warning: Simulation tolerance relaxed to achieve convergence from 5.0288067196195352e-03 to 5.0288067196195456e-03 seconds.
Warning: Simulation tolerance relaxed to achieve convergence from 5.0288067196195456e-03 to 5.0288067196195664e-03 seconds.
Warning: Simulation tolerance relaxed to achieve convergence from 5.0288067196195664e-03 to 5.0288067196195873e-03 seconds.
Warning: Simulation tolerance relaxed to achieve convergence from 5.0288067196195873e-03 to 5.0288067196196081e-03 seconds.
Warning: Simulation tolerance relaxed to achieve convergence from 5.0288067196196081e-03 to 5.0288067196196705e-03 seconds.
Warning: Simulation tolerance relaxed to achieve convergence from 5.0288067196196705e-03 to 5.0288067196197434e-03 seconds.
Warning: Simulation tolerance relaxed to achieve convergence from 5.0288067196197434e-03 to 5.0288067196197850e-03 seconds.
Warning: Simulation tolerance relaxed to achieve convergence from 5.0288067196197850e-03 to 5.0288067196198266e-03 seconds.
Warning: Simulation tolerance relaxed to achieve convergence from 5.0288067196198266e-03 to 5.0288067196198579e-03 seconds.
Warning: Simulation tolerance relaxed to achieve convergence from 5.0288067196198579e-03 to 5.0288067196198787e-03 seconds.
Warning: Simulation tolerance relaxed to achieve convergence from 5.0288067196198787e-03 to 5.0288067196199411e-03 seconds.
Warning: Simulation tolerance relaxed to achieve convergence from 5.0288067196199411e-03 to 5.0288067196199620e-03 seconds.
Warning: Simulation tolerance relaxed to achieve convergence from 5.0288067196199620e-03 to 5.0288067196200244e-03 seconds.
Warning: Simulation tolerance relaxed to achieve convergence from 5.0288067196200244e-03 to 5.0288067196200764e-03 seconds.
Warning: Simulation tolerance relaxed to achieve convergence from 5.0288067196200764e-03 to 5.0288067196200869e-03 seconds.
Warning: Simulation tolerance relaxed to achieve convergence from 5.0288067196200869e-03 to 5.0288067196201077e-03 seconds.
Warning: Simulation tolerance relaxed to achieve convergence from 5.0288067196201077e-03 to 5.0288067196201389e-03 seconds.
Warning: Simulation tolerance relaxed to achieve convergence from 5.0288067196201389e-03 to 5.0288067196201909e-03 seconds.
Warning: Simulation tolerance relaxed to achieve convergence from 5.0288067196201909e-03 to 5.0288067196202430e-03 seconds.
Warning: Simulation tolerance relaxed to achieve convergence from 5.0288067196202430e-03 to 5.0288067196202950e-03 seconds.
Warning: Simulation tolerance relaxed to achieve convergence from 5.0288067196202950e-03 to 5.0288067196203158e-03 seconds.
Warning: Simulation tolerance relaxed to achieve convergence from 5.0288067196203158e-03 to 5.0288067196203575e-03 seconds.
Warning: Simulation tolerance relaxed to achieve convergence from 5.0288067196203575e-03 to 5.0288067196203783e-03 seconds.
Warning: Simulation tolerance relaxed to achieve convergence from 5.0288067196203783e-03 to 5.0288067196204303e-03 seconds.
Warning: Simulation tolerance relaxed to achieve convergence from 5.0288067196204303e-03 to 5.0288067196204512e-03 seconds.
Warning: Simulation tolerance relaxed to achieve convergence from 5.0288067196204512e-03 to 5.0288067196204824e-03 seconds.
Warning: Simulation tolerance relaxed to achieve convergence from 5.0288067196204824e-03 to 5.0288067196205656e-03 seconds.
Warning: Simulation tolerance relaxed to achieve convergence from 5.0288067196205656e-03 to 5.0288067196206073e-03 seconds.
Warning: Simulation tolerance relaxed to achieve convergence from 5.0288067196206073e-03 to 5.0288067196206281e-03 seconds.
Warning: Simulation tolerance relaxed to achieve convergence from 5.0288067196206281e-03 to 5.0288067196206489e-03 seconds.
Warning: Simulation tolerance relaxed to achieve convergence from 5.0288067196206489e-03 to 5.0288067196207322e-03 seconds.
Warning: Simulation tolerance relaxed to achieve convergence from 5.0288067196207322e-03 to 5.0288067196207530e-03 seconds.
Warning: Simulation tolerance relaxed to achieve convergence from 5.0288067196207530e-03 to 5.0288067196207738e-03 seconds.
Warning: Simulation tolerance relaxed to achieve convergence from 5.0288067196207738e-03 to 5.0288067196208154e-03 seconds.
Warning: Simulation tolerance relaxed to achieve convergence from 5.0288067196208154e-03 to 5.0288067196208571e-03 seconds.
Warning: Simulation tolerance relaxed to achieve convergence from 5.0288067196208571e-03 to 5.0288067196208987e-03 seconds.
Warning: Simulation tolerance relaxed to achieve convergence from 5.0288067196208987e-03 to 5.0288067196209195e-03 seconds.
Warning: Simulation tolerance relaxed to achieve convergence from 5.0288067196209195e-03 to 5.0288067196209716e-03 seconds.
Warning: Simulation tolerance relaxed to achieve convergence from 5.0288067196209716e-03 to 5.0288067196210444e-03 seconds.
Warning: Simulation tolerance relaxed to achieve convergence from 5.0288067196210444e-03 to 5.0288067196210861e-03 seconds.
Warning: Simulation tolerance relaxed to achieve convergence from 5.0288067196210861e-03 to 5.0288067196211069e-03 seconds.
Warning: Simulation tolerance relaxed to achieve convergence from 5.0288067196211069e-03 to 5.0288067196211693e-03 seconds.
Warning: Simulation tolerance relaxed to achieve convergence from 5.0288067196211693e-03 to 5.0288067196211797e-03 seconds.
Warning: Simulation tolerance relaxed to achieve convergence from 5.0288067196211797e-03 to 5.0288067196212006e-03 seconds.
Warning: Simulation tolerance relaxed to achieve convergence from 5.0288067196212006e-03 to 5.0288067196212214e-03 seconds.
Warning: Simulation tolerance relaxed to achieve convergence from 5.0288067196212214e-03 to 5.0288067196212422e-03 seconds.
Warning: Simulation tolerance relaxed to achieve convergence from 5.0288067196212422e-03 to 5.0288067196213150e-03 seconds.
Warning: Simulation tolerance relaxed to achieve convergence from 5.0288067196213150e-03 to 5.0288067196213359e-03 seconds.
Warning: Simulation tolerance relaxed to achieve convergence from 5.0288067196213359e-03 to 5.0288067196213567e-03 seconds.
Warning: Simulation tolerance relaxed to achieve convergence from 5.0288067196213567e-03 to 5.0288067196214295e-03 seconds.
Warning: Simulation tolerance relaxed to achieve convergence from 5.0288067196214295e-03 to 5.0288067196214399e-03 seconds.
Warning: Simulation tolerance relaxed to achieve convergence from 5.0288067196214399e-03 to 5.0288067196214608e-03 seconds.
Warning: Simulation tolerance relaxed to achieve convergence from 5.0288067196214608e-03 to 5.0288067196214816e-03 seconds.
Warning: Simulation tolerance relaxed to achieve convergence from 5.0288067196214816e-03 to 5.0288067196215024e-03 seconds.
Warning: Simulation tolerance relaxed to achieve convergence from 5.0288067196215024e-03 to 5.0288067196215753e-03 seconds.
Warning: Simulation tolerance relaxed to achieve convergence from 5.0288067196215753e-03 to 5.0288067196216273e-03 seconds.
Warning: Simulation tolerance relaxed to achieve convergence from 5.0288067196216273e-03 to 5.0288067196216481e-03 seconds.
Warning: Simulation tolerance relaxed to achieve convergence from 5.0288067196216481e-03 to 5.0288067196216689e-03 seconds.
Warning: Simulation tolerance relaxed to achieve convergence from 5.0288067196216689e-03 to 5.0288067196217418e-03 seconds.
Warning: Simulation tolerance relaxed to achieve convergence from 5.0288067196217418e-03 to 5.0288067196217626e-03 seconds.
Warning: Simulation tolerance relaxed to achieve convergence from 5.0288067196217626e-03 to 5.0288067196218251e-03 seconds.
Warning: Simulation tolerance relaxed to achieve convergence from 5.0288067196218251e-03 to 5.0288067196218563e-03 seconds.
Warning: Simulation tolerance relaxed to achieve convergence from 5.0288067196218563e-03 to 5.0288067196218771e-03 seconds.
Warning: Simulation tolerance relaxed to achieve convergence from 5.0288067196218771e-03 to 5.0288067196219395e-03 seconds.
Warning: Simulation tolerance relaxed to achieve convergence from 5.0288067196219395e-03 to 5.0288067196219500e-03 seconds.
Warning: Simulation tolerance relaxed to achieve convergence from 5.0288067196219500e-03 to 5.0288067196219708e-03 seconds.
Warning: Simulation tolerance relaxed to achieve convergence from 5.0288067196219708e-03 to 5.0288067196220228e-03 seconds.
Warning: Simulation tolerance relaxed to achieve convergence from 5.0288067196220228e-03 to 5.0288067196220332e-03 seconds.
Warning: Simulation tolerance relaxed to achieve convergence from 5.0288067196220332e-03 to 5.0288067196220749e-03 seconds.
Warning: Simulation tolerance relaxed to achieve convergence from 5.0288067196220749e-03 to 5.0288067196220957e-03 seconds.
Warning: Simulation tolerance relaxed to achieve convergence from 5.0288067196220957e-03 to 5.0288067196221477e-03 seconds.
Warning: Simulation tolerance relaxed to achieve convergence from 5.0288067196221477e-03 to 5.0288067196221685e-03 seconds.
Warning: Simulation tolerance relaxed to achieve convergence from 5.0288067196221685e-03 to 5.0288067196221789e-03 seconds.
Warning: Simulation tolerance relaxed to achieve convergence from 5.0288067196221789e-03 to 5.0288067196222518e-03 seconds.
Warning: Simulation tolerance relaxed to achieve convergence from 5.0288067196222518e-03 to 5.0288067196222726e-03 seconds.
Warning: Simulation tolerance relaxed to achieve convergence from 5.0288067196222726e-03 to 5.0288067196222934e-03 seconds.
Warning: Simulation tolerance relaxed to achieve convergence from 5.0288067196222934e-03 to 5.0288067196223038e-03 seconds.
Warning: Simulation tolerance relaxed to achieve convergence from 5.0288067196223038e-03 to 5.0288067196223247e-03 seconds.
Warning: Simulation tolerance relaxed to achieve convergence from 5.0288067196223247e-03 to 5.0288067196223351e-03 seconds.
Warning: Simulation tolerance relaxed to achieve convergence from 5.0288067196223351e-03 to 5.0288067196223871e-03 seconds.
Warning: Simulation tolerance relaxed to achieve convergence from 5.0288067196223871e-03 to 5.0288067196224079e-03 seconds.
Warning: Simulation tolerance relaxed to achieve convergence from 5.0288067196224079e-03 to 5.0288067196225120e-03 seconds.
Warning: Simulation tolerance relaxed to achieve convergence from 5.0288067196225120e-03 to 5.0288067196225224e-03 seconds.
Warning: Simulation tolerance relaxed to achieve convergence from 5.0288067196225224e-03 to 5.0288067196225536e-03 seconds.
Warning: Simulation tolerance relaxed to achieve convergence from 5.0288067196225536e-03 to 5.0288067196225745e-03 seconds.
Warning: Simulation tolerance relaxed to achieve convergence from 5.0288067196225745e-03 to 5.0288067196226161e-03 seconds.
Warning: Simulation tolerance relaxed to achieve convergence from 5.0288067196226161e-03 to 5.0288067196226265e-03 seconds.
Warning: Simulation tolerance relaxed to achieve convergence from 5.0288067196226265e-03 to 5.0288067196226473e-03 seconds.
Warning: Simulation tolerance relaxed to achieve convergence from 5.0288067196226473e-03 to 5.0288067196226577e-03 seconds.
Warning: Simulation tolerance relaxed to achieve convergence from 5.0288067196226577e-03 to 5.0288067196226785e-03 seconds.
Warning: Simulation tolerance relaxed to achieve convergence from 5.0288067196226785e-03 to 5.0288067196227098e-03 seconds.
Warning: Simulation tolerance relaxed to achieve convergence from 5.0288067196227098e-03 to 5.0288067196227722e-03 seconds.
Warning: Simulation tolerance relaxed to achieve convergence from 5.0288067196227722e-03 to 5.0288067196227930e-03 seconds.
Warning: Simulation tolerance relaxed to achieve convergence from 5.0288067196227930e-03 to 5.0288067196228451e-03 seconds.
Warning: Simulation tolerance relaxed to achieve convergence from 5.0288067196228451e-03 to 5.0288067196228867e-03 seconds.
Warning: Simulation tolerance relaxed to achieve convergence from 5.0288067196228867e-03 to 5.0288067196228971e-03 seconds.
Warning: Simulation tolerance relaxed to achieve convergence from 5.0288067196228971e-03 to 5.0288067196229075e-03 seconds.
Warning: Simulation tolerance relaxed to achieve convergence from 5.0288067196229075e-03 to 5.0288067196229179e-03 seconds.
Warning: Simulation tolerance relaxed to achieve convergence from 5.0288067196229179e-03 to 5.0288067196229387e-03 seconds.
Warning: Simulation tolerance relaxed to achieve convergence from 5.0288067196229387e-03 to 5.0288067196229596e-03 seconds.
Warning: Simulation tolerance relaxed to achieve convergence from 5.0288067196229596e-03 to 5.0288067196229908e-03 seconds.
Warning: Simulation tolerance relaxed to achieve convergence from 5.0288067196229908e-03 to 5.0288067196230636e-03 seconds.
Warning: Simulation tolerance relaxed to achieve convergence from 5.0288067196230636e-03 to 5.0288067196230845e-03 seconds.
Warning: Simulation tolerance relaxed to achieve convergence from 5.0288067196230845e-03 to 5.0288067196231053e-03 seconds.
Warning: Simulation tolerance relaxed to achieve convergence from 5.0288067196231053e-03 to 5.0288067196231781e-03 seconds.
Warning: Simulation tolerance relaxed to achieve convergence from 5.0288067196231781e-03 to 5.0288067196232198e-03 seconds.
Warning: Simulation tolerance relaxed to achieve convergence from 5.0288067196232198e-03 to 5.0288067196232614e-03 seconds.
Warning: Simulation tolerance relaxed to achieve convergence from 5.0288067196232614e-03 to 5.0288067196232926e-03 seconds.
Warning: Simulation tolerance relaxed to achieve convergence from 5.0288067196232926e-03 to 5.0288067196233134e-03 seconds.
Warning: Simulation tolerance relaxed to achieve convergence from 5.0288067196233134e-03 to 5.0288067196233655e-03 seconds.
Warning: Simulation tolerance relaxed to achieve convergence from 5.0288067196233655e-03 to 5.0288067196234279e-03 seconds.
Warning: Simulation tolerance relaxed to achieve convergence from 5.0288067196234279e-03 to 5.0288067196234383e-03 seconds.
Warning: Simulation tolerance relaxed to achieve convergence from 5.0288067196234383e-03 to 5.0288067196234488e-03 seconds.
Warning: Simulation tolerance relaxed to achieve convergence from 5.0288067196234488e-03 to 5.0288067196234696e-03 seconds.
Warning: Simulation tolerance relaxed to achieve convergence from 5.0288067196234696e-03 to 5.0288067196235008e-03 seconds.
Warning: Simulation tolerance relaxed to achieve convergence from 5.0288067196235008e-03 to 5.0288067196235632e-03 seconds.
Warning: Simulation tolerance relaxed to achieve convergence from 5.0288067196235632e-03 to 5.0288067196235737e-03 seconds.
Warning: Simulation tolerance relaxed to achieve convergence from 5.0288067196235737e-03 to 5.0288067196236049e-03 seconds.
Warning: Simulation tolerance relaxed to achieve convergence from 5.0288067196236049e-03 to 5.0288067196236881e-03 seconds.
Warning: Simulation tolerance relaxed to achieve convergence from 5.0288067196236881e-03 to 5.0288067196237194e-03 seconds.
Warning: Simulation tolerance relaxed to achieve convergence from 5.0288067196237194e-03 to 5.0288067196237922e-03 seconds.
Warning: Simulation tolerance relaxed to achieve convergence from 5.0288067196237922e-03 to 5.0288067196238235e-03 seconds.
Warning: Simulation tolerance relaxed to achieve convergence from 5.0288067196238235e-03 to 5.0288067196238755e-03 seconds.
Warning: Simulation tolerance relaxed to achieve convergence from 5.0288067196238755e-03 to 5.0288067196239588e-03 seconds.
Warning: Simulation tolerance relaxed to achieve convergence from 5.0288067196239588e-03 to 5.0288067196239796e-03 seconds.
Warning: Simulation tolerance relaxed to achieve convergence from 5.0288067196239796e-03 to 5.0288067196240004e-03 seconds.
Warning: Simulation tolerance relaxed to achieve convergence from 5.0288067196240004e-03 to 5.0288067196240837e-03 seconds.
Warning: Simulation tolerance relaxed to achieve convergence from 5.0288067196240837e-03 to 5.0288067196240941e-03 seconds.
Warning: Simulation tolerance relaxed to achieve convergence from 5.0288067196240941e-03 to 5.0288067196241045e-03 seconds.
Warning: Simulation tolerance relaxed to achieve convergence from 5.0288067196241045e-03 to 5.0288067196241149e-03 seconds.
Warning: Simulation tolerance relaxed to achieve convergence from 5.0288067196241149e-03 to 5.0288067196241461e-03 seconds.
Warning: Simulation tolerance relaxed to achieve convergence from 5.0288067196241461e-03 to 5.0288067196241982e-03 seconds.
Warning: Simulation tolerance relaxed to achieve convergence from 5.0288067196241982e-03 to 5.0288067196242190e-03 seconds.
Warning: Simulation tolerance relaxed to achieve convergence from 5.0288067196242190e-03 to 5.0288067196242606e-03 seconds.
Warning: Simulation tolerance relaxed to achieve convergence from 5.0288067196242606e-03 to 5.0288067196242814e-03 seconds.
Warning: Simulation tolerance relaxed to achieve convergence from 5.0288067196242814e-03 to 5.0288067196243335e-03 seconds.
Warning: Simulation tolerance relaxed to achieve convergence from 5.0288067196243335e-03 to 5.0288067196243439e-03 seconds.
Warning: Simulation tolerance relaxed to achieve convergence from 5.0288067196243439e-03 to 5.0288067196243647e-03 seconds.
Warning: Simulation tolerance relaxed to achieve convergence from 5.0288067196243647e-03 to 5.0288067196243855e-03 seconds.
Warning: Simulation tolerance relaxed to achieve convergence from 5.0288067196243855e-03 to 5.0288067196244271e-03 seconds.
Warning: Simulation tolerance relaxed to achieve convergence from 5.0288067196244271e-03 to 5.0288067196244375e-03 seconds.
Warning: Simulation tolerance relaxed to achieve convergence from 5.0288067196244375e-03 to 5.0288067196244584e-03 seconds.
Warning: Simulation tolerance relaxed to achieve convergence from 5.0288067196244584e-03 to 5.0288067196245000e-03 seconds.
Warning: Simulation tolerance relaxed to achieve convergence from 5.0288067196245000e-03 to 5.0288067196245312e-03 seconds.
Warning: Simulation tolerance relaxed to achieve convergence from 5.0288067196245312e-03 to 5.0288067196245833e-03 seconds.
Warning: Simulation tolerance relaxed to achieve convergence from 5.0288067196245833e-03 to 5.0288067196246457e-03 seconds.
Warning: Simulation tolerance relaxed to achieve convergence from 5.0288067196246457e-03 to 5.0288067196246665e-03 seconds.
Warning: Simulation tolerance relaxed to achieve convergence from 5.0288067196246665e-03 to 5.0288067196247290e-03 seconds.
Warning: Simulation tolerance relaxed to achieve convergence from 5.0288067196247290e-03 to 5.0288067196247706e-03 seconds.
Warning: Simulation tolerance relaxed to achieve convergence from 5.0288067196247706e-03 to 5.0288067196247914e-03 seconds.
Warning: Simulation tolerance relaxed to achieve convergence from 5.0288067196247914e-03 to 5.0288067196248539e-03 seconds.
Warning: Simulation tolerance relaxed to achieve convergence from 5.0288067196248539e-03 to 5.0288067196248747e-03 seconds.
Warning: Simulation tolerance relaxed to achieve convergence from 5.0288067196248747e-03 to 5.0288067196249059e-03 seconds.
Warning: Simulation tolerance relaxed to achieve convergence from 5.0288067196249059e-03 to 5.0288067196250204e-03 seconds.
Warning: Simulation tolerance relaxed to achieve convergence from 5.0288067196250204e-03 to 5.0288067196250412e-03 seconds.
Warning: Simulation tolerance relaxed to achieve convergence from 5.0288067196250412e-03 to 5.0288067196250516e-03 seconds.
Warning: Simulation tolerance relaxed to achieve convergence from 5.0288067196250516e-03 to 5.0288067196250620e-03 seconds.
Warning: Simulation tolerance relaxed to achieve convergence from 5.0288067196250620e-03 to 5.0288067196250725e-03 seconds.
Warning: Simulation tolerance relaxed to achieve convergence from 5.0288067196250725e-03 to 5.0288067196250933e-03 seconds.
Warning: Simulation tolerance relaxed to achieve convergence from 5.0288067196250933e-03 to 5.0288067196251557e-03 seconds.
Warning: Simulation tolerance relaxed to achieve convergence from 5.0288067196251557e-03 to 5.0288067196251765e-03 seconds.
Warning: Simulation tolerance relaxed to achieve convergence from 5.0288067196251765e-03 to 5.0288067196252390e-03 seconds.
Warning: Simulation tolerance relaxed to achieve convergence from 5.0288067196252390e-03 to 5.0288067196252910e-03 seconds.
Warning: Simulation tolerance relaxed to achieve convergence from 5.0288067196252910e-03 to 5.0288067196253431e-03 seconds.
Warning: Simulation tolerance relaxed to achieve convergence from 5.0288067196253431e-03 to 5.0288067196253639e-03 seconds.
Warning: Simulation tolerance relaxed to achieve convergence from 5.0288067196253639e-03 to 5.0288067196253743e-03 seconds.
Warning: Simulation tolerance relaxed to achieve convergence from 5.0288067196253743e-03 to 5.0288067196253951e-03 seconds.
Warning: Simulation tolerance relaxed to achieve convergence from 5.0288067196253951e-03 to 5.0288067196254159e-03 seconds.
Warning: Simulation tolerance relaxed to achieve convergence from 5.0288067196254159e-03 to 5.0288067196254367e-03 seconds.
Warning: Simulation tolerance relaxed to achieve convergence from 5.0288067196254367e-03 to 5.0288067196254888e-03 seconds.
Warning: Simulation tolerance relaxed to achieve convergence from 5.0288067196254888e-03 to 5.0288067196255616e-03 seconds.
Warning: Simulation tolerance relaxed to achieve convergence from 5.0288067196255616e-03 to 5.0288067196255721e-03 seconds.
Warning: Simulation tolerance relaxed to achieve convergence from 5.0288067196255721e-03 to 5.0288067196256033e-03 seconds.
Warning: Simulation tolerance relaxed to achieve convergence from 5.0288067196256033e-03 to 5.0288067196256657e-03 seconds.
Warning: Simulation tolerance relaxed to achieve convergence from 5.0288067196256657e-03 to 5.0288067196257178e-03 seconds.
Warning: Simulation tolerance relaxed to achieve convergence from 5.0288067196257178e-03 to 5.0288067196257386e-03 seconds.
Warning: Simulation tolerance relaxed to achieve convergence from 5.0288067196257386e-03 to 5.0288067196257490e-03 seconds.
Warning: Simulation tolerance relaxed to achieve convergence from 5.0288067196257490e-03 to 5.0288067196257698e-03 seconds.
Warning: Simulation tolerance relaxed to achieve convergence from 5.0288067196257698e-03 to 5.0288067196258427e-03 seconds.
Warning: Simulation tolerance relaxed to achieve convergence from 5.0288067196258427e-03 to 5.0288067196258947e-03 seconds.
Warning: Simulation tolerance relaxed to achieve convergence from 5.0288067196258947e-03 to 5.0288067196259676e-03 seconds.
Warning: Simulation tolerance relaxed to achieve convergence from 5.0288067196259676e-03 to 5.0288067196259884e-03 seconds.
Warning: Simulation tolerance relaxed to achieve convergence from 5.0288067196259884e-03 to 5.0288067196260300e-03 seconds.
Warning: Simulation tolerance relaxed to achieve convergence from 5.0288067196260300e-03 to 5.0288067196260508e-03 seconds.
Warning: Simulation tolerance relaxed to achieve convergence from 5.0288067196260508e-03 to 5.0288067196260717e-03 seconds.
Warning: Simulation tolerance relaxed to achieve convergence from 5.0288067196260717e-03 to 5.0288067196261341e-03 seconds.
Warning: Simulation tolerance relaxed to achieve convergence from 5.0288067196261341e-03 to 5.0288067196261445e-03 seconds.
Warning: Simulation tolerance relaxed to achieve convergence from 5.0288067196261445e-03 to 5.0288067196261653e-03 seconds.
Warning: Simulation tolerance relaxed to achieve convergence from 5.0288067196261653e-03 to 5.0288067196261757e-03 seconds.
Warning: Simulation tolerance relaxed to achieve convergence from 5.0288067196261757e-03 to 5.0288067196262278e-03 seconds.
Warning: Simulation tolerance relaxed to achieve convergence from 5.0288067196262278e-03 to 5.0288067196262382e-03 seconds.
Warning: Simulation tolerance relaxed to achieve convergence from 5.0288067196262382e-03 to 5.0288067196262590e-03 seconds.
Warning: Simulation tolerance relaxed to achieve convergence from 5.0288067196262590e-03 to 5.0288067196262902e-03 seconds.
Warning: Simulation tolerance relaxed to achieve convergence from 5.0288067196262902e-03 to 5.0288067196263735e-03 seconds.
Warning: Simulation tolerance relaxed to achieve convergence from 5.0288067196263735e-03 to 5.0288067196263839e-03 seconds.
Warning: Simulation tolerance relaxed to achieve convergence from 5.0288067196263839e-03 to 5.0288067196264047e-03 seconds.
Warning: Simulation tolerance relaxed to achieve convergence from 5.0288067196264047e-03 to 5.0288067196264255e-03 seconds.
Warning: Simulation tolerance relaxed to achieve convergence from 5.0288067196264255e-03 to 5.0288067196264984e-03 seconds.
Warning: Simulation tolerance relaxed to achieve convergence from 5.0288067196264984e-03 to 5.0288067196265088e-03 seconds.
Warning: Simulation tolerance relaxed to achieve convergence from 5.0288067196265088e-03 to 5.0288067196265296e-03 seconds.
Warning: Simulation tolerance relaxed to achieve convergence from 5.0288067196265296e-03 to 5.0288067196265400e-03 seconds.
Warning: Simulation tolerance relaxed to achieve convergence from 5.0288067196265400e-03 to 5.0288067196265817e-03 seconds.
Warning: Simulation tolerance relaxed to achieve convergence from 5.0288067196265817e-03 to 5.0288067196266025e-03 seconds.
Warning: Simulation tolerance relaxed to achieve convergence from 5.0288067196266025e-03 to 5.0288067196266649e-03 seconds.
Warning: Simulation tolerance relaxed to achieve convergence from 5.0288067196266649e-03 to 5.0288067196267170e-03 seconds.
Warning: Simulation tolerance relaxed to achieve convergence from 5.0288067196267170e-03 to 5.0288067196267378e-03 seconds.
Warning: Simulation tolerance relaxed to achieve convergence from 5.0288067196267378e-03 to 5.0288067196267898e-03 seconds.
Warning: Simulation tolerance relaxed to achieve convergence from 5.0288067196267898e-03 to 5.0288067196268211e-03 seconds.
Warning: Simulation tolerance relaxed to achieve convergence from 5.0288067196268211e-03 to 5.0288067196268419e-03 seconds.
Warning: Simulation tolerance relaxed to achieve convergence from 5.0288067196268419e-03 to 5.0288067196269043e-03 seconds.
Warning: Simulation tolerance relaxed to achieve convergence from 5.0288067196269043e-03 to 5.0288067196269668e-03 seconds.
Warning: Simulation tolerance relaxed to achieve convergence from 5.0288067196269668e-03 to 5.0288067196270188e-03 seconds.
Warning: Simulation tolerance relaxed to achieve convergence from 5.0288067196270188e-03 to 5.0288067196270292e-03 seconds.
Warning: Simulation tolerance relaxed to achieve convergence from 5.0288067196270292e-03 to 5.0288067196270500e-03 seconds.
Warning: Simulation tolerance relaxed to achieve convergence from 5.0288067196270500e-03 to 5.0288067196271229e-03 seconds.
Warning: Simulation tolerance relaxed to achieve convergence from 5.0288067196271229e-03 to 5.0288067196271853e-03 seconds.
Warning: Simulation tolerance relaxed to achieve convergence from 5.0288067196271853e-03 to 5.0288067196271958e-03 seconds.
Warning: Simulation tolerance relaxed to achieve convergence from 5.0288067196271958e-03 to 5.0288067196272166e-03 seconds.
Warning: Simulation tolerance relaxed to achieve convergence from 5.0288067196272166e-03 to 5.0288067196272270e-03 seconds.
Warning: Simulation tolerance relaxed to achieve convergence from 5.0288067196272270e-03 to 5.0288067196272582e-03 seconds.
Warning: Simulation tolerance relaxed to achieve convergence from 5.0288067196272582e-03 to 5.0288067196272894e-03 seconds.
Warning: Simulation tolerance relaxed to achieve convergence from 5.0288067196272894e-03 to 5.0288067196273415e-03 seconds.
Warning: Simulation tolerance relaxed to achieve convergence from 5.0288067196273415e-03 to 5.0288067196274247e-03 seconds.
Warning: Simulation tolerance relaxed to achieve convergence from 5.0288067196274247e-03 to 5.0288067196274560e-03 seconds.
Warning: Simulation tolerance relaxed to achieve convergence from 5.0288067196274560e-03 to 5.0288067196275288e-03 seconds.
Warning: Simulation tolerance relaxed to achieve convergence from 5.0288067196275288e-03 to 5.0288067196275600e-03 seconds.
Warning: Simulation tolerance relaxed to achieve convergence from 5.0288067196275600e-03 to 5.0288067196275705e-03 seconds.
Warning: Simulation tolerance relaxed to achieve convergence from 5.0288067196275705e-03 to 5.0288067196276121e-03 seconds.
Warning: Simulation tolerance relaxed to achieve convergence from 5.0288067196276121e-03 to 5.0288067196276537e-03 seconds.
Warning: Simulation tolerance relaxed to achieve convergence from 5.0288067196276537e-03 to 5.0288067196276641e-03 seconds.
Warning: Simulation tolerance relaxed to achieve convergence from 5.0288067196276641e-03 to 5.0288067196276745e-03 seconds.
Warning: Simulation tolerance relaxed to achieve convergence from 5.0288067196276745e-03 to 5.0288067196276849e-03 seconds.
Warning: Simulation tolerance relaxed to achieve convergence from 5.0288067196276849e-03 to 5.0288067196277162e-03 seconds.
Warning: Simulation tolerance relaxed to achieve convergence from 5.0288067196277162e-03 to 5.0288067196277786e-03 seconds.
Warning: Simulation tolerance relaxed to achieve convergence from 5.0288067196277786e-03 to 5.0288067196277890e-03 seconds.
Warning: Simulation tolerance relaxed to achieve convergence from 5.0288067196277890e-03 to 5.0288067196277994e-03 seconds.
Warning: Simulation tolerance relaxed to achieve convergence from 5.0288067196277994e-03 to 5.0288067196278203e-03 seconds.
Warning: Simulation tolerance relaxed to achieve convergence from 5.0288067196278203e-03 to 5.0288067196278619e-03 seconds.
Warning: Simulation tolerance relaxed to achieve convergence from 5.0288067196278619e-03 to 5.0288067196278723e-03 seconds.
Warning: Simulation tolerance relaxed to achieve convergence from 5.0288067196278723e-03 to 5.0288067196278827e-03 seconds.
Warning: Simulation tolerance relaxed to achieve convergence from 5.0288067196278827e-03 to 5.0288067196279139e-03 seconds.
Warning: Simulation tolerance relaxed to achieve convergence from 5.0288067196279139e-03 to 5.0288067196279452e-03 seconds.
Warning: Simulation tolerance relaxed to achieve convergence from 5.0288067196279452e-03 to 5.0288067196279972e-03 seconds.
Warning: Simulation tolerance relaxed to achieve convergence from 5.0288067196279972e-03 to 5.0288067196280805e-03 seconds.
Warning: Simulation tolerance relaxed to achieve convergence from 5.0288067196280805e-03 to 5.0288067196281013e-03 seconds.
Warning: Simulation tolerance relaxed to achieve convergence from 5.0288067196281013e-03 to 5.0288067196281325e-03 seconds.
Warning: Simulation tolerance relaxed to achieve convergence from 5.0288067196281325e-03 to 5.0288067196281845e-03 seconds.
Warning: Simulation tolerance relaxed to achieve convergence from 5.0288067196281845e-03 to 5.0288067196282054e-03 seconds.
Warning: Simulation tolerance relaxed to achieve convergence from 5.0288067196282054e-03 to 5.0288067196282470e-03 seconds.
Warning: Simulation tolerance relaxed to achieve convergence from 5.0288067196282470e-03 to 5.0288067196282886e-03 seconds.
Warning: Simulation tolerance relaxed to achieve convergence from 5.0288067196282886e-03 to 5.0288067196283407e-03 seconds.
Warning: Simulation tolerance relaxed to achieve convergence from 5.0288067196283407e-03 to 5.0288067196283823e-03 seconds.
Warning: Simulation tolerance relaxed to achieve convergence from 5.0288067196283823e-03 to 5.0288067196284031e-03 seconds.
Warning: Simulation tolerance relaxed to achieve convergence from 5.0288067196284031e-03 to 5.0288067196284552e-03 seconds.
Warning: Simulation tolerance relaxed to achieve convergence from 5.0288067196284552e-03 to 5.0288067196284864e-03 seconds.
Warning: Simulation tolerance relaxed to achieve convergence from 5.0288067196284864e-03 to 5.0288067196284968e-03 seconds.
Warning: Simulation tolerance relaxed to achieve convergence from 5.0288067196284968e-03 to 5.0288067196285176e-03 seconds.
Warning: Simulation tolerance relaxed to achieve convergence from 5.0288067196285176e-03 to 5.0288067196285801e-03 seconds.
Warning: Simulation tolerance relaxed to achieve convergence from 5.0288067196285801e-03 to 5.0288067196286009e-03 seconds.
Warning: Simulation tolerance relaxed to achieve convergence from 5.0288067196286009e-03 to 5.0288067196286737e-03 seconds.
Warning: Simulation tolerance relaxed to achieve convergence from 5.0288067196286737e-03 to 5.0288067196286946e-03 seconds.
Warning: Simulation tolerance relaxed to achieve convergence from 5.0288067196286946e-03 to 5.0288067196287466e-03 seconds.
Warning: Simulation tolerance relaxed to achieve convergence from 5.0288067196287466e-03 to 5.0288067196287674e-03 seconds.
Warning: Simulation tolerance relaxed to achieve convergence from 5.0288067196287674e-03 to 5.0288067196288299e-03 seconds.
Warning: Simulation tolerance relaxed to achieve convergence from 5.0288067196288299e-03 to 5.0288067196288403e-03 seconds.
Warning: Simulation tolerance relaxed to achieve convergence from 5.0288067196288403e-03 to 5.0288067196288611e-03 seconds.
Warning: Simulation tolerance relaxed to achieve convergence from 5.0288067196288611e-03 to 5.0288067196289027e-03 seconds.
Warning: Simulation tolerance relaxed to achieve convergence from 5.0288067196289027e-03 to 5.0288067196289444e-03 seconds.
Warning: Simulation tolerance relaxed to achieve convergence from 5.0288067196289444e-03 to 5.0288067196289756e-03 seconds.
Warning: Simulation tolerance relaxed to achieve convergence from 5.0288067196289756e-03 to 5.0288067196290276e-03 seconds.
Warning: Simulation tolerance relaxed to achieve convergence from 5.0288067196290276e-03 to 5.0288067196290797e-03 seconds.
Warning: Simulation tolerance relaxed to achieve convergence from 5.0288067196290797e-03 to 5.0288067196291421e-03 seconds.
Warning: Simulation tolerance relaxed to achieve convergence from 5.0288067196291421e-03 to 5.0288067196291525e-03 seconds.
Warning: Simulation tolerance relaxed to achieve convergence from 5.0288067196291525e-03 to 5.0288067196291629e-03 seconds.
Warning: Simulation tolerance relaxed to achieve convergence from 5.0288067196291629e-03 to 5.0288067196291942e-03 seconds.
Warning: Simulation tolerance relaxed to achieve convergence from 5.0288067196291942e-03 to 5.0288067196292150e-03 seconds.
Warning: Simulation tolerance relaxed to achieve convergence from 5.0288067196292150e-03 to 5.0288067196292774e-03 seconds.
Warning: Simulation tolerance relaxed to achieve convergence from 5.0288067196292774e-03 to 5.0288067196293191e-03 seconds.
Warning: Simulation tolerance relaxed to achieve convergence from 5.0288067196293191e-03 to 5.0288067196293399e-03 seconds.
Warning: Simulation tolerance relaxed to achieve convergence from 5.0288067196293399e-03 to 5.0288067196294023e-03 seconds.
Warning: Simulation tolerance relaxed to achieve convergence from 5.0288067196294023e-03 to 5.0288067196294856e-03 seconds.
Warning: Simulation tolerance relaxed to achieve convergence from 5.0288067196294856e-03 to 5.0288067196295064e-03 seconds.
Warning: Simulation tolerance relaxed to achieve convergence from 5.0288067196295064e-03 to 5.0288067196295480e-03 seconds.
Warning: Simulation tolerance relaxed to achieve convergence from 5.0288067196295480e-03 to 5.0288067196295584e-03 seconds.
Warning: Simulation tolerance relaxed to achieve convergence from 5.0288067196295584e-03 to 5.0288067196296209e-03 seconds.
Warning: Simulation tolerance relaxed to achieve convergence from 5.0288067196296209e-03 to 5.0288067196296729e-03 seconds.
Warning: Simulation tolerance relaxed to achieve convergence from 5.0288067196296729e-03 to 5.0288067196296833e-03 seconds.
Warning: Simulation tolerance relaxed to achieve convergence from 5.0288067196296833e-03 to 5.0288067196297042e-03 seconds.
Warning: Simulation tolerance relaxed to achieve convergence from 5.0288067196297042e-03 to 5.0288067196297250e-03 seconds.
Warning: Simulation tolerance relaxed to achieve convergence from 5.0288067196297250e-03 to 5.0288067196297874e-03 seconds.
Warning: Simulation tolerance relaxed to achieve convergence from 5.0288067196297874e-03 to 5.0288067196298291e-03 seconds.
Warning: Simulation tolerance relaxed to achieve convergence from 5.0288067196298291e-03 to 5.0288067196298707e-03 seconds.
Warning: Simulation tolerance relaxed to achieve convergence from 5.0288067196298707e-03 to 5.0288067196299123e-03 seconds.
Warning: Simulation tolerance relaxed to achieve convergence from 5.0288067196299123e-03 to 5.0288067196299436e-03 seconds.
Warning: Simulation tolerance relaxed to achieve convergence from 5.0288067196299436e-03 to 5.0288067196299956e-03 seconds.
Warning: Simulation tolerance relaxed to achieve convergence from 5.0288067196299956e-03 to 5.0288067196300164e-03 seconds.
Warning: Simulation tolerance relaxed to achieve convergence from 5.0288067196300164e-03 to 5.0288067196300580e-03 seconds.
Warning: Simulation tolerance relaxed to achieve convergence from 5.0288067196300580e-03 to 5.0288067196300997e-03 seconds.
Warning: Simulation tolerance relaxed to achieve convergence from 5.0288067196300997e-03 to 5.0288067196301621e-03 seconds.
Warning: Simulation tolerance relaxed to achieve convergence from 5.0288067196301621e-03 to 5.0288067196301829e-03 seconds.
Warning: Simulation tolerance relaxed to achieve convergence from 5.0288067196301829e-03 to 5.0288067196302142e-03 seconds.
Warning: Simulation tolerance relaxed to achieve convergence from 5.0288067196302142e-03 to 5.0288067196302350e-03 seconds.
Warning: Simulation tolerance relaxed to achieve convergence from 5.0288067196302350e-03 to 5.0288067196302974e-03 seconds.
Warning: Simulation tolerance relaxed to achieve convergence from 5.0288067196302974e-03 to 5.0288067196303599e-03 seconds.
Warning: Simulation tolerance relaxed to achieve convergence from 5.0288067196303599e-03 to 5.0288067196303807e-03 seconds.
Warning: Simulation tolerance relaxed to achieve convergence from 5.0288067196303807e-03 to 5.0288067196304432e-03 seconds.
Warning: Simulation tolerance relaxed to achieve convergence from 5.0288067196304432e-03 to 5.0288067196304640e-03 seconds.
Warning: Simulation tolerance relaxed to achieve convergence from 5.0288067196304640e-03 to 5.0288067196304848e-03 seconds.
Warning: Simulation tolerance relaxed to achieve convergence from 5.0288067196304848e-03 to 5.0288067196305576e-03 seconds.
Warning: Simulation tolerance relaxed to achieve convergence from 5.0288067196305576e-03 to 5.0288067196305681e-03 seconds.
Warning: Simulation tolerance relaxed to achieve convergence from 5.0288067196305681e-03 to 5.0288067196305889e-03 seconds.
Warning: Simulation tolerance relaxed to achieve convergence from 5.0288067196305889e-03 to 5.0288067196306409e-03 seconds.
Warning: Simulation tolerance relaxed to achieve convergence from 5.0288067196306409e-03 to 5.0288067196306825e-03 seconds.
Warning: Simulation tolerance relaxed to achieve convergence from 5.0288067196306825e-03 to 5.0288067196307242e-03 seconds.
Warning: Simulation tolerance relaxed to achieve convergence from 5.0288067196307242e-03 to 5.0288067196307450e-03 seconds.
Warning: Simulation tolerance relaxed to achieve convergence from 5.0288067196307450e-03 to 5.0288067196308074e-03 seconds.
Warning: Simulation tolerance relaxed to achieve convergence from 5.0288067196308074e-03 to 5.0288067196308179e-03 seconds.
Warning: Simulation tolerance relaxed to achieve convergence from 5.0288067196308179e-03 to 5.0288067196308387e-03 seconds.
Warning: Simulation tolerance relaxed to achieve convergence from 5.0288067196308387e-03 to 5.0288067196308595e-03 seconds.
Warning: Simulation tolerance relaxed to achieve convergence from 5.0288067196308595e-03 to 5.0288067196308803e-03 seconds.
Warning: Simulation tolerance relaxed to achieve convergence from 5.0288067196308803e-03 to 5.0288067196309323e-03 seconds.
Warning: Simulation tolerance relaxed to achieve convergence from 5.0288067196309323e-03 to 5.0288067196309532e-03 seconds.
Warning: Simulation tolerance relaxed to achieve convergence from 5.0288067196309532e-03 to 5.0288067196310260e-03 seconds.
Warning: Simulation tolerance relaxed to achieve convergence from 5.0288067196310260e-03 to 5.0288067196310468e-03 seconds.
Warning: Simulation tolerance relaxed to achieve convergence from 5.0288067196310468e-03 to 5.0288067196310989e-03 seconds.
Warning: Simulation tolerance relaxed to achieve convergence from 5.0288067196310989e-03 to 5.0288067196311197e-03 seconds.
Warning: Simulation tolerance relaxed to achieve convergence from 5.0288067196311197e-03 to 5.0288067196311717e-03 seconds.
Warning: Simulation tolerance relaxed to achieve convergence from 5.0288067196311717e-03 to 5.0288067196311821e-03 seconds.
Warning: Simulation tolerance relaxed to achieve convergence from 5.0288067196311821e-03 to 5.0288067196311926e-03 seconds.
Warning: Simulation tolerance relaxed to achieve convergence from 5.0288067196311926e-03 to 5.0288067196312238e-03 seconds.
Warning: Simulation tolerance relaxed to achieve convergence from 5.0288067196312238e-03 to 5.0288067196312758e-03 seconds.
Warning: Simulation tolerance relaxed to achieve convergence from 5.0288067196312758e-03 to 5.0288067196313175e-03 seconds.
Warning: Simulation tolerance relaxed to achieve convergence from 5.0288067196313175e-03 to 5.0288067196313383e-03 seconds.
Warning: Simulation tolerance relaxed to achieve convergence from 5.0288067196313383e-03 to 5.0288067196313903e-03 seconds.
Warning: Simulation tolerance relaxed to achieve convergence from 5.0288067196313903e-03 to 5.0288067196314007e-03 seconds.
Warning: Simulation tolerance relaxed to achieve convergence from 5.0288067196314007e-03 to 5.0288067196314215e-03 seconds.
Warning: Simulation tolerance relaxed to achieve convergence from 5.0288067196314215e-03 to 5.0288067196314632e-03 seconds.
Warning: Simulation tolerance relaxed to achieve convergence from 5.0288067196314632e-03 to 5.0288067196314736e-03 seconds.
Warning: Simulation tolerance relaxed to achieve convergence from 5.0288067196314736e-03 to 5.0288067196315048e-03 seconds.
Warning: Simulation tolerance relaxed to achieve convergence from 5.0288067196315048e-03 to 5.0288067196315568e-03 seconds.
Warning: Simulation tolerance relaxed to achieve convergence from 5.0288067196315568e-03 to 5.0288067196316193e-03 seconds.
Warning: Simulation tolerance relaxed to achieve convergence from 5.0288067196316193e-03 to 5.0288067196316713e-03 seconds.
Warning: Simulation tolerance relaxed to achieve convergence from 5.0288067196316713e-03 to 5.0288067196316922e-03 seconds.
Warning: Simulation tolerance relaxed to achieve convergence from 5.0288067196316922e-03 to 5.0288067196317130e-03 seconds.
Warning: Simulation tolerance relaxed to achieve convergence from 5.0288067196317130e-03 to 5.0288067196317962e-03 seconds.
Warning: Simulation tolerance relaxed to achieve convergence from 5.0288067196317962e-03 to 5.0288067196318171e-03 seconds.
Warning: Simulation tolerance relaxed to achieve convergence from 5.0288067196318171e-03 to 5.0288067196319003e-03 seconds.
Warning: Simulation tolerance relaxed to achieve convergence from 5.0288067196319003e-03 to 5.0288067196319107e-03 seconds.
Warning: Simulation tolerance relaxed to achieve convergence from 5.0288067196319107e-03 to 5.0288067196319420e-03 seconds.
Warning: Simulation tolerance relaxed to achieve convergence from 5.0288067196319420e-03 to 5.0288067196320252e-03 seconds.
Warning: Simulation tolerance relaxed to achieve convergence from 5.0288067196320252e-03 to 5.0288067196320460e-03 seconds.
Warning: Simulation tolerance relaxed to achieve convergence from 5.0288067196320460e-03 to 5.0288067196320981e-03 seconds.
Warning: Simulation tolerance relaxed to achieve convergence from 5.0288067196320981e-03 to 5.0288067196321085e-03 seconds.
Warning: Simulation tolerance relaxed to achieve convergence from 5.0288067196321085e-03 to 5.0288067196321189e-03 seconds.
Warning: Simulation tolerance relaxed to achieve convergence from 5.0288067196321189e-03 to 5.0288067196321397e-03 seconds.
Warning: Simulation tolerance relaxed to achieve convergence from 5.0288067196321397e-03 to 5.0288067196321605e-03 seconds.
Warning: Simulation tolerance relaxed to achieve convergence from 5.0288067196321605e-03 to 5.0288067196321814e-03 seconds.
Warning: Simulation tolerance relaxed to achieve convergence from 5.0288067196321814e-03 to 5.0288067196322334e-03 seconds.
Warning: Simulation tolerance relaxed to achieve convergence from 5.0288067196322334e-03 to 5.0288067196322438e-03 seconds.
Warning: Simulation tolerance relaxed to achieve convergence from 5.0288067196322438e-03 to 5.0288067196322542e-03 seconds.
Warning: Simulation tolerance relaxed to achieve convergence from 5.0288067196322542e-03 to 5.0288067196322854e-03 seconds.
Warning: Simulation tolerance relaxed to achieve convergence from 5.0288067196322854e-03 to 5.0288067196323375e-03 seconds.
Warning: Simulation tolerance relaxed to achieve convergence from 5.0288067196323375e-03 to 5.0288067196324207e-03 seconds.
Warning: Simulation tolerance relaxed to achieve convergence from 5.0288067196324207e-03 to 5.0288067196324520e-03 seconds.
Warning: Simulation tolerance relaxed to achieve convergence from 5.0288067196324520e-03 to 5.0288067196324728e-03 seconds.
Warning: Simulation tolerance relaxed to achieve convergence from 5.0288067196324728e-03 to 5.0288067196325352e-03 seconds.
Warning: Simulation tolerance relaxed to achieve convergence from 5.0288067196325352e-03 to 5.0288067196325456e-03 seconds.
Warning: Simulation tolerance relaxed to achieve convergence from 5.0288067196325456e-03 to 5.0288067196325977e-03 seconds.
Warning: Simulation tolerance relaxed to achieve convergence from 5.0288067196325977e-03 to 5.0288067196326185e-03 seconds.
Warning: Simulation tolerance relaxed to achieve convergence from 5.0288067196326185e-03 to 5.0288067196326705e-03 seconds.
Warning: Simulation tolerance relaxed to achieve convergence from 5.0288067196326705e-03 to 5.0288067196327226e-03 seconds.
Warning: Simulation tolerance relaxed to achieve convergence from 5.0288067196327226e-03 to 5.0288067196327330e-03 seconds.
Warning: Simulation tolerance relaxed to achieve convergence from 5.0288067196327330e-03 to 5.0288067196327434e-03 seconds.
Warning: Simulation tolerance relaxed to achieve convergence from 5.0288067196327434e-03 to 5.0288067196327642e-03 seconds.
Warning: Simulation tolerance relaxed to achieve convergence from 5.0288067196327642e-03 to 5.0288067196327850e-03 seconds.
Warning: Simulation tolerance relaxed to achieve convergence from 5.0288067196327850e-03 to 5.0288067196328475e-03 seconds.
Warning: Simulation tolerance relaxed to achieve convergence from 5.0288067196328475e-03 to 5.0288067196328891e-03 seconds.
Warning: Simulation tolerance relaxed to achieve convergence from 5.0288067196328891e-03 to 5.0288067196329516e-03 seconds.
Warning: Simulation tolerance relaxed to achieve convergence from 5.0288067196329516e-03 to 5.0288067196329724e-03 seconds.
Warning: Simulation tolerance relaxed to achieve convergence from 5.0288067196329724e-03 to 5.0288067196329828e-03 seconds.
Warning: Simulation tolerance relaxed to achieve convergence from 5.0288067196329828e-03 to 5.0288067196329932e-03 seconds.
Warning: Simulation tolerance relaxed to achieve convergence from 5.0288067196329932e-03 to 5.0288067196330140e-03 seconds.
Warning: Simulation tolerance relaxed to achieve convergence from 5.0288067196330140e-03 to 5.0288067196330661e-03 seconds.
Warning: Simulation tolerance relaxed to achieve convergence from 5.0288067196330661e-03 to 5.0288067196331285e-03 seconds.
Warning: Simulation tolerance relaxed to achieve convergence from 5.0288067196331285e-03 to 5.0288067196331597e-03 seconds.
Warning: Simulation tolerance relaxed to achieve convergence from 5.0288067196331597e-03 to 5.0288067196332222e-03 seconds.
Warning: Simulation tolerance relaxed to achieve convergence from 5.0288067196332222e-03 to 5.0288067196332742e-03 seconds.
Warning: Simulation tolerance relaxed to achieve convergence from 5.0288067196332742e-03 to 5.0288067196332846e-03 seconds.
Warning: Simulation tolerance relaxed to achieve convergence from 5.0288067196332846e-03 to 5.0288067196332950e-03 seconds.
Warning: Simulation tolerance relaxed to achieve convergence from 5.0288067196332950e-03 to 5.0288067196333055e-03 seconds.
Warning: Simulation tolerance relaxed to achieve convergence from 5.0288067196333055e-03 to 5.0288067196333367e-03 seconds.
Warning: Simulation tolerance relaxed to achieve convergence from 5.0288067196333367e-03 to 5.0288067196334095e-03 seconds.
Warning: Simulation tolerance relaxed to achieve convergence from 5.0288067196334095e-03 to 5.0288067196334616e-03 seconds.
Warning: Simulation tolerance relaxed to achieve convergence from 5.0288067196334616e-03 to 5.0288067196335136e-03 seconds.
Warning: Simulation tolerance relaxed to achieve convergence from 5.0288067196335136e-03 to 5.0288067196335344e-03 seconds.
Warning: Simulation tolerance relaxed to achieve convergence from 5.0288067196335344e-03 to 5.0288067196336177e-03 seconds.
Warning: Simulation tolerance relaxed to achieve convergence from 5.0288067196336177e-03 to 5.0288067196336281e-03 seconds.
Warning: Simulation tolerance relaxed to achieve convergence from 5.0288067196336281e-03 to 5.0288067196336489e-03 seconds.
Warning: Simulation tolerance relaxed to achieve convergence from 5.0288067196336489e-03 to 5.0288067196336593e-03 seconds.
Warning: Simulation tolerance relaxed to achieve convergence from 5.0288067196336593e-03 to 5.0288067196337114e-03 seconds.
Warning: Simulation tolerance relaxed to achieve convergence from 5.0288067196337114e-03 to 5.0288067196337218e-03 seconds.
Warning: Simulation tolerance relaxed to achieve convergence from 5.0288067196337218e-03 to 5.0288067196337426e-03 seconds.
Warning: Simulation tolerance relaxed to achieve convergence from 5.0288067196337426e-03 to 5.0288067196337530e-03 seconds.
Warning: Simulation tolerance relaxed to achieve convergence from 5.0288067196337530e-03 to 5.0288067196337634e-03 seconds.
Warning: Simulation tolerance relaxed to achieve convergence from 5.0288067196337634e-03 to 5.0288067196337738e-03 seconds.
Warning: Simulation tolerance relaxed to achieve convergence from 5.0288067196337738e-03 to 5.0288067196338051e-03 seconds.
Warning: Simulation tolerance relaxed to achieve convergence from 5.0288067196338051e-03 to 5.0288067196338259e-03 seconds.
Warning: Simulation tolerance relaxed to achieve convergence from 5.0288067196338259e-03 to 5.0288067196338675e-03 seconds.
Warning: Simulation tolerance relaxed to achieve convergence from 5.0288067196338675e-03 to 5.0288067196339195e-03 seconds.
Warning: Simulation tolerance relaxed to achieve convergence from 5.0288067196339195e-03 to 5.0288067196339404e-03 seconds.
Warning: Simulation tolerance relaxed to achieve convergence from 5.0288067196339404e-03 to 5.0288067196339612e-03 seconds.
Warning: Simulation tolerance relaxed to achieve convergence from 5.0288067196339612e-03 to 5.0288067196340236e-03 seconds.
Warning: Simulation tolerance relaxed to achieve convergence from 5.0288067196340236e-03 to 5.0288067196340757e-03 seconds.
Warning: Simulation tolerance relaxed to achieve convergence from 5.0288067196340757e-03 to 5.0288067196340861e-03 seconds.
Warning: Simulation tolerance relaxed to achieve convergence from 5.0288067196340861e-03 to 5.0288067196340965e-03 seconds.
Warning: Simulation tolerance relaxed to achieve convergence from 5.0288067196340965e-03 to 5.0288067196341381e-03 seconds.
Warning: Simulation tolerance relaxed to achieve convergence from 5.0288067196341381e-03 to 5.0288067196341902e-03 seconds.
Warning: Simulation tolerance relaxed to achieve convergence from 5.0288067196341902e-03 to 5.0288067196342006e-03 seconds.
Warning: Simulation tolerance relaxed to achieve convergence from 5.0288067196342006e-03 to 5.0288067196342110e-03 seconds.
Warning: Simulation tolerance relaxed to achieve convergence from 5.0288067196342110e-03 to 5.0288067196342422e-03 seconds.
Warning: Simulation tolerance relaxed to achieve convergence from 5.0288067196342422e-03 to 5.0288067196343047e-03 seconds.
Warning: Simulation tolerance relaxed to achieve convergence from 5.0288067196343047e-03 to 5.0288067196343567e-03 seconds.
Warning: Simulation tolerance relaxed to achieve convergence from 5.0288067196343567e-03 to 5.0288067196344191e-03 seconds.
Warning: Simulation tolerance relaxed to achieve convergence from 5.0288067196344191e-03 to 5.0288067196344608e-03 seconds.
Warning: Simulation tolerance relaxed to achieve convergence from 5.0288067196344608e-03 to 5.0288067196345128e-03 seconds.
Warning: Simulation tolerance relaxed to achieve convergence from 5.0288067196345128e-03 to 5.0288067196345232e-03 seconds.
Warning: Simulation tolerance relaxed to achieve convergence from 5.0288067196345232e-03 to 5.0288067196345440e-03 seconds.
Warning: Simulation tolerance relaxed to achieve convergence from 5.0288067196345440e-03 to 5.0288067196345649e-03 seconds.
Warning: Simulation tolerance relaxed to achieve convergence from 5.0288067196345649e-03 to 5.0288067196345961e-03 seconds.
Warning: Simulation tolerance relaxed to achieve convergence from 5.0288067196345961e-03 to 5.0288067196346273e-03 seconds.
Warning: Simulation tolerance relaxed to achieve convergence from 5.0288067196346273e-03 to 5.0288067196347106e-03 seconds.
Warning: Simulation tolerance relaxed to achieve convergence from 5.0288067196347106e-03 to 5.0288067196347522e-03 seconds.
Warning: Simulation tolerance relaxed to achieve convergence from 5.0288067196347522e-03 to 5.0288067196347730e-03 seconds.
Warning: Simulation tolerance relaxed to achieve convergence from 5.0288067196347730e-03 to 5.0288067196348459e-03 seconds.
Warning: Simulation tolerance relaxed to achieve convergence from 5.0288067196348459e-03 to 5.0288067196348667e-03 seconds.
Warning: Simulation tolerance relaxed to achieve convergence from 5.0288067196348667e-03 to 5.0288067196348875e-03 seconds.
Warning: Simulation tolerance relaxed to achieve convergence from 5.0288067196348875e-03 to 5.0288067196349083e-03 seconds.
Warning: Simulation tolerance relaxed to achieve convergence from 5.0288067196349083e-03 to 5.0288067196349604e-03 seconds.
Warning: Simulation tolerance relaxed to achieve convergence from 5.0288067196349604e-03 to 5.0288067196349708e-03 seconds.
Warning: Simulation tolerance relaxed to achieve convergence from 5.0288067196349708e-03 to 5.0288067196350645e-03 seconds.
Warning: Simulation tolerance relaxed to achieve convergence from 5.0288067196350645e-03 to 5.0288067196351061e-03 seconds.
Warning: Simulation tolerance relaxed to achieve convergence from 5.0288067196351061e-03 to 5.0288067196351269e-03 seconds.
Warning: Simulation tolerance relaxed to achieve convergence from 5.0288067196351269e-03 to 5.0288067196351894e-03 seconds.
Warning: Simulation tolerance relaxed to achieve convergence from 5.0288067196351894e-03 to 5.0288067196352414e-03 seconds.
Warning: Simulation tolerance relaxed to achieve convergence from 5.0288067196352414e-03 to 5.0288067196352622e-03 seconds.
Warning: Simulation tolerance relaxed to achieve convergence from 5.0288067196352622e-03 to 5.0288067196353247e-03 seconds.
Warning: Simulation tolerance relaxed to achieve convergence from 5.0288067196353247e-03 to 5.0288067196353455e-03 seconds.
Warning: Simulation tolerance relaxed to achieve convergence from 5.0288067196353455e-03 to 5.0288067196353559e-03 seconds.
Warning: Simulation tolerance relaxed to achieve convergence from 5.0288067196353559e-03 to 5.0288067196353663e-03 seconds.
Warning: Simulation tolerance relaxed to achieve convergence from 5.0288067196353663e-03 to 5.0288067196354392e-03 seconds.
Warning: Simulation tolerance relaxed to achieve convergence from 5.0288067196354392e-03 to 5.0288067196354496e-03 seconds.
Warning: Simulation tolerance relaxed to achieve convergence from 5.0288067196354496e-03 to 5.0288067196354600e-03 seconds.
Warning: Simulation tolerance relaxed to achieve convergence from 5.0288067196354600e-03 to 5.0288067196354704e-03 seconds.
Warning: Simulation tolerance relaxed to achieve convergence from 5.0288067196354704e-03 to 5.0288067196354912e-03 seconds.
Warning: Simulation tolerance relaxed to achieve convergence from 5.0288067196354912e-03 to 5.0288067196355120e-03 seconds.
Warning: Simulation tolerance relaxed to achieve convergence from 5.0288067196355120e-03 to 5.0288067196355537e-03 seconds.
Warning: Simulation tolerance relaxed to achieve convergence from 5.0288067196355537e-03 to 5.0288067196355641e-03 seconds.
Warning: Simulation tolerance relaxed to achieve convergence from 5.0288067196355641e-03 to 5.0288067196355849e-03 seconds.
Warning: Simulation tolerance relaxed to achieve convergence from 5.0288067196355849e-03 to 5.0288067196356161e-03 seconds.
Warning: Simulation tolerance relaxed to achieve convergence from 5.0288067196356161e-03 to 5.0288067196356786e-03 seconds.
Warning: Simulation tolerance relaxed to achieve convergence from 5.0288067196356786e-03 to 5.0288067196357202e-03 seconds.
Warning: Simulation tolerance relaxed to achieve convergence from 5.0288067196357202e-03 to 5.0288067196357618e-03 seconds.
Warning: Simulation tolerance relaxed to achieve convergence from 5.0288067196357618e-03 to 5.0288067196358035e-03 seconds.
Warning: Simulation tolerance relaxed to achieve convergence from 5.0288067196358035e-03 to 5.0288067196358347e-03 seconds.
Warning: Simulation tolerance relaxed to achieve convergence from 5.0288067196358347e-03 to 5.0288067196358971e-03 seconds.
Warning: Simulation tolerance relaxed to achieve convergence from 5.0288067196358971e-03 to 5.0288067196359388e-03 seconds.
Warning: Simulation tolerance relaxed to achieve convergence from 5.0288067196359388e-03 to 5.0288067196359596e-03 seconds.
Warning: Simulation tolerance relaxed to achieve convergence from 5.0288067196359596e-03 to 5.0288067196359804e-03 seconds.
Warning: Simulation tolerance relaxed to achieve convergence from 5.0288067196359804e-03 to 5.0288067196360533e-03 seconds.
Warning: Simulation tolerance relaxed to achieve convergence from 5.0288067196360533e-03 to 5.0288067196360741e-03 seconds.
Warning: Simulation tolerance relaxed to achieve convergence from 5.0288067196360741e-03 to 5.0288067196360949e-03 seconds.
Warning: Simulation tolerance relaxed to achieve convergence from 5.0288067196360949e-03 to 5.0288067196361053e-03 seconds.
Warning: Simulation tolerance relaxed to achieve convergence from 5.0288067196361053e-03 to 5.0288067196361782e-03 seconds.
Warning: Simulation tolerance relaxed to achieve convergence from 5.0288067196361782e-03 to 5.0288067196362198e-03 seconds.
Warning: Simulation tolerance relaxed to achieve convergence from 5.0288067196362198e-03 to 5.0288067196362302e-03 seconds.
Warning: Simulation tolerance relaxed to achieve convergence from 5.0288067196362302e-03 to 5.0288067196362822e-03 seconds.
Warning: Simulation tolerance relaxed to achieve convergence from 5.0288067196362822e-03 to 5.0288067196363031e-03 seconds.
Warning: Simulation tolerance relaxed to achieve convergence from 5.0288067196363031e-03 to 5.0288067196363447e-03 seconds.
Warning: Simulation tolerance relaxed to achieve convergence from 5.0288067196363447e-03 to 5.0288067196363759e-03 seconds.
Warning: Simulation tolerance relaxed to achieve convergence from 5.0288067196363759e-03 to 5.0288067196363967e-03 seconds.
Warning: Simulation tolerance relaxed to achieve convergence from 5.0288067196363967e-03 to 5.0288067196364175e-03 seconds.
Warning: Simulation tolerance relaxed to achieve convergence from 5.0288067196364175e-03 to 5.0288067196364800e-03 seconds.
Warning: Simulation tolerance relaxed to achieve convergence from 5.0288067196364800e-03 to 5.0288067196365424e-03 seconds.
Warning: Simulation tolerance relaxed to achieve convergence from 5.0288067196365424e-03 to 5.0288067196365841e-03 seconds.
Warning: Simulation tolerance relaxed to achieve convergence from 5.0288067196365841e-03 to 5.0288067196366153e-03 seconds.
Warning: Simulation tolerance relaxed to achieve convergence from 5.0288067196366153e-03 to 5.0288067196366882e-03 seconds.
Warning: Simulation tolerance relaxed to achieve convergence from 5.0288067196366882e-03 to 5.0288067196367090e-03 seconds.
Warning: Simulation tolerance relaxed to achieve convergence from 5.0288067196367090e-03 to 5.0288067196367610e-03 seconds.
Warning: Simulation tolerance relaxed to achieve convergence from 5.0288067196367610e-03 to 5.0288067196367714e-03 seconds.
Warning: Simulation tolerance relaxed to achieve convergence from 5.0288067196367714e-03 to 5.0288067196367922e-03 seconds.
Warning: Simulation tolerance relaxed to achieve convergence from 5.0288067196367922e-03 to 5.0288067196368027e-03 seconds.
Warning: Simulation tolerance relaxed to achieve convergence from 5.0288067196368027e-03 to 5.0288067196368235e-03 seconds.
Warning: Simulation tolerance relaxed to achieve convergence from 5.0288067196368235e-03 to 5.0288067196368651e-03 seconds.
Warning: Simulation tolerance relaxed to achieve convergence from 5.0288067196368651e-03 to 5.0288067196369067e-03 seconds.
Warning: Simulation tolerance relaxed to achieve convergence from 5.0288067196369067e-03 to 5.0288067196369484e-03 seconds.
Warning: Simulation tolerance relaxed to achieve convergence from 5.0288067196369484e-03 to 5.0288067196370004e-03 seconds.
Warning: Simulation tolerance relaxed to achieve convergence from 5.0288067196370004e-03 to 5.0288067196370316e-03 seconds.
Warning: Simulation tolerance relaxed to achieve convergence from 5.0288067196370316e-03 to 5.0288067196370837e-03 seconds.
Warning: Simulation tolerance relaxed to achieve convergence from 5.0288067196370837e-03 to 5.0288067196370941e-03 seconds.
Warning: Simulation tolerance relaxed to achieve convergence from 5.0288067196370941e-03 to 5.0288067196371149e-03 seconds.
Warning: Simulation tolerance relaxed to achieve convergence from 5.0288067196371149e-03 to 5.0288067196371253e-03 seconds.
Warning: Simulation tolerance relaxed to achieve convergence from 5.0288067196371253e-03 to 5.0288067196371461e-03 seconds.
Warning: Simulation tolerance relaxed to achieve convergence from 5.0288067196371461e-03 to 5.0288067196371878e-03 seconds.
Warning: Simulation tolerance relaxed to achieve convergence from 5.0288067196371878e-03 to 5.0288067196371982e-03 seconds.
Warning: Simulation tolerance relaxed to achieve convergence from 5.0288067196371982e-03 to 5.0288067196372190e-03 seconds.
Warning: Simulation tolerance relaxed to achieve convergence from 5.0288067196372190e-03 to 5.0288067196372710e-03 seconds.
Warning: Simulation tolerance relaxed to achieve convergence from 5.0288067196372710e-03 to 5.0288067196373335e-03 seconds.
Warning: Simulation tolerance relaxed to achieve convergence from 5.0288067196373335e-03 to 5.0288067196373439e-03 seconds.
Warning: Simulation tolerance relaxed to achieve convergence from 5.0288067196373439e-03 to 5.0288067196373543e-03 seconds.
Warning: Simulation tolerance relaxed to achieve convergence from 5.0288067196373543e-03 to 5.0288067196373751e-03 seconds.
Warning: Simulation tolerance relaxed to achieve convergence from 5.0288067196373751e-03 to 5.0288067196374272e-03 seconds.
Warning: Simulation tolerance relaxed to achieve convergence from 5.0288067196374272e-03 to 5.0288067196375000e-03 seconds.
Warning: Simulation tolerance relaxed to achieve convergence from 5.0288067196375000e-03 to 5.0288067196375416e-03 seconds.
Warning: Simulation tolerance relaxed to achieve convergence from 5.0288067196375416e-03 to 5.0288067196375937e-03 seconds.
Warning: Simulation tolerance relaxed to achieve convergence from 5.0288067196375937e-03 to 5.0288067196376145e-03 seconds.
Warning: Simulation tolerance relaxed to achieve convergence from 5.0288067196376145e-03 to 5.0288067196376770e-03 seconds.
Warning: Simulation tolerance relaxed to achieve convergence from 5.0288067196376770e-03 to 5.0288067196377602e-03 seconds.
Warning: Simulation tolerance relaxed to achieve convergence from 5.0288067196377602e-03 to 5.0288067196377914e-03 seconds.
Warning: Simulation tolerance relaxed to achieve convergence from 5.0288067196377914e-03 to 5.0288067196378331e-03 seconds.
Warning: Simulation tolerance relaxed to achieve convergence from 5.0288067196378331e-03 to 5.0288067196378539e-03 seconds.
Warning: Simulation tolerance relaxed to achieve convergence from 5.0288067196378539e-03 to 5.0288067196379163e-03 seconds.
Warning: Simulation tolerance relaxed to achieve convergence from 5.0288067196379163e-03 to 5.0288067196379372e-03 seconds.
Warning: Simulation tolerance relaxed to achieve convergence from 5.0288067196379372e-03 to 5.0288067196379476e-03 seconds.
Warning: Simulation tolerance relaxed to achieve convergence from 5.0288067196379476e-03 to 5.0288067196380100e-03 seconds.
Warning: Simulation tolerance relaxed to achieve convergence from 5.0288067196380100e-03 to 5.0288067196380308e-03 seconds.
Warning: Simulation tolerance relaxed to achieve convergence from 5.0288067196380308e-03 to 5.0288067196381037e-03 seconds.
Warning: Simulation tolerance relaxed to achieve convergence from 5.0288067196381037e-03 to 5.0288067196381349e-03 seconds.
Warning: Simulation tolerance relaxed to achieve convergence from 5.0288067196381349e-03 to 5.0288067196381557e-03 seconds.
Warning: Simulation tolerance relaxed to achieve convergence from 5.0288067196381557e-03 to 5.0288067196382182e-03 seconds.
Warning: Simulation tolerance relaxed to achieve convergence from 5.0288067196382182e-03 to 5.0288067196382390e-03 seconds.
Warning: Simulation tolerance relaxed to achieve convergence from 5.0288067196382390e-03 to 5.0288067196382702e-03 seconds.
Warning: Simulation tolerance relaxed to achieve convergence from 5.0288067196382702e-03 to 5.0288067196383015e-03 seconds.
Warning: Simulation tolerance relaxed to achieve convergence from 5.0288067196383015e-03 to 5.0288067196383119e-03 seconds.
Warning: Simulation tolerance relaxed to achieve convergence from 5.0288067196383119e-03 to 5.0288067196383223e-03 seconds.
Warning: Simulation tolerance relaxed to achieve convergence from 5.0288067196383223e-03 to 5.0288067196383327e-03 seconds.
Warning: Simulation tolerance relaxed to achieve convergence from 5.0288067196383526e-03 to 5.0288067196384255e-03 seconds.
Warning: Simulation tolerance relaxed to achieve convergence from 5.0288067196384255e-03 to 5.0288067196385088e-03 seconds.
Warning: Simulation tolerance relaxed to achieve convergence from 5.0288067196385088e-03 to 5.0288067196385296e-03 seconds.
Warning: Simulation tolerance relaxed to achieve convergence from 5.0288067196385296e-03 to 5.0288067196385504e-03 seconds.
Warning: Simulation tolerance relaxed to achieve convergence from 5.0288067196385504e-03 to 5.0288067196385712e-03 seconds.
Warning: Simulation tolerance relaxed to achieve convergence from 5.0288067196385712e-03 to 5.0288067196385816e-03 seconds.
Warning: Simulation tolerance relaxed to achieve convergence from 5.0288067196385816e-03 to 5.0288067196385920e-03 seconds.
Warning: Simulation tolerance relaxed to achieve convergence from 5.0288067196386024e-03 to 5.0288067196386128e-03 seconds.
Total elapsed time: 1224.523 seconds.

Files loaded:
C:\Users\bubba\OneDrive\Documents\led-driver\BOOST_split_boards\mc7812_lowbatt_2026-10-01\sim\G_7812typ_hold12p3_R50m.net
C:\Users\bubba\AppData\Local\LTspice\lib\cmp\standard.dio
C:\Users\bubba\AppData\Local\LTspice\lib\cmp\standard.bjt
C:\Users\bubba\OneDrive\Documents\led-driver\BOOST_split_boards\mc7812_lowbatt_2026-10-01\sim\TLV9001.lib
C:\Users\bubba\OneDrive\Documents\led-driver\BOOST_split_boards\mc7812_lowbatt_2026-10-01\sim\MCP6561.lib
C:\Users\bubba\OneDrive\Documents\led-driver\BOOST_split_boards\mc7812_lowbatt_2026-10-01\sim\CD4000_v.lib
C:\Users\bubba\OneDrive\Documents\led-driver\BOOST_split_boards\mc7812_lowbatt_2026-10-01\sim\HYG180N10.lib
C:\Users\bubba\OneDrive\Documents\led-driver\BOOST_split_boards\mc7812_lowbatt_2026-10-01\sim\INA241A4.lib
C:\Users\bubba\OneDrive\Documents\led-driver\BOOST_split_boards\mc7812_lowbatt_2026-10-01\sim\L78L05.lib
C:\Users\bubba\OneDrive\Documents\led-driver\BOOST_split_boards\mc7812_lowbatt_2026-10-01\sim\LM2940_12.lib
C:\Users\bubba\OneDrive\Documents\led-driver\BOOST_split_boards\mc7812_lowbatt_2026-10-01\sim\CD74HC4066.lib
C:\Users\bubba\OneDrive\Documents\led-driver\BOOST_split_boards\mc7812_lowbatt_2026-10-01\sim\74HC4051.lib
C:\Users\bubba\OneDrive\Documents\led-driver\BOOST_split_boards\mc7812_lowbatt_2026-10-01\sim\MCP4451.lib
C:\Users\bubba\OneDrive\Documents\led-driver\BOOST_split_boards\mc7812_lowbatt_2026-10-01\sim\CSS4J.lib
C:\Users\bubba\OneDrive\Documents\led-driver\BOOST_split_boards\mc7812_lowbatt_2026-10-01\sim\TVS_5p0SMDJ.lib
C:\Users\bubba\OneDrive\Documents\led-driver\BOOST_split_boards\mc7812_lowbatt_2026-10-01\sim\UCC21520.lib
C:\Users\bubba\OneDrive\Documents\led-driver\BOOST_split_boards\mc7812_lowbatt_2026-10-01\sim\MC7812.lib

v12min: MIN(V(12V) )=9.73027706146 FROM 0.005 TO 0.04
lxmax: MAX(V(lx))=82.0972976685 FROM 0 TO 0.04
lxafter8: MAX(V(lx) )=60.8456535339 FROM 0.008 TO 0.04
etvs: INTEG(-1)*V(LX)*I(D19)=0.0106248479377 FROM 0 TO 0.04
tcut1: V(N013)=2.5  AT 0.0050500687517
tcut2: V(N013)=2.5  AT 0.00528035856808
tcut3: V(N013)=2.5  AT 0.00550326919398
tcut4: V(N013)=2.5  AT 0.0057602574525
tcut5: V(N013)=2.5  AT 0.0059941424481
trel1: V(N013)=2.5  AT 0.00518635802674
trel2: V(N013)=2.5  AT 0.0054125621908
voccut1: V(PBAT) =12.3000001907 at 0.0050500687517
vincut1: V(vin) =11.2087553209 at 0.0050500687517
v12cut1: V(12V) =9.75875551168 at 0.0050500687517
iled1_10: AVG(I(SIM_LED1) )=2.30105270826 FROM 0.006 TO 0.008
vdda2min: MIN(V(N019)-V(m2_source) )=8.5116520524 FROM 0.005 TO 0.04
vdda3min: MIN(V(N032)-V(m3_source) )=8.45337820053 FROM 0.005 TO 0.04
vdda4min: MIN(V(N040)-V(m4_source) )=8.433157444 FROM 0.005 TO 0.04
